{"type":"FeatureCollection","name":"tranchot","xy_coordinate_resolution":1e-05,"features":[{"type":"Feature","properties":{},"geometry":{"type":"MultiPolygon","coordinates":[[[[6.19713,50.52918],[6.1967,50.52977],[6.19649,50.52988],[6.19649,50.53006],[6.1964,50.53052],[6.19617,50.53109],[6.19617,50.5311],[6.19547,50.53098],[6.19541,50.53097],[6.19537,50.53096],[6.19446,50.53087],[6.19445,50.53087],[6.19406,50.53091],[6.19381,50.53087],[6.1935,50.53086],[6.19317,50.53085],[6.19298,50.53099],[6.19259,50.53091],[6.19258,50.5309],[6.19253,50.5309],[6.19206,50.5308],[6.19127,50.53019],[6.19071,50.52976],[6.18938,50.52874],[6.18934,50.52871],[6.18929,50.52867],[6.18831,50.52791],[6.18729,50.52714],[6.18726,50.5268],[6.18725,50.52671],[6.18724,50.52667],[6.18722,50.5263],[6.18722,50.52629],[6.18719,50.52614],[6.18719,50.52612],[6.18721,50.5261],[6.18723,50.52609],[6.18781,50.52573],[6.1881,50.52555],[6.18824,50.52547],[6.18871,50.52523],[6.18917,50.525],[6.1892,50.52499],[6.18926,50.52496],[6.18928,50.52494],[6.18931,50.52492],[6.18935,50.52488],[6.18937,50.52486],[6.1894,50.52484],[6.18941,50.52483],[6.18956,50.5247],[6.18959,50.52468],[6.18962,50.52466],[6.18971,50.5246],[6.19,50.52441],[6.19002,50.52436],[6.19003,50.52434],[6.19009,50.52419],[6.19014,50.52415],[6.19016,50.52413],[6.19023,50.52406],[6.19027,50.52402],[6.19038,50.52378],[6.19041,50.52343],[6.19052,50.52314],[6.19055,50.52292],[6.19056,50.52282],[6.19056,50.52281],[6.19057,50.52273],[6.19064,50.52269],[6.19066,50.52267],[6.19082,50.52256],[6.19085,50.52252],[6.19091,50.52245],[6.19105,50.52234],[6.19105,50.52218],[6.19105,50.52206],[6.19101,50.52201],[6.19109,50.52194],[6.19113,50.52191],[6.19117,50.52188],[6.19121,50.52181],[6.19126,50.52173],[6.19143,50.52162],[6.19157,50.52151],[6.19174,50.52133],[6.19182,50.52132],[6.19183,50.5213],[6.19184,50.52129],[6.19187,50.52124],[6.19206,50.52099],[6.19209,50.52099],[6.19209,50.52094],[6.19211,50.52093],[6.19212,50.52091],[6.19215,50.52092],[6.19248,50.52099],[6.19257,50.521],[6.19282,50.52105],[6.19304,50.52108],[6.19318,50.5211],[6.19323,50.5211],[6.1934,50.52113],[6.19346,50.52113],[6.194,50.52119],[6.19424,50.52121],[6.19436,50.52122],[6.19457,50.52124],[6.19463,50.52125],[6.19475,50.52125],[6.19478,50.52125],[6.19518,50.52127],[6.19523,50.52128],[6.19595,50.5213],[6.19597,50.5213],[6.19604,50.52131],[6.19665,50.52131],[6.19679,50.52131],[6.19714,50.52131],[6.19738,50.52131],[6.19754,50.52131],[6.19813,50.5213],[6.19858,50.52128],[6.1987,50.52128],[6.19875,50.52128],[6.19894,50.52127],[6.19898,50.52126],[6.19905,50.52126],[6.19971,50.52122],[6.19973,50.52122],[6.20017,50.52119],[6.20021,50.52118],[6.20026,50.52118],[6.20055,50.52115],[6.20068,50.52114],[6.20072,50.52113],[6.20075,50.52113],[6.20078,50.52113],[6.2009,50.5211],[6.20096,50.52109],[6.20128,50.52099],[6.20158,50.52092],[6.20188,50.52088],[6.20213,50.52087],[6.2023,50.52087],[6.20252,50.52088],[6.20262,50.52088],[6.20276,50.52089],[6.20361,50.52093],[6.20416,50.52095],[6.20419,50.52095],[6.20455,50.52097],[6.20458,50.52097],[6.20507,50.521],[6.2051,50.521],[6.20514,50.521],[6.20523,50.52101],[6.20528,50.52101],[6.2053,50.52101],[6.20545,50.52102],[6.20547,50.52102],[6.20597,50.52104],[6.20601,50.52101],[6.20606,50.52097],[6.20609,50.52095],[6.20626,50.52122],[6.20628,50.52121],[6.20645,50.52149],[6.20653,50.52158],[6.20664,50.52164],[6.20661,50.52169],[6.20656,50.52175],[6.20655,50.52176],[6.20664,50.52248],[6.20662,50.52251],[6.20649,50.52268],[6.20649,50.52273],[6.20658,50.52299],[6.20653,50.52307],[6.2065,50.52314],[6.20636,50.52338],[6.20631,50.52346],[6.20616,50.52369],[6.20594,50.52396],[6.20587,50.52399],[6.20579,50.52403],[6.20566,50.52395],[6.20541,50.52432],[6.2054,50.52436],[6.20538,50.5244],[6.20526,50.5245],[6.20513,50.52459],[6.20472,50.52493],[6.20437,50.5252],[6.20423,50.52531],[6.204,50.52546],[6.20393,50.52551],[6.20399,50.52553],[6.20366,50.52575],[6.20287,50.5261],[6.20271,50.52615],[6.20244,50.52624],[6.20233,50.52627],[6.20222,50.5263],[6.20219,50.52631],[6.202,50.52635],[6.2018,50.5264],[6.20173,50.5264],[6.20164,50.52642],[6.20152,50.52643],[6.20132,50.52645],[6.20103,50.52654],[6.20087,50.5265],[6.20081,50.52652],[6.20076,50.52653],[6.20055,50.5266],[6.20042,50.52663],[6.20035,50.52665],[6.2003,50.52667],[6.20027,50.52668],[6.20013,50.52672],[6.20003,50.52678],[6.19999,50.5268],[6.19991,50.52686],[6.19987,50.52688],[6.19981,50.52692],[6.19942,50.52704],[6.19884,50.52729],[6.19854,50.52747],[6.19819,50.52776],[6.19798,50.52786],[6.19786,50.52799],[6.1979,50.52807],[6.19763,50.52837],[6.19727,50.52891],[6.19708,50.52899],[6.19713,50.52918]]],[[[6.19618,50.53111],[6.19617,50.5311],[6.19618,50.5311],[6.19618,50.53111]]],[[[6.23954,50.585],[6.23981,50.58561],[6.23974,50.58564],[6.23977,50.58568],[6.23982,50.58567],[6.23995,50.58596],[6.24011,50.58628],[6.24035,50.58668],[6.24055,50.58702],[6.24055,50.58703],[6.24056,50.58704],[6.24057,50.58706],[6.23965,50.58733],[6.23915,50.58747],[6.23863,50.58762],[6.23857,50.58763],[6.23853,50.58764],[6.23851,50.58765],[6.23845,50.58767],[6.23711,50.58805],[6.23652,50.58822],[6.23637,50.58826],[6.23634,50.58827],[6.2342,50.5889],[6.23346,50.5891],[6.23275,50.58932],[6.2319,50.58953],[6.2313,50.58967],[6.23099,50.58975],[6.22997,50.59001],[6.229,50.59025],[6.22898,50.59026],[6.22896,50.59026],[6.22892,50.59026],[6.22891,50.59027],[6.2289,50.59027],[6.22696,50.59036],[6.22588,50.59044],[6.22574,50.59044],[6.22534,50.59046],[6.22532,50.59046],[6.22527,50.59046],[6.22526,50.59046],[6.22522,50.5904],[6.22501,50.58994],[6.22487,50.58958],[6.22472,50.58916],[6.22469,50.58913],[6.22465,50.58908],[6.22462,50.58905],[6.22427,50.58873],[6.22421,50.58866],[6.22418,50.58862],[6.22396,50.58825],[6.22385,50.5881],[6.22378,50.58802],[6.22319,50.58756],[6.22306,50.58746],[6.22259,50.58693],[6.22258,50.5869],[6.22256,50.58685],[6.22253,50.58649],[6.22253,50.58643],[6.22262,50.58598],[6.22263,50.58596],[6.22253,50.58561],[6.22225,50.58452],[6.22147,50.5839],[6.2209,50.58323],[6.22038,50.58276],[6.22031,50.58267],[6.22026,50.58261],[6.21965,50.58166],[6.21962,50.58164],[6.21858,50.58096],[6.21761,50.58068],[6.21752,50.58065],[6.21749,50.58063],[6.21738,50.58053],[6.21707,50.58023],[6.21706,50.58022],[6.21609,50.5796],[6.21448,50.57884],[6.21394,50.57864],[6.212,50.5779],[6.21194,50.57787],[6.21187,50.57784],[6.21175,50.57776],[6.21118,50.57749],[6.21059,50.5772],[6.21054,50.57719],[6.20895,50.5767],[6.20867,50.57661],[6.20825,50.57643],[6.20815,50.57639],[6.20764,50.57616],[6.20762,50.57615],[6.20625,50.57621],[6.20598,50.57501],[6.20669,50.57472],[6.20674,50.5747],[6.20667,50.57463],[6.20659,50.57452],[6.20646,50.57437],[6.206,50.57381],[6.20527,50.57352],[6.20528,50.57317],[6.20528,50.57312],[6.20528,50.57305],[6.20526,50.57304],[6.20521,50.57302],[6.20465,50.57275],[6.20409,50.57247],[6.20371,50.57228],[6.2037,50.57216],[6.20374,50.57149],[6.20376,50.57146],[6.20378,50.57145],[6.20386,50.57137],[6.20417,50.5712],[6.20443,50.57107],[6.20451,50.57103],[6.20421,50.5706],[6.20355,50.56983],[6.20335,50.56959],[6.2031,50.56929],[6.2019,50.56889],[6.20131,50.56869],[6.20079,50.56851],[6.19758,50.56744],[6.19601,50.56691],[6.19597,50.5669],[6.19508,50.5666],[6.19504,50.56659],[6.1922,50.56563],[6.19215,50.56562],[6.19215,50.5656],[6.19214,50.56557],[6.19214,50.56555],[6.19213,50.56551],[6.19098,50.56572],[6.18934,50.56603],[6.18934,50.56602],[6.18933,50.56601],[6.18932,50.56599],[6.1888,50.5652],[6.1893,50.56455],[6.18884,50.56425],[6.18861,50.56424],[6.18854,50.56425],[6.18829,50.56432],[6.18826,50.56433],[6.18816,50.56436],[6.18784,50.56442],[6.18775,50.56444],[6.18724,50.56443],[6.18715,50.56442],[6.18684,50.56434],[6.18639,50.56418],[6.18637,50.56416],[6.18603,50.5636],[6.18584,50.56329],[6.18567,50.56318],[6.18554,50.56312],[6.18542,50.56307],[6.18487,50.563],[6.18449,50.56295],[6.18434,50.56293],[6.1843,50.56291],[6.18397,50.56258],[6.18392,50.56237],[6.18391,50.56232],[6.18379,50.56208],[6.18374,50.56199],[6.18371,50.56197],[6.18367,50.56195],[6.18356,50.56191],[6.18348,50.56189],[6.18341,50.56188],[6.18334,50.56187],[6.18311,50.56182],[6.18234,50.56164],[6.18232,50.56163],[6.1823,50.56161],[6.18203,50.56121],[6.18158,50.56077],[6.18138,50.5607],[6.18136,50.56069],[6.17995,50.56015],[6.17993,50.56014],[6.1794,50.55977],[6.17907,50.55954],[6.17901,50.55951],[6.17892,50.55947],[6.17848,50.55927],[6.17836,50.55921],[6.17829,50.55917],[6.17806,50.55903],[6.17782,50.55888],[6.17772,50.55884],[6.17769,50.55883],[6.17674,50.55845],[6.17597,50.55815],[6.17591,50.55813],[6.17587,50.55812],[6.17488,50.55797],[6.17468,50.55793],[6.17466,50.55793],[6.17432,50.55752],[6.17431,50.55749],[6.1743,50.55746],[6.17429,50.55724],[6.1743,50.55709],[6.17429,50.55705],[6.17419,50.55678],[6.17412,50.55649],[6.17407,50.55635],[6.17434,50.55631],[6.17472,50.55628],[6.17527,50.55615],[6.17539,50.55613],[6.17571,50.5561],[6.17594,50.55604],[6.17603,50.55602],[6.17623,50.55586],[6.17641,50.5557],[6.17687,50.55528],[6.17705,50.5551],[6.17722,50.55494],[6.17852,50.55394],[6.17844,50.55156],[6.17843,50.55141],[6.17843,50.55138],[6.1784,50.55023],[6.17838,50.54975],[6.17835,50.54895],[6.17825,50.54605],[6.17822,50.54495],[6.17822,50.54493],[6.17821,50.54466],[6.17818,50.54386],[6.17811,50.54178],[6.1781,50.54155],[6.1781,50.54154],[6.1781,50.54153],[6.1781,50.54152],[6.17815,50.54153],[6.17817,50.54154],[6.17819,50.54155],[6.17824,50.54154],[6.17827,50.54153],[6.17834,50.54153],[6.17837,50.54154],[6.17843,50.54153],[6.17847,50.54151],[6.17858,50.5415],[6.1787,50.54152],[6.17879,50.54152],[6.17889,50.54155],[6.17891,50.54155],[6.17892,50.54155],[6.17894,50.54154],[6.17909,50.5415],[6.1791,50.54148],[6.17913,50.54142],[6.17913,50.54139],[6.17918,50.54138],[6.17919,50.54137],[6.17921,50.54137],[6.17924,50.54139],[6.17927,50.5414],[6.17931,50.54141],[6.17935,50.54143],[6.17936,50.54143],[6.17938,50.54143],[6.17939,50.54143],[6.17942,50.54144],[6.17947,50.5414],[6.17948,50.54136],[6.17953,50.54125],[6.17958,50.54119],[6.17958,50.54117],[6.17977,50.54113],[6.17992,50.54113],[6.17998,50.54116],[6.18002,50.54116],[6.18007,50.54115],[6.18013,50.54112],[6.18014,50.5411],[6.18014,50.54108],[6.18016,50.54107],[6.18024,50.54109],[6.1803,50.54109],[6.18036,50.54106],[6.18039,50.54107],[6.18041,50.54108],[6.18047,50.54109],[6.1805,50.54108],[6.18053,50.54109],[6.18052,50.54106],[6.18057,50.5411],[6.18064,50.5411],[6.18067,50.54112],[6.18072,50.54116],[6.18074,50.54117],[6.18081,50.54118],[6.18085,50.5412],[6.18089,50.54121],[6.18093,50.5412],[6.18102,50.54119],[6.18105,50.54117],[6.18109,50.54113],[6.18115,50.54112],[6.18119,50.54109],[6.18124,50.5411],[6.18132,50.54112],[6.18142,50.54115],[6.1815,50.54115],[6.1816,50.54116],[6.18167,50.54117],[6.18175,50.5412],[6.18187,50.54125],[6.18191,50.54126],[6.18192,50.54127],[6.18199,50.54127],[6.18201,50.54128],[6.18203,50.54128],[6.18209,50.54126],[6.18213,50.54125],[6.18232,50.54127],[6.18238,50.54128],[6.18242,50.54128],[6.18258,50.54136],[6.18263,50.54136],[6.18267,50.54136],[6.18272,50.54138],[6.18275,50.5414],[6.1828,50.54138],[6.18281,50.54135],[6.18282,50.54134],[6.18288,50.54132],[6.18292,50.54133],[6.18296,50.54132],[6.18306,50.54132],[6.18307,50.54133],[6.18321,50.54132],[6.18329,50.54133],[6.18332,50.54135],[6.18337,50.54135],[6.18349,50.54134],[6.18355,50.54136],[6.18357,50.54137],[6.18356,50.54141],[6.18359,50.54142],[6.18364,50.54142],[6.18368,50.54142],[6.18367,50.54145],[6.18368,50.54146],[6.18372,50.54147],[6.18374,50.54148],[6.18381,50.54146],[6.18394,50.54145],[6.18406,50.54144],[6.1841,50.54145],[6.18409,50.54147],[6.18408,50.54148],[6.1841,50.54152],[6.18417,50.54152],[6.18428,50.54151],[6.18442,50.54149],[6.18454,50.54145],[6.18465,50.54146],[6.18467,50.5415],[6.18471,50.54152],[6.18475,50.54151],[6.18748,50.54062],[6.18798,50.54046],[6.188,50.54045],[6.18801,50.54047],[6.18805,50.5405],[6.18807,50.5405],[6.18814,50.54049],[6.1882,50.54049],[6.18824,50.54049],[6.18828,50.5405],[6.18832,50.54049],[6.18838,50.5405],[6.18845,50.54052],[6.18846,50.54053],[6.18846,50.54052],[6.18847,50.54051],[6.18856,50.5404],[6.18877,50.54014],[6.18891,50.53996],[6.18901,50.53985],[6.18905,50.53979],[6.18924,50.53952],[6.18939,50.53931],[6.18942,50.53928],[6.18958,50.53916],[6.1897,50.53908],[6.18983,50.53898],[6.19015,50.53875],[6.19027,50.53868],[6.19046,50.53858],[6.19076,50.53843],[6.19113,50.53825],[6.1915,50.53808],[6.1916,50.53802],[6.19165,50.53799],[6.19187,50.53787],[6.19206,50.53776],[6.1924,50.53757],[6.19256,50.53748],[6.19321,50.53723],[6.19352,50.53711],[6.19396,50.53693],[6.19418,50.53684],[6.19419,50.53684],[6.19463,50.53662],[6.19507,50.5364],[6.19567,50.5361],[6.19655,50.53611],[6.19689,50.53611],[6.19744,50.53626],[6.19725,50.53631],[6.19719,50.53633],[6.19726,50.53642],[6.19767,50.53691],[6.19769,50.53698],[6.1979,50.53721],[6.19776,50.5377],[6.19767,50.53841],[6.19744,50.53854],[6.19749,50.53855],[6.19753,50.53856],[6.19769,50.5386],[6.19789,50.53868],[6.19786,50.53875],[6.19775,50.53917],[6.19753,50.53926],[6.1976,50.53931],[6.19765,50.53935],[6.19774,50.53941],[6.19777,50.53944],[6.19778,50.53949],[6.19779,50.53955],[6.19778,50.53956],[6.19775,50.53962],[6.19777,50.53984],[6.19777,50.53986],[6.19777,50.5399],[6.19778,50.54],[6.19786,50.54008],[6.19798,50.5403],[6.19851,50.5406],[6.19854,50.54064],[6.19865,50.54075],[6.19868,50.54078],[6.19878,50.54105],[6.19954,50.54162],[6.2,50.54207],[6.20023,50.54241],[6.20041,50.54277],[6.20066,50.54328],[6.20131,50.54379],[6.20152,50.54397],[6.20182,50.54413],[6.20204,50.54431],[6.20266,50.54458],[6.20309,50.54473],[6.20388,50.54493],[6.2045,50.54513],[6.20527,50.54534],[6.20593,50.54561],[6.2058,50.54573],[6.20577,50.54575],[6.2058,50.54576],[6.20595,50.54584],[6.20609,50.5459],[6.20633,50.54605],[6.20665,50.54633],[6.2069,50.54658],[6.20707,50.54686],[6.20708,50.54688],[6.20709,50.54688],[6.20713,50.54689],[6.20714,50.54689],[6.20719,50.54691],[6.20728,50.54733],[6.20738,50.54777],[6.20752,50.54839],[6.20744,50.54839],[6.20746,50.54874],[6.20751,50.54877],[6.20755,50.54895],[6.20753,50.54904],[6.20756,50.54912],[6.20769,50.54934],[6.20775,50.54944],[6.20781,50.54953],[6.20801,50.54974],[6.2082,50.54994],[6.20838,50.55009],[6.20831,50.55013],[6.20843,50.55021],[6.20853,50.55033],[6.20889,50.55072],[6.20928,50.55127],[6.20939,50.55154],[6.20944,50.5517],[6.20939,50.5517],[6.20937,50.55177],[6.20933,50.55187],[6.20939,50.55204],[6.20937,50.5522],[6.20935,50.55235],[6.20935,50.55265],[6.2094,50.55299],[6.20945,50.55321],[6.20949,50.55334],[6.20964,50.55321],[6.20973,50.5533],[6.20957,50.55344],[6.20958,50.55353],[6.20959,50.55358],[6.20959,50.55359],[6.20962,50.55376],[6.20996,50.55395],[6.2101,50.55406],[6.20998,50.5541],[6.21004,50.55418],[6.21019,50.55442],[6.21051,50.55472],[6.21054,50.55475],[6.21058,50.55477],[6.2106,50.55479],[6.21062,50.5548],[6.2109,50.55498],[6.2113,50.55517],[6.21152,50.55526],[6.2117,50.55533],[6.21204,50.55547],[6.21237,50.55558],[6.21243,50.55551],[6.21277,50.55576],[6.21281,50.5558],[6.21281,50.55581],[6.21285,50.55585],[6.21297,50.55589],[6.21301,50.55591],[6.21303,50.55591],[6.21304,50.55592],[6.21344,50.55605],[6.21343,50.55607],[6.21367,50.5561],[6.21368,50.55622],[6.21385,50.55628],[6.21429,50.55642],[6.21469,50.55651],[6.21517,50.55656],[6.21543,50.55658],[6.21573,50.55661],[6.21576,50.55652],[6.2162,50.55653],[6.21678,50.55652],[6.21697,50.5565],[6.2173,50.55646],[6.21751,50.55642],[6.21777,50.55637],[6.21778,50.55637],[6.21785,50.55637],[6.21786,50.55637],[6.21788,50.55637],[6.21793,50.55637],[6.21801,50.55637],[6.21811,50.5563],[6.21824,50.55625],[6.21859,50.55606],[6.21875,50.55594],[6.21878,50.55594],[6.21882,50.55593],[6.21889,50.55592],[6.21894,50.55595],[6.21928,50.55579],[6.2197,50.5556],[6.21998,50.55545],[6.22029,50.55531],[6.22058,50.55523],[6.22112,50.55508],[6.22165,50.55499],[6.22196,50.55496],[6.22235,50.55495],[6.22274,50.55496],[6.2232,50.555],[6.22379,50.55512],[6.22381,50.55512],[6.22382,50.55513],[6.22385,50.55513],[6.22388,50.55514],[6.22414,50.55522],[6.22448,50.55533],[6.22476,50.55545],[6.22479,50.55546],[6.22483,50.55548],[6.22485,50.55549],[6.22496,50.55553],[6.2252,50.55565],[6.22539,50.55563],[6.2256,50.55579],[6.22589,50.55606],[6.22608,50.55633],[6.22627,50.55673],[6.22634,50.55697],[6.22637,50.55702],[6.22646,50.55718],[6.22646,50.55719],[6.22655,50.55756],[6.22646,50.55765],[6.22644,50.55784],[6.22644,50.55788],[6.22645,50.55828],[6.2264,50.55882],[6.22635,50.55934],[6.22623,50.55976],[6.22628,50.55976],[6.22627,50.55992],[6.22629,50.56019],[6.22634,50.56064],[6.22644,50.56098],[6.22658,50.56101],[6.22679,50.56137],[6.22685,50.56148],[6.22682,50.56166],[6.22692,50.5618],[6.22694,50.56198],[6.22695,50.56214],[6.22694,50.56222],[6.22679,50.56233],[6.22662,50.56234],[6.22679,50.56239],[6.22682,50.5624],[6.22686,50.56241],[6.22695,50.56244],[6.22713,50.5625],[6.22706,50.56241],[6.22705,50.56226],[6.22706,50.56222],[6.22719,50.56209],[6.22732,50.56213],[6.22751,50.56232],[6.2278,50.56253],[6.22807,50.56269],[6.22838,50.56284],[6.22851,50.56289],[6.22853,50.56291],[6.22854,50.56293],[6.22855,50.56295],[6.22856,50.56295],[6.22857,50.56296],[6.22877,50.56307],[6.22889,50.56314],[6.22909,50.56324],[6.22912,50.56326],[6.22925,50.56333],[6.22929,50.56336],[6.2294,50.56346],[6.22945,50.56349],[6.22946,50.56355],[6.22947,50.56356],[6.2298,50.56371],[6.23002,50.56381],[6.23045,50.56401],[6.23057,50.56406],[6.2307,50.56412],[6.23096,50.56424],[6.23165,50.5645],[6.23166,50.56452],[6.23179,50.56458],[6.23189,50.56462],[6.23209,50.56465],[6.23225,50.56471],[6.23227,50.56471],[6.23229,50.56471],[6.23236,50.56472],[6.23254,50.56481],[6.23276,50.56493],[6.23284,50.56494],[6.23292,50.56495],[6.23319,50.56492],[6.23377,50.56519],[6.23389,50.56518],[6.23397,50.56517],[6.23405,50.56513],[6.23425,50.56504],[6.23429,50.56506],[6.23432,50.56508],[6.23437,50.56511],[6.23438,50.56522],[6.23421,50.56533],[6.23409,50.56537],[6.23384,50.56541],[6.23359,50.56535],[6.23324,50.56513],[6.23312,50.56508],[6.23297,50.5651],[6.2331,50.56513],[6.23341,50.56539],[6.2335,50.56544],[6.23361,50.56548],[6.2338,50.5655],[6.23407,50.56549],[6.23432,50.56541],[6.23445,50.56534],[6.2345,50.56538],[6.23517,50.56599],[6.23546,50.56632],[6.23564,50.56661],[6.23579,50.56701],[6.23591,50.56743],[6.23608,50.56755],[6.23599,50.56786],[6.23592,50.56815],[6.23592,50.56817],[6.2359,50.56825],[6.2359,50.5683],[6.23596,50.56868],[6.23602,50.56886],[6.23604,50.56907],[6.236,50.56909],[6.23601,50.56929],[6.23602,50.56957],[6.23597,50.56987],[6.23592,50.56988],[6.2359,50.57056],[6.23588,50.57056],[6.23589,50.57082],[6.2359,50.57117],[6.2359,50.57122],[6.23609,50.57116],[6.23608,50.57117],[6.23608,50.57119],[6.23608,50.57123],[6.23606,50.57143],[6.23606,50.57173],[6.23606,50.57174],[6.23606,50.57193],[6.23609,50.57215],[6.23611,50.57233],[6.23615,50.57247],[6.23635,50.57287],[6.23645,50.57302],[6.23683,50.57345],[6.23686,50.57347],[6.2371,50.57378],[6.23738,50.57405],[6.23723,50.57412],[6.23738,50.57432],[6.23739,50.57433],[6.2374,50.57433],[6.23743,50.57434],[6.23771,50.57474],[6.23787,50.57496],[6.2379,50.57499],[6.23793,50.57502],[6.23796,50.57506],[6.23798,50.57508],[6.23797,50.57508],[6.23795,50.57513],[6.23802,50.57517],[6.23825,50.57566],[6.23841,50.57563],[6.23869,50.57619],[6.23872,50.57625],[6.23889,50.57661],[6.23884,50.57669],[6.2388,50.5767],[6.23897,50.57721],[6.23909,50.57766],[6.23925,50.57765],[6.23929,50.578],[6.23929,50.57831],[6.23927,50.57868],[6.23926,50.57885],[6.23926,50.57886],[6.23926,50.57887],[6.23925,50.57889],[6.23923,50.57903],[6.23923,50.57908],[6.2392,50.57927],[6.23911,50.57969],[6.23906,50.58003],[6.23898,50.58032],[6.23896,50.58037],[6.23896,50.58038],[6.23893,50.58074],[6.23891,50.58105],[6.23891,50.58119],[6.23886,50.58121],[6.23888,50.58159],[6.23896,50.58205],[6.23907,50.58263],[6.23917,50.58321],[6.23926,50.58376],[6.23937,50.5843],[6.23937,50.58431],[6.23937,50.58433],[6.23941,50.58433],[6.23942,50.58434],[6.23944,50.58455],[6.23926,50.58464],[6.23944,50.58494],[6.23954,50.585]]],[[[6.24727,50.59705],[6.2474,50.59702],[6.24802,50.59687],[6.24821,50.59682],[6.24821,50.59683],[6.24846,50.59752],[6.24851,50.59767],[6.24849,50.59789],[6.24792,50.59799],[6.24791,50.598],[6.24786,50.59803],[6.24779,50.59806],[6.24765,50.59808],[6.2476,50.5981],[6.24745,50.59813],[6.24726,50.59816],[6.24716,50.59818],[6.24711,50.59819],[6.24699,50.59822],[6.24677,50.59823],[6.24674,50.59823],[6.24619,50.59737],[6.24651,50.59725],[6.24654,50.59728],[6.24665,50.59723],[6.24678,50.59718],[6.24695,50.59713],[6.24727,50.59705]]],[[[6.24534,50.6265],[6.24648,50.62655],[6.24755,50.62659],[6.24897,50.62666],[6.24994,50.62671],[6.25182,50.6268],[6.25238,50.62683],[6.25351,50.62688],[6.25408,50.6269],[6.25493,50.62694],[6.25514,50.62695],[6.25538,50.62696],[6.25563,50.627],[6.25588,50.62705],[6.2561,50.6271],[6.25631,50.62715],[6.25683,50.6273],[6.25729,50.62743],[6.25781,50.62758],[6.25814,50.62767],[6.25859,50.62779],[6.2589,50.62788],[6.25902,50.62788],[6.26016,50.6282],[6.26105,50.62844],[6.26163,50.62824],[6.26213,50.62806],[6.26214,50.62806],[6.26264,50.62796],[6.26285,50.62793],[6.2634,50.62782],[6.26399,50.62771],[6.26419,50.62767],[6.26486,50.62754],[6.26562,50.62739],[6.26625,50.62727],[6.2667,50.62718],[6.26681,50.62716],[6.26689,50.62708],[6.26699,50.62686],[6.26703,50.62672],[6.26724,50.62653],[6.26763,50.62626],[6.26839,50.62556],[6.26891,50.62537],[6.26928,50.62524],[6.26931,50.62532],[6.26931,50.62535],[6.26931,50.6254],[6.26931,50.62543],[6.26931,50.62549],[6.26943,50.6257],[6.26948,50.62579],[6.26963,50.62598],[6.26989,50.62625],[6.27023,50.62649],[6.27051,50.62667],[6.27087,50.62686],[6.27121,50.62706],[6.27157,50.62729],[6.27169,50.62737],[6.27184,50.62746],[6.27207,50.6276],[6.27211,50.62761],[6.27216,50.62762],[6.27207,50.6277],[6.27254,50.62799],[6.27298,50.6283],[6.27325,50.62858],[6.27319,50.6286],[6.27322,50.62864],[6.27335,50.62883],[6.27346,50.62899],[6.27347,50.62901],[6.27353,50.62918],[6.2736,50.62939],[6.27361,50.62946],[6.27364,50.62961],[6.27365,50.62962],[6.27381,50.62976],[6.27381,50.6298],[6.27381,50.62982],[6.27381,50.62984],[6.27382,50.62992],[6.27373,50.62984],[6.27365,50.62993],[6.27358,50.63029],[6.27344,50.63059],[6.27339,50.63066],[6.27329,50.63081],[6.27319,50.63096],[6.27314,50.63103],[6.27308,50.63118],[6.27301,50.63129],[6.27303,50.6313],[6.27304,50.6313],[6.27298,50.63138],[6.27299,50.6314],[6.27286,50.63154],[6.27276,50.63165],[6.27275,50.63166],[6.27273,50.63168],[6.27265,50.63176],[6.27262,50.63177],[6.2726,50.6318],[6.27258,50.63183],[6.27245,50.63199],[6.27221,50.63233],[6.27204,50.63256],[6.27171,50.63293],[6.27151,50.63317],[6.27141,50.63332],[6.27115,50.63376],[6.27099,50.63402],[6.27069,50.63447],[6.27032,50.63501],[6.27008,50.63538],[6.26941,50.63641],[6.26912,50.63682],[6.26911,50.63684],[6.26903,50.63698],[6.26891,50.63726],[6.26883,50.6374],[6.26879,50.63748],[6.26873,50.6376],[6.26866,50.63771],[6.26863,50.63775],[6.26857,50.63786],[6.26844,50.63811],[6.26823,50.63851],[6.26822,50.63854],[6.26818,50.63864],[6.2679,50.63909],[6.26789,50.63912],[6.26786,50.63917],[6.26785,50.63918],[6.26778,50.63929],[6.26745,50.63975],[6.26729,50.63999],[6.26714,50.64022],[6.26702,50.64039],[6.26699,50.64044],[6.26685,50.64066],[6.26671,50.64088],[6.26667,50.64094],[6.26653,50.64102],[6.2665,50.64107],[6.26637,50.64127],[6.26633,50.64133],[6.2662,50.64147],[6.26606,50.64162],[6.26601,50.64166],[6.26584,50.64182],[6.26563,50.642],[6.26554,50.64206],[6.26549,50.6421],[6.26526,50.64223],[6.26496,50.64239],[6.26472,50.6425],[6.26457,50.64257],[6.26428,50.64268],[6.2641,50.64273],[6.26372,50.64283],[6.26291,50.64299],[6.26271,50.64304],[6.26212,50.64303],[6.26163,50.64298],[6.26157,50.64298],[6.26109,50.64293],[6.26061,50.64286],[6.2601,50.64274],[6.25957,50.64255],[6.25943,50.64251],[6.25938,50.64249],[6.25936,50.64249],[6.2588,50.64232],[6.25819,50.64212],[6.2575,50.64187],[6.25692,50.64171],[6.25637,50.6416],[6.25589,50.64151],[6.25532,50.64141],[6.25474,50.64131],[6.25447,50.64127],[6.25364,50.64115],[6.25282,50.64102],[6.25197,50.64088],[6.25154,50.64081],[6.25149,50.64081],[6.25115,50.64075],[6.25029,50.64061],[6.2495,50.64048],[6.24899,50.64041],[6.24858,50.64037],[6.24854,50.64036],[6.24836,50.64034],[6.24787,50.64031],[6.24726,50.64031],[6.24665,50.64033],[6.24606,50.6404],[6.24552,50.64048],[6.24502,50.64058],[6.24445,50.64072],[6.24394,50.64089],[6.24333,50.64113],[6.24291,50.64133],[6.24253,50.64154],[6.24222,50.64174],[6.24221,50.64175],[6.24203,50.64186],[6.24166,50.64216],[6.24119,50.64258],[6.2407,50.643],[6.24032,50.64327],[6.23992,50.64349],[6.23951,50.64367],[6.23892,50.64389],[6.23832,50.6441],[6.23779,50.64431],[6.23729,50.64456],[6.23693,50.6448],[6.23684,50.64486],[6.23648,50.64513],[6.2362,50.64544],[6.23595,50.64577],[6.23566,50.64627],[6.23539,50.64675],[6.23518,50.64711],[6.23495,50.64742],[6.23467,50.64771],[6.23429,50.648],[6.23394,50.64822],[6.23349,50.64846],[6.23306,50.64862],[6.23256,50.64877],[6.23205,50.64887],[6.23161,50.64893],[6.23108,50.64897],[6.23041,50.64897],[6.2299,50.64893],[6.22939,50.64885],[6.22884,50.64871],[6.22837,50.64855],[6.22794,50.64837],[6.22759,50.64818],[6.22725,50.64796],[6.22693,50.6477],[6.22664,50.6474],[6.22641,50.64709],[6.22623,50.64674],[6.22613,50.64644],[6.22608,50.64608],[6.22608,50.64575],[6.22616,50.64532],[6.22626,50.64482],[6.22628,50.64469],[6.22628,50.64465],[6.22631,50.64447],[6.22628,50.64405],[6.22619,50.64368],[6.22605,50.64334],[6.22581,50.64297],[6.22548,50.64259],[6.22501,50.64215],[6.2246,50.64177],[6.22418,50.64145],[6.22383,50.64123],[6.22341,50.641],[6.22314,50.64087],[6.2231,50.64085],[6.22292,50.64077],[6.22242,50.6406],[6.22178,50.64043],[6.22115,50.64032],[6.22075,50.64028],[6.21989,50.64021],[6.21957,50.64019],[6.21908,50.64016],[6.21907,50.64017],[6.21902,50.64023],[6.21879,50.64022],[6.21844,50.6402],[6.21838,50.64015],[6.21817,50.64014],[6.21786,50.64012],[6.21766,50.64011],[6.21772,50.64016],[6.21718,50.64012],[6.21709,50.64011],[6.21688,50.64009],[6.21683,50.64008],[6.21681,50.64008],[6.21678,50.64008],[6.21659,50.64008],[6.21623,50.64006],[6.21613,50.64005],[6.21564,50.64004],[6.21542,50.64004],[6.21534,50.64004],[6.21507,50.64004],[6.21494,50.64004],[6.21464,50.64005],[6.21417,50.64005],[6.21348,50.64005],[6.21332,50.64006],[6.2133,50.64006],[6.21326,50.64006],[6.21314,50.64006],[6.2128,50.64006],[6.21251,50.64004],[6.21242,50.64003],[6.2121,50.64001],[6.21196,50.64],[6.21138,50.63995],[6.2113,50.63994],[6.21126,50.63993],[6.21123,50.63993],[6.21114,50.63992],[6.21112,50.63992],[6.21108,50.63992],[6.21102,50.63991],[6.21069,50.63989],[6.21066,50.63991],[6.21045,50.63989],[6.20987,50.63984],[6.20922,50.63979],[6.20858,50.63974],[6.20787,50.6397],[6.20755,50.63967],[6.20737,50.63967],[6.20726,50.63968],[6.207,50.63965],[6.20623,50.63958],[6.20545,50.63952],[6.20508,50.6395],[6.20493,50.63949],[6.20496,50.63938],[6.20462,50.63935],[6.20409,50.63931],[6.20366,50.6393],[6.20355,50.63932],[6.20346,50.63934],[6.20341,50.63937],[6.20332,50.63941],[6.20297,50.63941],[6.20295,50.63932],[6.2025,50.63937],[6.20253,50.63945],[6.20245,50.63947],[6.20243,50.63948],[6.20235,50.6395],[6.20232,50.63951],[6.2023,50.63951],[6.20232,50.63944],[6.20234,50.63939],[6.20232,50.63939],[6.20223,50.63941],[6.20214,50.63942],[6.20192,50.63947],[6.20161,50.63954],[6.20121,50.63967],[6.20117,50.63978],[6.20083,50.63989],[6.20055,50.64],[6.20013,50.64016],[6.20008,50.64018],[6.19986,50.64027],[6.19944,50.64043],[6.1994,50.64044],[6.19919,50.6405],[6.19902,50.64056],[6.19887,50.6406],[6.19869,50.64066],[6.19827,50.64074],[6.19783,50.64078],[6.19775,50.64078],[6.19769,50.64078],[6.19757,50.64079],[6.19743,50.64082],[6.19701,50.64083],[6.19686,50.64083],[6.19667,50.64083],[6.19661,50.64083],[6.19612,50.64079],[6.1961,50.64071],[6.1958,50.64066],[6.19524,50.64059],[6.1944,50.64036],[6.19429,50.64041],[6.19426,50.6404],[6.19423,50.64039],[6.19418,50.64037],[6.19414,50.64036],[6.19408,50.64034],[6.19413,50.64031],[6.19423,50.64025],[6.19407,50.64011],[6.19368,50.64008],[6.19358,50.64005],[6.19334,50.63997],[6.19327,50.63995],[6.19315,50.63989],[6.19267,50.63975],[6.19234,50.63967],[6.19214,50.63964],[6.19198,50.63961],[6.19185,50.63959],[6.19166,50.63957],[6.19134,50.63953],[6.19114,50.63965],[6.19104,50.63964],[6.19096,50.63963],[6.19087,50.63963],[6.19046,50.63961],[6.18986,50.63964],[6.18985,50.63962],[6.18975,50.63963],[6.18971,50.63963],[6.18958,50.63964],[6.18925,50.63967],[6.18905,50.6397],[6.18904,50.63969],[6.18903,50.63969],[6.18901,50.6397],[6.18898,50.63971],[6.1889,50.63974],[6.18883,50.63976],[6.18881,50.63976],[6.18842,50.63984],[6.18825,50.63989],[6.18788,50.63998],[6.18776,50.64001],[6.18768,50.64003],[6.18766,50.64003],[6.1876,50.64005],[6.18752,50.64007],[6.18733,50.64013],[6.1873,50.64014],[6.18723,50.64016],[6.18701,50.64022],[6.18698,50.64023],[6.18697,50.64023],[6.18681,50.64029],[6.18678,50.6403],[6.18653,50.6404],[6.18652,50.6404],[6.18626,50.64052],[6.18588,50.64072],[6.18533,50.64107],[6.18524,50.64115],[6.18496,50.64145],[6.18473,50.6417],[6.18456,50.64199],[6.18441,50.64227],[6.18423,50.64268],[6.18408,50.64317],[6.18393,50.64374],[6.18392,50.64378],[6.18391,50.64381],[6.1838,50.64423],[6.18372,50.64454],[6.18368,50.64463],[6.18364,50.64471],[6.18356,50.64503],[6.18351,50.6452],[6.18348,50.64533],[6.18336,50.64587],[6.18334,50.6462],[6.18338,50.64622],[6.1834,50.64641],[6.18345,50.64669],[6.18352,50.64691],[6.18353,50.64697],[6.18338,50.64698],[6.18302,50.64697],[6.18287,50.64697],[6.18248,50.64697],[6.18234,50.64695],[6.18226,50.64694],[6.18156,50.6466],[6.18127,50.64643],[6.18118,50.64637],[6.18088,50.64616],[6.18086,50.64614],[6.18079,50.64606],[6.18078,50.64605],[6.18025,50.64565],[6.17954,50.64511],[6.17866,50.64444],[6.1786,50.64439],[6.17856,50.64436],[6.17852,50.64433],[6.17844,50.6444],[6.1783,50.64455],[6.17811,50.64469],[6.17801,50.64477],[6.17778,50.64477],[6.17755,50.64473],[6.17737,50.64468],[6.17721,50.64462],[6.17713,50.64455],[6.17703,50.64446],[6.17694,50.64438],[6.17695,50.64435],[6.17685,50.64423],[6.17661,50.64416],[6.17644,50.6441],[6.17633,50.64407],[6.17623,50.64404],[6.17608,50.64405],[6.17593,50.64409],[6.17588,50.64412],[6.17564,50.64427],[6.17554,50.64436],[6.17532,50.64473],[6.17521,50.64482],[6.17505,50.64489],[6.1749,50.64486],[6.17467,50.64476],[6.17451,50.64465],[6.17434,50.64454],[6.1742,50.64449],[6.17409,50.64447],[6.17348,50.6443],[6.173,50.64409],[6.17289,50.64404],[6.17265,50.644],[6.1725,50.64399],[6.17239,50.64401],[6.17214,50.64408],[6.17211,50.6441],[6.17196,50.64429],[6.17183,50.64445],[6.17165,50.64459],[6.17154,50.64463],[6.17128,50.64471],[6.17104,50.6447],[6.17081,50.64464],[6.17,50.64471],[6.16977,50.64468],[6.16965,50.64464],[6.16958,50.64454],[6.16937,50.64446],[6.16889,50.64442],[6.16831,50.64438],[6.16819,50.64436],[6.16817,50.64435],[6.16814,50.64429],[6.16819,50.64423],[6.16828,50.64417],[6.1683,50.6441],[6.16824,50.64407],[6.16809,50.64406],[6.16791,50.64406],[6.16772,50.64401],[6.16739,50.64388],[6.16714,50.64377],[6.16669,50.64362],[6.16671,50.6436],[6.16672,50.64358],[6.16702,50.6434],[6.16725,50.64326],[6.16736,50.64318],[6.1674,50.64315],[6.16741,50.64315],[6.16742,50.64314],[6.16743,50.64313],[6.16764,50.64297],[6.16772,50.64292],[6.16827,50.64249],[6.16868,50.64219],[6.16929,50.64173],[6.16933,50.64171],[6.16938,50.64168],[6.16966,50.64147],[6.17014,50.64112],[6.17108,50.64038],[6.17149,50.64005],[6.17223,50.63951],[6.17281,50.63909],[6.17292,50.63902],[6.1731,50.63889],[6.17312,50.63888],[6.17353,50.63857],[6.17397,50.63824],[6.17477,50.63764],[6.17561,50.63702],[6.17602,50.6367],[6.17614,50.63661],[6.17733,50.63571],[6.17739,50.63568],[6.17741,50.63567],[6.17744,50.63565],[6.17784,50.63534],[6.17823,50.63505],[6.17845,50.63489],[6.17895,50.63451],[6.17912,50.63438],[6.17918,50.63433],[6.1794,50.63418],[6.1796,50.63402],[6.18002,50.63371],[6.18009,50.63366],[6.18034,50.63348],[6.18061,50.63327],[6.18084,50.63309],[6.18333,50.63215],[6.18318,50.63193],[6.18216,50.63078],[6.1821,50.6307],[6.18137,50.62994],[6.18065,50.62918],[6.18001,50.62854],[6.17974,50.62841],[6.17955,50.62832],[6.17945,50.62827],[6.17908,50.62819],[6.17822,50.62798],[6.17607,50.62748],[6.17572,50.62739],[6.17607,50.62654],[6.17609,50.62648],[6.17638,50.62577],[6.17644,50.62574],[6.1772,50.62547],[6.17772,50.62528],[6.17787,50.62522],[6.17853,50.62498],[6.17892,50.62484],[6.17965,50.62458],[6.17988,50.62449],[6.18021,50.62437],[6.18094,50.62411],[6.18107,50.62406],[6.18167,50.62385],[6.18174,50.62382],[6.1818,50.6238],[6.18393,50.62534],[6.18606,50.62687],[6.18619,50.62694],[6.18637,50.62682],[6.18844,50.62743],[6.18776,50.62874],[6.18763,50.62898],[6.18727,50.62969],[6.18704,50.63012],[6.18719,50.63012],[6.18786,50.63012],[6.18829,50.63012],[6.18877,50.63011],[6.18899,50.63011],[6.18937,50.63011],[6.18999,50.63084],[6.19001,50.63087],[6.19003,50.63089],[6.19004,50.6309],[6.19039,50.63131],[6.19075,50.63174],[6.19077,50.63176],[6.19079,50.63179],[6.19081,50.63182],[6.19178,50.63295],[6.19179,50.63297],[6.19182,50.633],[6.19184,50.63302],[6.19214,50.63313],[6.19322,50.63354],[6.19383,50.63376],[6.19404,50.63384],[6.19414,50.63388],[6.19415,50.63388],[6.1942,50.6339],[6.19423,50.63386],[6.19425,50.63381],[6.19429,50.63374],[6.19442,50.63362],[6.19451,50.63355],[6.19463,50.63347],[6.19479,50.63338],[6.19493,50.63332],[6.19517,50.6332],[6.19521,50.63318],[6.19532,50.63313],[6.19541,50.6331],[6.19552,50.63306],[6.19559,50.63303],[6.19576,50.63299],[6.19595,50.63294],[6.19611,50.6329],[6.19648,50.6328],[6.19669,50.63274],[6.19681,50.63271],[6.19683,50.63274],[6.19686,50.63278],[6.19696,50.63284],[6.19718,50.63294],[6.19756,50.6328],[6.1981,50.63261],[6.19886,50.63233],[6.19887,50.63233],[6.19878,50.63226],[6.19903,50.63189],[6.19908,50.63187],[6.19915,50.6319],[6.19922,50.6319],[6.19931,50.63188],[6.19934,50.6318],[6.19939,50.63174],[6.1995,50.63166],[6.19951,50.63164],[6.19952,50.6316],[6.1996,50.63143],[6.19974,50.63142],[6.20001,50.63144],[6.20003,50.63144],[6.20017,50.63144],[6.20032,50.63146],[6.20061,50.63143],[6.2008,50.63143],[6.20082,50.63143],[6.20107,50.63176],[6.20153,50.63229],[6.20174,50.63232],[6.20281,50.63242],[6.20283,50.63242],[6.20291,50.63244],[6.20347,50.63233],[6.20395,50.63214],[6.20485,50.63191],[6.20487,50.6319],[6.20491,50.63189],[6.2053,50.63182],[6.20574,50.63173],[6.20662,50.63156],[6.2073,50.6314],[6.20733,50.6314],[6.20801,50.63124],[6.20856,50.63186],[6.20976,50.63142],[6.20986,50.63138],[6.21083,50.63104],[6.21094,50.63108],[6.21198,50.63147],[6.21295,50.63185],[6.21299,50.63186],[6.21304,50.63188],[6.21305,50.63189],[6.21358,50.63172],[6.21363,50.6317],[6.214,50.63157],[6.21415,50.63152],[6.21455,50.63137],[6.21513,50.63118],[6.21702,50.6322],[6.21704,50.63224],[6.21706,50.63225],[6.21826,50.63184],[6.21889,50.63162],[6.21896,50.6316],[6.22093,50.63092],[6.22298,50.63022],[6.22667,50.62895],[6.2283,50.62837],[6.23116,50.62739],[6.23123,50.62737],[6.23371,50.62651],[6.23487,50.62612],[6.23491,50.62615],[6.23502,50.62621],[6.23506,50.62623],[6.23513,50.62627],[6.23518,50.62629],[6.23526,50.62632],[6.2353,50.62632],[6.23549,50.62629],[6.23574,50.62625],[6.23584,50.62622],[6.23593,50.6262],[6.23604,50.62617],[6.23612,50.62616],[6.23642,50.62614],[6.23646,50.62613],[6.23652,50.62611],[6.23657,50.62609],[6.2371,50.62612],[6.23867,50.62619],[6.2402,50.62626],[6.24174,50.62633],[6.24332,50.6264],[6.24422,50.62644],[6.24534,50.6265]]],[[[6.19172,50.66408],[6.19119,50.66412],[6.19027,50.66417],[6.1895,50.66421],[6.18947,50.66404],[6.18862,50.66403],[6.18858,50.66403],[6.18854,50.66403],[6.18848,50.66417],[6.1884,50.66435],[6.18834,50.66435],[6.18816,50.66435],[6.18823,50.66416],[6.18829,50.66403],[6.18825,50.66403],[6.18817,50.66402],[6.1881,50.66402],[6.18694,50.66396],[6.1868,50.66421],[6.18593,50.66403],[6.1855,50.66391],[6.18396,50.66343],[6.18314,50.66322],[6.18228,50.66308],[6.18143,50.66299],[6.18142,50.66299],[6.18141,50.66299],[6.18032,50.66287],[6.17919,50.66276],[6.17913,50.66275],[6.17893,50.66273],[6.17754,50.66258],[6.17615,50.66243],[6.17531,50.66235],[6.17471,50.66231],[6.17405,50.66232],[6.17271,50.6624],[6.17217,50.66241],[6.17145,50.66238],[6.17052,50.6623],[6.16912,50.66218],[6.16771,50.66205],[6.16662,50.66195],[6.16603,50.66186],[6.16883,50.6594],[6.17057,50.65808],[6.17196,50.65714],[6.17296,50.65645],[6.17322,50.65627],[6.17571,50.65536],[6.17762,50.65466],[6.17764,50.65466],[6.17801,50.65455],[6.1783,50.65447],[6.17879,50.65433],[6.17887,50.6543],[6.17891,50.65431],[6.17939,50.65416],[6.17987,50.65393],[6.17991,50.65391],[6.18058,50.65356],[6.18069,50.65351],[6.18095,50.65338],[6.18106,50.65332],[6.18113,50.65329],[6.18116,50.65328],[6.1815,50.65309],[6.18189,50.65289],[6.18228,50.65269],[6.18255,50.65254],[6.18272,50.65245],[6.18285,50.65238],[6.18294,50.65234],[6.18355,50.65206],[6.18348,50.65202],[6.18273,50.65156],[6.18252,50.65143],[6.18226,50.65127],[6.18255,50.65109],[6.18288,50.65088],[6.18285,50.65086],[6.18274,50.65078],[6.18254,50.65062],[6.18248,50.65058],[6.18221,50.65037],[6.18204,50.65024],[6.1818,50.65006],[6.18163,50.64993],[6.18133,50.6497],[6.18119,50.64958],[6.1812,50.64957],[6.18173,50.64944],[6.18182,50.64942],[6.1826,50.6492],[6.18258,50.64918],[6.18255,50.64914],[6.18253,50.64911],[6.1836,50.64882],[6.18386,50.64875],[6.18406,50.64867],[6.18388,50.64828],[6.18381,50.64808],[6.18377,50.64798],[6.1838,50.64797],[6.18382,50.64796],[6.18386,50.64794],[6.18392,50.64796],[6.18395,50.64797],[6.18397,50.64798],[6.18401,50.64807],[6.18406,50.64818],[6.18409,50.64817],[6.1843,50.64865],[6.18433,50.64872],[6.18449,50.64904],[6.18469,50.64944],[6.18488,50.6494],[6.18494,50.6495],[6.18509,50.64975],[6.18512,50.6498],[6.18514,50.64983],[6.1854,50.65021],[6.18548,50.65037],[6.18564,50.65057],[6.18571,50.6507],[6.18561,50.65073],[6.18561,50.65075],[6.18562,50.65077],[6.18562,50.65078],[6.18563,50.6508],[6.18567,50.65079],[6.18596,50.65117],[6.18599,50.65122],[6.18601,50.65123],[6.18613,50.65137],[6.18625,50.6515],[6.18632,50.65156],[6.18656,50.65175],[6.18688,50.65198],[6.18721,50.65222],[6.18737,50.65233],[6.18755,50.65245],[6.18796,50.65266],[6.18846,50.65296],[6.18862,50.65306],[6.18875,50.65314],[6.18905,50.6533],[6.1891,50.65334],[6.18934,50.65349],[6.18953,50.6536],[6.18999,50.65388],[6.1903,50.65404],[6.19104,50.65447],[6.19248,50.6553],[6.19341,50.65585],[6.19345,50.65588],[6.19347,50.65589],[6.19351,50.65592],[6.19353,50.65594],[6.19419,50.65632],[6.19491,50.65673],[6.19521,50.65691],[6.19534,50.65701],[6.19555,50.65719],[6.19544,50.65724],[6.19566,50.65747],[6.19589,50.65777],[6.19591,50.65784],[6.1961,50.65837],[6.19615,50.6587],[6.19616,50.65879],[6.19615,50.65888],[6.19615,50.65889],[6.1961,50.65909],[6.19602,50.65938],[6.19565,50.66024],[6.19536,50.66091],[6.19509,50.66154],[6.19497,50.66181],[6.19496,50.66183],[6.19478,50.66224],[6.19459,50.66258],[6.19434,50.6629],[6.19407,50.66315],[6.19369,50.66341],[6.19327,50.66363],[6.19283,50.66381],[6.19224,50.66398],[6.19172,50.66408]]],[[[8.54488,51.09944],[8.54509,51.09978],[8.54504,51.09981],[8.54525,51.10003],[8.54532,51.10031],[8.54558,51.10056],[8.54297,51.1033],[8.54173,51.10634],[8.54,51.11075],[8.53705,51.11493],[8.53472,51.11812],[8.52961,51.12145],[8.52449,51.12516],[8.51948,51.12955],[8.51279,51.13326],[8.51202,51.13713],[8.51781,51.13921],[8.52045,51.14136],[8.51509,51.14453],[8.49885,51.14606],[8.49484,51.14764],[8.49687,51.1507],[8.50204,51.15369],[8.50455,51.15637],[8.50426,51.16147],[8.50097,51.16313],[8.49623,51.16478],[8.49027,51.16673],[8.48577,51.16923],[8.48357,51.17066],[8.47656,51.16911],[8.47077,51.16741],[8.46678,51.16693],[8.46172,51.16455],[8.4597,51.16172],[8.45502,51.15805],[8.44915,51.15254],[8.44362,51.14901],[8.43435,51.14539],[8.42554,51.14321],[8.41493,51.13973],[8.40348,51.13625],[8.39227,51.13277],[8.38327,51.12686],[8.37563,51.11936],[8.37041,51.11187],[8.35697,51.11271],[8.34347,51.11385],[8.33642,51.11233],[8.33461,51.10737],[8.33407,51.0988],[8.32984,51.09466],[8.32753,51.09122],[8.32169,51.0894],[8.3151,51.08997],[8.3122,51.08961],[8.30677,51.08901],[8.29877,51.08999],[8.29157,51.09086],[8.28827,51.09278],[8.28088,51.09411],[8.27495,51.09418],[8.26911,51.09308],[8.26231,51.09087],[8.25661,51.09182],[8.25189,51.09236],[8.24741,51.09271],[8.24043,51.09092],[8.23437,51.08783],[8.23009,51.08381],[8.22681,51.08112],[8.22349,51.07714],[8.22019,51.07209],[8.22197,51.06678],[8.2295,51.06454],[8.23175,51.05999],[8.22673,51.0566],[8.22122,51.05383],[8.21746,51.04771],[8.21392,51.04281],[8.21146,51.03815],[8.21256,51.03024],[8.20766,51.02716],[8.19461,51.02822],[8.17479,51.02892],[8.16489,51.02915],[8.1447,51.03037],[8.12307,51.03158],[8.11376,51.03205],[8.10884,51.03346],[8.09857,51.03406],[8.09388,51.03311],[8.08784,51.03307],[8.07974,51.03373],[8.07107,51.03552],[8.0588,51.03619],[8.04592,51.03722],[8.04207,51.03635],[8.04227,51.03266],[8.04094,51.02371],[8.0403,51.01963],[8.03348,51.0198],[8.02832,51.02101],[8.02664,51.0237],[8.02682,51.02664],[8.02797,51.02939],[8.03198,51.03094],[8.03195,51.0325],[8.02956,51.03382],[8.02822,51.03742],[8.02576,51.03957],[8.02032,51.03987],[8.01627,51.04002],[8.01092,51.03903],[8.00643,51.03724],[8.00288,51.03675],[7.99909,51.03599],[7.99568,51.03437],[7.99076,51.03318],[7.98555,51.03378],[7.98137,51.03462],[7.97892,51.03609],[7.96966,51.03722],[7.96483,51.03714],[7.96251,51.03545],[7.96147,51.03334],[7.95725,51.03315],[7.95159,51.03257],[7.95047,51.03382],[7.94821,51.0349],[7.94629,51.03446],[7.94483,51.03236],[7.94219,51.03153],[7.93542,51.03189],[7.93158,51.03071],[7.93074,51.02816],[7.93827,51.02613],[7.93657,51.02379],[7.93591,51.02124],[7.93261,51.0201],[7.93277,51.01854],[7.93577,51.01667],[7.93556,51.01518],[7.93461,51.01205],[7.93215,51.00864],[7.92904,51.00762],[7.92559,51.00546],[7.92723,51.0025],[7.93018,50.99987],[7.93036,50.99754],[7.92818,50.9949],[7.92795,50.99193],[7.93037,50.9889],[7.93668,50.98493],[7.93629,50.98058],[7.93518,50.97909],[7.93543,50.97616],[7.93572,50.97422],[7.93315,50.97043],[7.92932,50.96894],[7.92578,50.9683],[7.92177,50.96457],[7.9199,50.96212],[7.91863,50.9594],[7.91918,50.95663],[7.92227,50.95335],[7.92085,50.94972],[7.91959,50.94658],[7.91804,50.94352],[7.91706,50.94146],[7.91434,50.93911],[7.91187,50.93688],[7.9164,50.93346],[7.91812,50.92955],[7.91377,50.92757],[7.91225,50.92565],[7.90909,50.92414],[7.90855,50.92425],[7.90422,50.92619],[7.90178,50.92773],[7.89665,50.92813],[7.89277,50.92676],[7.88876,50.92528],[7.8838,50.92626],[7.87602,50.92668],[7.8712,50.92911],[7.86935,50.93107],[7.8659,50.93165],[7.86177,50.93058],[7.85919,50.92785],[7.8577,50.92707],[7.854,50.92803],[7.85006,50.92894],[7.84853,50.93003],[7.84657,50.9313],[7.8439,50.93204],[7.8376,50.93339],[7.83223,50.93398],[7.83004,50.93221],[7.8261,50.93091],[7.82488,50.93061],[7.8268,50.92974],[7.82685,50.92971],[7.82798,50.92919],[7.82835,50.929],[7.82842,50.92901],[7.8286,50.92902],[7.82897,50.92906],[7.82955,50.9291],[7.82968,50.92911],[7.82976,50.92917],[7.82984,50.92918],[7.82998,50.92915],[7.83041,50.92918],[7.83115,50.92923],[7.83256,50.92931],[7.83339,50.92937],[7.83528,50.9295],[7.8359,50.92952],[7.83645,50.92867],[7.83648,50.92868],[7.83771,50.92912],[7.83774,50.92898],[7.8379,50.92822],[7.8383,50.92635],[7.83932,50.92661],[7.83953,50.92667],[7.84001,50.92682],[7.84049,50.92695],[7.84097,50.92709],[7.84113,50.92713],[7.84118,50.92713],[7.84106,50.9273],[7.84091,50.92742],[7.84069,50.92759],[7.84054,50.92766],[7.84055,50.92768],[7.84075,50.92776],[7.84145,50.92813],[7.84337,50.92922],[7.84487,50.93003],[7.84496,50.93007],[7.84511,50.93015],[7.84553,50.92999],[7.8462,50.92976],[7.84634,50.92967],[7.84645,50.92961],[7.84659,50.92954],[7.84662,50.92952],[7.84696,50.92929],[7.84703,50.92926],[7.84724,50.9291],[7.8475,50.92898],[7.84796,50.92876],[7.84817,50.92867],[7.84833,50.92856],[7.84864,50.92838],[7.84874,50.92828],[7.84862,50.92823],[7.84872,50.92811],[7.84893,50.92791],[7.84905,50.92776],[7.84916,50.92749],[7.84894,50.92718],[7.84897,50.92684],[7.84903,50.92671],[7.84921,50.92629],[7.8494,50.92592],[7.84952,50.92566],[7.84954,50.92561],[7.84992,50.92476],[7.84993,50.92466],[7.84994,50.92463],[7.84987,50.92456],[7.84925,50.92394],[7.84906,50.92375],[7.84828,50.92302],[7.84689,50.92168],[7.84605,50.92081],[7.8458,50.92053],[7.84567,50.92041],[7.84561,50.92033],[7.84402,50.91866],[7.84393,50.91855],[7.84269,50.91719],[7.84258,50.91707],[7.84213,50.91657],[7.84204,50.91642],[7.84198,50.91633],[7.84188,50.91616],[7.84183,50.91607],[7.84169,50.91583],[7.84151,50.91554],[7.84141,50.9154],[7.84102,50.91482],[7.84093,50.91469],[7.84059,50.91418],[7.84012,50.9136],[7.84006,50.91353],[7.83943,50.9128],[7.83898,50.9123],[7.83897,50.91226],[7.83885,50.91189],[7.83883,50.91186],[7.83866,50.91136],[7.83863,50.91128],[7.83853,50.91102],[7.83844,50.91075],[7.83842,50.9107],[7.8384,50.91066],[7.83838,50.91055],[7.83839,50.91045],[7.8384,50.91038],[7.83825,50.91037],[7.83806,50.91037],[7.83789,50.91038],[7.83789,50.91014],[7.83788,50.9099],[7.83794,50.9099],[7.83792,50.90974],[7.83596,50.90928],[7.83585,50.90925],[7.83606,50.90857],[7.8354,50.90833],[7.83494,50.90816],[7.8346,50.90803],[7.8344,50.90794],[7.83424,50.90787],[7.83396,50.90773],[7.83374,50.90758],[7.83356,50.90745],[7.83346,50.90734],[7.83336,50.90727],[7.83334,50.90726],[7.83349,50.90672],[7.83357,50.90644],[7.83366,50.90638],[7.83392,50.90628],[7.83393,50.90622],[7.83407,50.90583],[7.83443,50.90482],[7.83521,50.903],[7.83497,50.90235],[7.8347,50.90156],[7.83474,50.90156],[7.83458,50.90126],[7.83444,50.90086],[7.83425,50.90015],[7.83421,50.90016],[7.8341,50.89983],[7.83374,50.89875],[7.83335,50.89764],[7.83322,50.89725],[7.83311,50.89693],[7.83248,50.89652],[7.8305,50.89531],[7.83031,50.89519],[7.82987,50.89492],[7.8298,50.89483],[7.8297,50.89469],[7.8293,50.89414],[7.82755,50.89174],[7.82743,50.89164],[7.82705,50.89131],[7.82667,50.89086],[7.82707,50.89048],[7.82753,50.89028],[7.82795,50.89012],[7.82798,50.89],[7.82803,50.88986],[7.82809,50.88944],[7.82809,50.88942],[7.82781,50.88874],[7.82767,50.88818],[7.82755,50.88764],[7.82784,50.88692],[7.82825,50.88581],[7.82842,50.88537],[7.82842,50.88517],[7.82842,50.88499],[7.82844,50.88492],[7.8286,50.88425],[7.82868,50.88398],[7.82882,50.88353],[7.82918,50.8824],[7.82919,50.88238],[7.82975,50.88257],[7.82996,50.88264],[7.83033,50.8825],[7.83056,50.88241],[7.83081,50.88232],[7.83208,50.88196],[7.83376,50.88149],[7.83501,50.88121],[7.8357,50.88106],[7.83591,50.88101],[7.8362,50.88095],[7.83634,50.88092],[7.83647,50.88089],[7.83708,50.88072],[7.83785,50.88053],[7.83831,50.88041],[7.83865,50.88032],[7.83928,50.88017],[7.83976,50.88005],[7.84002,50.87994],[7.84324,50.87899],[7.84424,50.87869],[7.84523,50.87842],[7.84576,50.87842],[7.84607,50.87843],[7.84716,50.87848],[7.84796,50.87854],[7.84809,50.87854],[7.84884,50.87834],[7.84886,50.87834],[7.84981,50.87804],[7.85091,50.87769],[7.851,50.87766],[7.8524,50.87758],[7.85309,50.87754],[7.85351,50.87753],[7.85389,50.87751],[7.8553,50.87745],[7.85534,50.87745],[7.85598,50.87738],[7.85611,50.87737],[7.85688,50.87729],[7.85982,50.87699],[7.86144,50.87699],[7.86228,50.87699],[7.86258,50.87698],[7.8631,50.87699],[7.86377,50.87699],[7.86542,50.877],[7.86598,50.87708],[7.86809,50.87739],[7.86883,50.8775],[7.86913,50.87754],[7.86943,50.87759],[7.86979,50.87769],[7.8699,50.87774],[7.87016,50.87796],[7.87055,50.8781],[7.87078,50.87812],[7.87138,50.87756],[7.8717,50.87728],[7.87193,50.87709],[7.87236,50.87671],[7.87299,50.87621],[7.87405,50.87524],[7.87414,50.87529],[7.8743,50.87538],[7.87429,50.87537],[7.87437,50.87535],[7.87453,50.87535],[7.87469,50.87538],[7.8749,50.87537],[7.87507,50.87525],[7.87525,50.87509],[7.87538,50.87496],[7.87543,50.87494],[7.87549,50.87491],[7.87583,50.87489],[7.87599,50.87489],[7.87613,50.87486],[7.87639,50.87482],[7.8766,50.87475],[7.87677,50.8747],[7.87682,50.87469],[7.87705,50.87468],[7.87723,50.87463],[7.87739,50.8745],[7.87746,50.87441],[7.87755,50.8743],[7.87776,50.87421],[7.87777,50.87421],[7.87796,50.87418],[7.87822,50.8742],[7.87848,50.87425],[7.87874,50.87433],[7.87896,50.8744],[7.87919,50.87443],[7.87946,50.87446],[7.8797,50.87449],[7.87988,50.87452],[7.87987,50.87454],[7.88025,50.87445],[7.88067,50.87441],[7.88108,50.87439],[7.88142,50.87441],[7.88158,50.87441],[7.8819,50.87434],[7.88183,50.8742],[7.88195,50.87409],[7.88209,50.87403],[7.88216,50.87394],[7.88239,50.8738],[7.88251,50.87364],[7.88264,50.87352],[7.88272,50.87345],[7.88273,50.87342],[7.88283,50.87338],[7.88293,50.87334],[7.88305,50.87333],[7.88327,50.87327],[7.88336,50.87313],[7.88328,50.87306],[7.88334,50.87298],[7.88336,50.87286],[7.88333,50.87281],[7.88321,50.87282],[7.88311,50.87277],[7.8831,50.87274],[7.88309,50.8727],[7.88313,50.8726],[7.88328,50.87253],[7.88338,50.87244],[7.88344,50.87236],[7.88367,50.87208],[7.88378,50.872],[7.88392,50.87201],[7.88422,50.87221],[7.88436,50.8722],[7.88443,50.87202],[7.88442,50.87184],[7.88433,50.87172],[7.88439,50.87165],[7.88453,50.87158],[7.88461,50.87147],[7.88485,50.87139],[7.88498,50.87131],[7.88513,50.87128],[7.88522,50.87125],[7.88524,50.87121],[7.88535,50.87115],[7.88539,50.87108],[7.88572,50.87094],[7.88593,50.8708],[7.88626,50.87055],[7.88653,50.87015],[7.88668,50.87018],[7.88682,50.87014],[7.88689,50.87013],[7.88692,50.87],[7.88699,50.86987],[7.88707,50.86976],[7.88713,50.86971],[7.88744,50.86966],[7.88746,50.86962],[7.88737,50.86952],[7.88739,50.86947],[7.88747,50.86948],[7.88741,50.8693],[7.88748,50.86914],[7.88747,50.86904],[7.88742,50.86898],[7.88742,50.86885],[7.88719,50.86868],[7.88699,50.86867],[7.88703,50.86851],[7.88686,50.86799],[7.88687,50.86795],[7.88691,50.86773],[7.88694,50.86759],[7.88696,50.86752],[7.88697,50.86749],[7.88701,50.86728],[7.88708,50.86703],[7.8873,50.86676],[7.8875,50.86658],[7.88753,50.86653],[7.88754,50.86652],[7.88759,50.86646],[7.8876,50.86645],[7.88762,50.86643],[7.88765,50.86639],[7.88768,50.86636],[7.88775,50.86628],[7.88796,50.8661],[7.88807,50.86598],[7.88858,50.86593],[7.88885,50.86579],[7.88897,50.86567],[7.88905,50.86559],[7.88919,50.86562],[7.88945,50.86559],[7.88959,50.86555],[7.88972,50.86554],[7.88991,50.86559],[7.89013,50.86564],[7.89036,50.86564],[7.89055,50.86561],[7.89068,50.86553],[7.89074,50.86541],[7.89076,50.86532],[7.89077,50.86525],[7.89089,50.86522],[7.89101,50.86519],[7.89115,50.86512],[7.89135,50.86499],[7.89151,50.86492],[7.89164,50.86493],[7.89174,50.86494],[7.89183,50.86493],[7.89208,50.86485],[7.89225,50.86481],[7.89241,50.86478],[7.89285,50.86468],[7.8939,50.86443],[7.89395,50.86405],[7.89397,50.86388],[7.89402,50.86345],[7.89409,50.86289],[7.89413,50.86238],[7.89419,50.86183],[7.89424,50.86115],[7.89425,50.86111],[7.89426,50.86101],[7.89419,50.86093],[7.89398,50.86065],[7.89389,50.86051],[7.8934,50.85978],[7.89339,50.85977],[7.89311,50.85937],[7.89322,50.85934],[7.89363,50.85911],[7.89434,50.85878],[7.89578,50.85807],[7.89705,50.85746],[7.89774,50.85664],[7.89879,50.85527],[7.89924,50.85467],[7.89959,50.85419],[7.90022,50.85324],[7.90073,50.85252],[7.90083,50.85238],[7.9012,50.85214],[7.90151,50.85192],[7.90218,50.85146],[7.90289,50.851],[7.90322,50.85077],[7.90399,50.85025],[7.90443,50.84994],[7.90455,50.84973],[7.9049,50.8492],[7.90494,50.84921],[7.90508,50.84891],[7.90521,50.84868],[7.90538,50.84841],[7.90556,50.84817],[7.90564,50.84807],[7.90561,50.84806],[7.90568,50.84789],[7.90585,50.84783],[7.90678,50.84753],[7.90861,50.8469],[7.90927,50.84668],[7.91013,50.8467],[7.91172,50.84679],[7.91342,50.84683],[7.91477,50.84645],[7.91525,50.8457],[7.91561,50.84543],[7.91588,50.84524],[7.91714,50.84478],[7.91803,50.84443],[7.91862,50.84436],[7.91953,50.84481],[7.91993,50.84482],[7.92239,50.84459],[7.9228,50.84467],[7.92341,50.84469],[7.92392,50.84468],[7.9243,50.84472],[7.92502,50.84484],[7.92559,50.845],[7.92561,50.84497],[7.92568,50.84481],[7.92619,50.84487],[7.92637,50.84495],[7.92717,50.84535],[7.92728,50.84538],[7.92739,50.84544],[7.92744,50.84551],[7.92756,50.84577],[7.92775,50.84622],[7.92868,50.84623],[7.9293,50.8462],[7.92951,50.84675],[7.92979,50.84677],[7.93042,50.84683],[7.93077,50.84683],[7.93117,50.84683],[7.93148,50.84683],[7.93149,50.84683],[7.93203,50.84686],[7.93301,50.84691],[7.93361,50.84694],[7.93362,50.84694],[7.93391,50.84699],[7.93441,50.84701],[7.93477,50.84715],[7.93508,50.84725],[7.93516,50.84728],[7.93526,50.84731],[7.93525,50.84733],[7.93541,50.84737],[7.93555,50.8474],[7.93579,50.84748],[7.93604,50.84761],[7.93627,50.84774],[7.93645,50.84787],[7.93662,50.848],[7.93676,50.84821],[7.9368,50.84819],[7.93715,50.84833],[7.93775,50.84854],[7.93777,50.84859],[7.93794,50.84859],[7.93802,50.84859],[7.93823,50.84858],[7.93841,50.84854],[7.93869,50.84847],[7.9389,50.84844],[7.93906,50.84842],[7.93921,50.84839],[7.93931,50.84836],[7.9395,50.84836],[7.93966,50.84839],[7.93979,50.84837],[7.93983,50.84836],[7.94001,50.84832],[7.94012,50.84831],[7.9404,50.8483],[7.94072,50.84827],[7.94106,50.84823],[7.94152,50.8482],[7.9419,50.84815],[7.94179,50.84786],[7.9418,50.84786],[7.94186,50.84784],[7.94206,50.8478],[7.94209,50.8478],[7.9424,50.84799],[7.94255,50.84808],[7.94333,50.84798],[7.94405,50.84776],[7.9442,50.8477],[7.94443,50.84739],[7.94485,50.84776],[7.94469,50.84788],[7.94467,50.84793],[7.94467,50.848],[7.9447,50.84802],[7.94486,50.8479],[7.94507,50.84777],[7.94504,50.84775],[7.94551,50.8477],[7.94584,50.84759],[7.94595,50.84751],[7.94587,50.84745],[7.94614,50.84726],[7.94625,50.84731],[7.9464,50.84707],[7.94657,50.84679],[7.94691,50.84657],[7.94721,50.84634],[7.94764,50.84626],[7.94847,50.84613],[7.94887,50.84606],[7.94891,50.84605],[7.94941,50.84599],[7.94943,50.8459],[7.9495,50.84588],[7.94951,50.84588],[7.94987,50.8458],[7.95036,50.84588],[7.95048,50.84589],[7.9507,50.84589],[7.9511,50.84588],[7.95163,50.84594],[7.95179,50.84596],[7.95246,50.846],[7.95262,50.84598],[7.95273,50.84596],[7.95276,50.84606],[7.95296,50.84605],[7.95313,50.84602],[7.9532,50.846],[7.95323,50.84619],[7.95341,50.84618],[7.95349,50.84638],[7.9541,50.84628],[7.9542,50.8463],[7.9543,50.84646],[7.95442,50.84667],[7.95453,50.84685],[7.95462,50.84699],[7.9547,50.84707],[7.95488,50.8472],[7.95508,50.84733],[7.9552,50.84741],[7.95529,50.84735],[7.95553,50.84741],[7.95559,50.84752],[7.95582,50.84767],[7.95621,50.84789],[7.95645,50.84804],[7.95656,50.8481],[7.957,50.84827],[7.9571,50.84836],[7.95725,50.84843],[7.95728,50.84863],[7.95729,50.84865],[7.95727,50.84867],[7.95716,50.84883],[7.9572,50.84884],[7.95764,50.84888],[7.95777,50.84872],[7.95788,50.84872],[7.95802,50.8487],[7.95815,50.84867],[7.95824,50.84861],[7.9583,50.84854],[7.95839,50.84849],[7.95854,50.84848],[7.95869,50.84846],[7.95887,50.84845],[7.95907,50.84844],[7.95919,50.84834],[7.95943,50.84827],[7.95971,50.8482],[7.95999,50.84816],[7.96026,50.8481],[7.96052,50.84801],[7.96087,50.84779],[7.96122,50.84758],[7.96171,50.84729],[7.9623,50.84699],[7.96277,50.84673],[7.963,50.8466],[7.96311,50.84654],[7.96321,50.84648],[7.96338,50.84638],[7.96363,50.84623],[7.964,50.846],[7.96424,50.84582],[7.96444,50.84554],[7.96454,50.8453],[7.96466,50.8451],[7.96489,50.84483],[7.96496,50.8448],[7.96618,50.84439],[7.96671,50.84419],[7.96691,50.84413],[7.96708,50.84408],[7.96717,50.84405],[7.9672,50.84372],[7.96721,50.84352],[7.96721,50.84342],[7.96722,50.84321],[7.96723,50.84293],[7.96726,50.84264],[7.9673,50.8424],[7.96742,50.84217],[7.96746,50.8421],[7.96752,50.84201],[7.96765,50.84184],[7.96767,50.84183],[7.96772,50.84179],[7.96782,50.84173],[7.96784,50.84172],[7.96792,50.84169],[7.96808,50.8415],[7.96816,50.84137],[7.96819,50.84131],[7.96821,50.84121],[7.96824,50.84105],[7.96826,50.84082],[7.96826,50.84074],[7.9683,50.84046],[7.96832,50.84019],[7.96834,50.83981],[7.96837,50.83949],[7.96837,50.83933],[7.96813,50.83907],[7.96782,50.8387],[7.96745,50.83837],[7.96714,50.83816],[7.96721,50.83811],[7.96738,50.83799],[7.96756,50.83787],[7.96759,50.83784],[7.96831,50.83733],[7.96853,50.83719],[7.96804,50.83699],[7.96799,50.83695],[7.96797,50.83683],[7.96789,50.83646],[7.96802,50.83607],[7.96819,50.83578],[7.96911,50.83568],[7.96957,50.83562],[7.96975,50.8355],[7.96981,50.8354],[7.97002,50.83499],[7.97171,50.83459],[7.97204,50.83451],[7.97256,50.83428],[7.97281,50.83412],[7.97312,50.83386],[7.97339,50.83365],[7.97343,50.83361],[7.97358,50.83347],[7.9736,50.83344],[7.97389,50.83338],[7.97421,50.83333],[7.97499,50.83345],[7.97632,50.83359],[7.97749,50.83376],[7.97798,50.83384],[7.97819,50.83347],[7.9776,50.83285],[7.97733,50.83252],[7.97743,50.83197],[7.97741,50.83176],[7.97658,50.83058],[7.97621,50.83016],[7.97585,50.82981],[7.97539,50.82942],[7.97474,50.82908],[7.97384,50.82863],[7.97384,50.82862],[7.97386,50.8286],[7.97412,50.82829],[7.97441,50.82804],[7.97474,50.82773],[7.97491,50.82753],[7.97528,50.8272],[7.97524,50.82719],[7.97574,50.82647],[7.97615,50.82575],[7.97631,50.8255],[7.9763,50.82548],[7.9763,50.82547],[7.97631,50.82543],[7.97633,50.82534],[7.97636,50.82519],[7.97636,50.82518],[7.97634,50.82513],[7.97645,50.82492],[7.9762,50.82452],[7.97606,50.82431],[7.9758,50.82394],[7.97556,50.82366],[7.97554,50.82337],[7.97558,50.8229],[7.97569,50.82244],[7.97576,50.82223],[7.97588,50.82177],[7.97598,50.82126],[7.97607,50.82101],[7.97624,50.82076],[7.97606,50.82053],[7.97565,50.82008],[7.97528,50.81968],[7.97532,50.81966],[7.97515,50.81954],[7.97495,50.81931],[7.9747,50.81912],[7.97448,50.81885],[7.97426,50.81862],[7.97414,50.81843],[7.97407,50.81825],[7.97404,50.8182],[7.97405,50.81815],[7.97405,50.81809],[7.97393,50.81777],[7.97389,50.81767],[7.97383,50.81746],[7.97378,50.8172],[7.97365,50.81692],[7.97356,50.81665],[7.97344,50.81644],[7.97329,50.81613],[7.9731,50.81587],[7.97295,50.81561],[7.9728,50.81538],[7.97263,50.81507],[7.97243,50.81474],[7.97242,50.81464],[7.97294,50.81456],[7.97357,50.81456],[7.97382,50.81451],[7.97384,50.81448],[7.97389,50.81443],[7.97392,50.81439],[7.97395,50.81433],[7.97401,50.81422],[7.97435,50.81359],[7.97466,50.81328],[7.9748,50.81299],[7.97486,50.81286],[7.97491,50.81276],[7.97495,50.81263],[7.97499,50.81247],[7.97506,50.81234],[7.97512,50.81221],[7.97518,50.81204],[7.9752,50.81195],[7.97507,50.81104],[7.97504,50.81041],[7.97475,50.80978],[7.97451,50.80935],[7.97437,50.80888],[7.97425,50.80843],[7.97414,50.80802],[7.9741,50.80755],[7.97405,50.80696],[7.97402,50.80669],[7.97408,50.80625],[7.97417,50.80581],[7.97425,50.80535],[7.97435,50.80492],[7.97444,50.80441],[7.97426,50.80408],[7.97399,50.80367],[7.9739,50.80332],[7.97364,50.80295],[7.97341,50.80256],[7.97333,50.80248],[7.97329,50.80244],[7.973,50.80224],[7.97256,50.80195],[7.97199,50.80158],[7.97182,50.80147],[7.97161,50.80139],[7.97126,50.80121],[7.97087,50.80103],[7.97077,50.80099],[7.97065,50.80089],[7.97025,50.80057],[7.9699,50.80027],[7.9696,50.79998],[7.96901,50.79931],[7.9689,50.79918],[7.9687,50.79896],[7.96848,50.79876],[7.96734,50.7984],[7.96706,50.79721],[7.96699,50.79689],[7.96709,50.79639],[7.9671,50.79572],[7.96689,50.79502],[7.96686,50.79432],[7.96686,50.79376],[7.96687,50.79321],[7.96691,50.79261],[7.96671,50.79185],[7.96672,50.79175],[7.96672,50.7915],[7.96673,50.79113],[7.96681,50.79087],[7.96698,50.79064],[7.96723,50.79021],[7.96743,50.78989],[7.96761,50.78962],[7.96828,50.78864],[7.96823,50.78811],[7.96819,50.78771],[7.96816,50.78745],[7.96814,50.78729],[7.96814,50.78728],[7.96808,50.78693],[7.96806,50.7868],[7.96813,50.78679],[7.96802,50.78663],[7.96794,50.78645],[7.96795,50.78642],[7.96794,50.7864],[7.96796,50.78635],[7.968,50.78625],[7.96804,50.78615],[7.96814,50.78608],[7.96821,50.78601],[7.96825,50.78594],[7.9683,50.7858],[7.96838,50.78571],[7.96843,50.78565],[7.96848,50.78558],[7.96853,50.7855],[7.96858,50.78542],[7.9686,50.78536],[7.9686,50.78531],[7.9686,50.78525],[7.96857,50.78518],[7.96852,50.78507],[7.96847,50.78501],[7.9685,50.78493],[7.96853,50.78483],[7.9686,50.78455],[7.96867,50.78444],[7.96888,50.78437],[7.96887,50.78432],[7.96887,50.7843],[7.96858,50.78438],[7.96752,50.78448],[7.96742,50.78452],[7.96726,50.78458],[7.96677,50.78469],[7.9661,50.78469],[7.96584,50.78466],[7.96546,50.7847],[7.96545,50.78467],[7.96493,50.78474],[7.96445,50.78474],[7.96413,50.78468],[7.9642,50.78442],[7.96467,50.78355],[7.9643,50.78338],[7.96456,50.78328],[7.96472,50.78327],[7.96493,50.7831],[7.96509,50.78302],[7.9654,50.78302],[7.96575,50.78304],[7.96582,50.78293],[7.96596,50.78287],[7.96601,50.78273],[7.96606,50.78255],[7.96608,50.78238],[7.96602,50.78233],[7.96592,50.78224],[7.96594,50.7822],[7.96596,50.78215],[7.96603,50.78201],[7.96626,50.7816],[7.9664,50.7816],[7.9669,50.78072],[7.96729,50.78003],[7.96736,50.7799],[7.96747,50.7797],[7.96755,50.77956],[7.96771,50.77912],[7.96779,50.77891],[7.96786,50.77797],[7.9679,50.77753],[7.96811,50.77652],[7.96832,50.77547],[7.96834,50.7754],[7.96848,50.77475],[7.9686,50.77444],[7.96873,50.77422],[7.96909,50.77382],[7.96946,50.77346],[7.97036,50.77256],[7.97137,50.7717],[7.97212,50.7709],[7.9723,50.77072],[7.973,50.77001],[7.97328,50.76977],[7.97333,50.76973],[7.97389,50.76935],[7.97415,50.76918],[7.97428,50.76909],[7.97445,50.769],[7.97554,50.76857],[7.97655,50.76815],[7.97676,50.76807],[7.97734,50.76772],[7.97774,50.76748],[7.978,50.76728],[7.9782,50.76703],[7.97836,50.76681],[7.97858,50.76648],[7.97944,50.76515],[7.97952,50.76503],[7.97953,50.76501],[7.97962,50.76488],[7.97986,50.76454],[7.98103,50.76376],[7.98377,50.7619],[7.98422,50.76223],[7.9851,50.76188],[7.98483,50.76164],[7.98458,50.76144],[7.9841,50.76105],[7.98476,50.76092],[7.98537,50.76081],[7.98569,50.76075],[7.98577,50.7607],[7.9875,50.75934],[7.9892,50.75877],[7.98918,50.75874],[7.98921,50.75873],[7.99064,50.75827],[7.99239,50.75771],[7.9931,50.75748],[7.9952,50.75681],[7.99526,50.75679],[7.99772,50.75599],[7.99792,50.75591],[7.99908,50.75543],[8.0003,50.75491],[8.00039,50.75486],[8.00067,50.75469],[8.00078,50.75462],[8.00099,50.75442],[8.00138,50.75408],[8.00144,50.75402],[8.00155,50.75389],[8.00168,50.75374],[8.00183,50.75352],[8.00217,50.75308],[8.00294,50.75201],[8.00299,50.75196],[8.00304,50.7519],[8.0041,50.75096],[8.00513,50.75003],[8.00592,50.74932],[8.00711,50.7482],[8.00741,50.74798],[8.00743,50.74797],[8.00761,50.74786],[8.00835,50.74738],[8.00851,50.74727],[8.00852,50.74726],[8.00925,50.74684],[8.00983,50.7465],[8.01002,50.74638],[8.01016,50.74629],[8.01034,50.74619],[8.01059,50.74603],[8.01065,50.74599],[8.01078,50.74592],[8.01087,50.74584],[8.0109,50.7458],[8.01096,50.74575],[8.01104,50.74568],[8.01115,50.74559],[8.01154,50.74524],[8.01233,50.74462],[8.01299,50.74403],[8.01302,50.744],[8.01333,50.74377],[8.01335,50.74375],[8.01362,50.7435],[8.01424,50.74303],[8.01438,50.74295],[8.0145,50.74288],[8.01466,50.7428],[8.01466,50.74279],[8.01478,50.74274],[8.01506,50.74262],[8.01508,50.7426],[8.01514,50.74257],[8.01548,50.74243],[8.01612,50.74212],[8.01704,50.74164],[8.01809,50.74111],[8.01904,50.74063],[8.01929,50.74043],[8.01994,50.73989],[8.02054,50.73935],[8.02099,50.73897],[8.02151,50.73854],[8.02221,50.738],[8.02309,50.73727],[8.02348,50.73687],[8.02368,50.73663],[8.02368,50.73662],[8.02385,50.73638],[8.02419,50.736],[8.02537,50.73447],[8.0256,50.73422],[8.02566,50.73416],[8.02592,50.73401],[8.02682,50.73374],[8.0272,50.73364],[8.02719,50.73362],[8.02725,50.73344],[8.02784,50.73345],[8.02843,50.7334],[8.02869,50.73338],[8.02899,50.73331],[8.02944,50.73314],[8.02982,50.73295],[8.0306,50.73253],[8.0315,50.73197],[8.03182,50.73184],[8.03267,50.73152],[8.03335,50.73131],[8.03378,50.73117],[8.03412,50.731],[8.03418,50.73097],[8.03464,50.73066],[8.03585,50.72987],[8.03638,50.72954],[8.0365,50.72946],[8.0368,50.72927],[8.03895,50.72784],[8.04015,50.72701],[8.04031,50.72689],[8.04048,50.72644],[8.04058,50.72625],[8.04066,50.72591],[8.04066,50.72576],[8.04057,50.72516],[8.04058,50.72474],[8.04058,50.72437],[8.0405,50.7241],[8.04026,50.72366],[8.0402,50.72337],[8.0402,50.72335],[8.04031,50.72309],[8.04034,50.7231],[8.0408,50.72291],[8.04091,50.72279],[8.04094,50.72255],[8.04077,50.72227],[8.04063,50.72206],[8.04063,50.72181],[8.04062,50.7217],[8.04062,50.72159],[8.04065,50.72139],[8.04068,50.72135],[8.04086,50.72113],[8.0411,50.72091],[8.04123,50.72069],[8.04128,50.7205],[8.04121,50.72022],[8.04135,50.71972],[8.04183,50.71799],[8.0418,50.71787],[8.04194,50.71763],[8.04204,50.71744],[8.04205,50.7173],[8.04202,50.71699],[8.04201,50.71675],[8.04192,50.71568],[8.04192,50.71552],[8.04192,50.71543],[8.04196,50.71516],[8.0421,50.71455],[8.04217,50.71424],[8.04249,50.71352],[8.04254,50.71334],[8.04263,50.71316],[8.04308,50.71224],[8.04307,50.71214],[8.04292,50.71166],[8.04291,50.71161],[8.04275,50.71104],[8.04254,50.71027],[8.0415,50.70642],[8.04069,50.70339],[8.04055,50.70289],[8.04038,50.70226],[8.04036,50.70217],[8.04033,50.70209],[8.04011,50.70125],[8.03971,50.69979],[8.03951,50.69905],[8.03941,50.69866],[8.03934,50.69842],[8.03933,50.69837],[8.03915,50.69773],[8.03912,50.6976],[8.03895,50.69697],[8.03931,50.69693],[8.04582,50.69623],[8.05168,50.69578],[8.05178,50.69577],[8.05962,50.69516],[8.05968,50.69518],[8.06027,50.69529],[8.06032,50.69529],[8.06168,50.6963],[8.06477,50.69874],[8.06518,50.69907],[8.06547,50.69931],[8.06554,50.69936],[8.06609,50.69985],[8.06822,50.69989],[8.0712,50.70022],[8.07137,50.70072],[8.07138,50.70096],[8.07133,50.7012],[8.07097,50.70207],[8.0722,50.70311],[8.07229,50.70319],[8.0742,50.70481],[8.07472,50.70525],[8.07475,50.70526],[8.07532,50.70543],[8.07614,50.70567],[8.07779,50.70611],[8.07869,50.70636],[8.07899,50.70647],[8.0792,50.70649],[8.07954,50.70651],[8.07968,50.70634],[8.0798,50.7062],[8.08012,50.70582],[8.08065,50.70519],[8.08124,50.70449],[8.08219,50.70338],[8.08252,50.70299],[8.08258,50.703],[8.0856,50.70315],[8.08715,50.70335],[8.08733,50.70337],[8.08756,50.7034],[8.089,50.70359],[8.08924,50.70362],[8.0895,50.70365],[8.08963,50.70367],[8.09049,50.70356],[8.09231,50.70352],[8.09246,50.70352],[8.09258,50.70352],[8.09299,50.70352],[8.09418,50.70352],[8.09666,50.70351],[8.09887,50.70352],[8.09898,50.70352],[8.09905,50.70352],[8.09911,50.70351],[8.09919,50.70347],[8.09954,50.7033],[8.1002,50.70298],[8.10119,50.7025],[8.10233,50.7019],[8.1029,50.7016],[8.10334,50.70137],[8.10412,50.70094],[8.10533,50.70032],[8.10625,50.69986],[8.10688,50.69953],[8.10706,50.69947],[8.10726,50.69941],[8.10746,50.69935],[8.10743,50.69928],[8.10771,50.69912],[8.10799,50.699],[8.10849,50.69877],[8.10887,50.69855],[8.10983,50.69801],[8.10993,50.69794],[8.11052,50.69736],[8.11174,50.69612],[8.11233,50.69556],[8.11303,50.69476],[8.11306,50.69477],[8.11334,50.69449],[8.11371,50.69415],[8.11376,50.6941],[8.11383,50.69404],[8.1146,50.6933],[8.11522,50.6927],[8.11533,50.69259],[8.11547,50.69247],[8.11562,50.69234],[8.1157,50.69227],[8.11628,50.6918],[8.11715,50.69107],[8.11771,50.69063],[8.1179,50.69046],[8.11804,50.69036],[8.1182,50.69024],[8.11821,50.69023],[8.11841,50.69007],[8.11853,50.68995],[8.11872,50.68981],[8.11876,50.68978],[8.11886,50.68969],[8.11894,50.68961],[8.11898,50.68954],[8.11899,50.6895],[8.11906,50.68943],[8.11921,50.6893],[8.11967,50.68894],[8.11991,50.68874],[8.11999,50.68868],[8.12001,50.68866],[8.11997,50.68864],[8.12029,50.68843],[8.12106,50.68683],[8.12094,50.68605],[8.1209,50.6857],[8.12095,50.6857],[8.12083,50.68542],[8.12083,50.68541],[8.12084,50.68535],[8.12084,50.68525],[8.12234,50.68541],[8.12322,50.6855],[8.12321,50.68553],[8.12335,50.68554],[8.12344,50.68555],[8.12388,50.68561],[8.12398,50.68562],[8.12464,50.68571],[8.12519,50.68578],[8.1252,50.68575],[8.12596,50.68589],[8.12597,50.6859],[8.12607,50.68617],[8.1261,50.68626],[8.12616,50.68634],[8.12635,50.68656],[8.12637,50.68659],[8.1264,50.68676],[8.12642,50.68685],[8.12656,50.68726],[8.12656,50.68729],[8.12646,50.68763],[8.12645,50.68768],[8.12652,50.68794],[8.12653,50.68801],[8.12667,50.68901],[8.1266,50.68923],[8.12686,50.68931],[8.12697,50.68944],[8.12695,50.68987],[8.12691,50.69],[8.12689,50.69005],[8.1269,50.6901],[8.12693,50.69034],[8.12682,50.69042],[8.1268,50.69056],[8.12665,50.69066],[8.12669,50.69088],[8.12663,50.69103],[8.12639,50.69112],[8.12624,50.69123],[8.12639,50.69172],[8.12617,50.69181],[8.12605,50.69206],[8.1263,50.69241],[8.12621,50.69255],[8.12607,50.69277],[8.12695,50.69298],[8.12812,50.69413],[8.1283,50.6943],[8.1291,50.69496],[8.12947,50.69527],[8.13144,50.69692],[8.13382,50.69631],[8.13546,50.69591],[8.13646,50.69565],[8.13714,50.69467],[8.13734,50.69437],[8.13766,50.69394],[8.14026,50.69417],[8.1406,50.69439],[8.14254,50.69557],[8.14336,50.69667],[8.14457,50.69835],[8.14478,50.69861],[8.14847,50.70313],[8.14959,50.70451],[8.1501,50.70513],[8.15038,50.70546],[8.15043,50.70583],[8.15046,50.706],[8.15056,50.70667],[8.15068,50.70748],[8.15071,50.70766],[8.15092,50.70913],[8.15092,50.70922],[8.15096,50.71185],[8.15094,50.71245],[8.15094,50.71259],[8.15094,50.71267],[8.15095,50.71327],[8.15141,50.71384],[8.15192,50.71443],[8.15234,50.71492],[8.15339,50.71617],[8.15371,50.71655],[8.15531,50.71836],[8.1554,50.71847],[8.15544,50.71851],[8.15565,50.71891],[8.15668,50.72083],[8.15672,50.7209],[8.15922,50.72383],[8.16049,50.72494],[8.16025,50.7254],[8.16022,50.72542],[8.15974,50.72559],[8.15953,50.72566],[8.15907,50.72582],[8.15906,50.72585],[8.15968,50.7265],[8.16034,50.72703],[8.16039,50.72707],[8.16122,50.72751],[8.16141,50.72763],[8.16197,50.72802],[8.1623,50.72817],[8.16318,50.72962],[8.16322,50.72971],[8.16322,50.72972],[8.16334,50.73051],[8.16346,50.73112],[8.16428,50.73146],[8.16614,50.73222],[8.1667,50.73491],[8.16692,50.736],[8.16688,50.73619],[8.16608,50.73749],[8.16556,50.73838],[8.16517,50.73913],[8.16486,50.73982],[8.16453,50.74075],[8.16504,50.74135],[8.1647,50.74162],[8.16502,50.742],[8.16445,50.74227],[8.16437,50.74231],[8.16427,50.74242],[8.16383,50.74282],[8.16347,50.74314],[8.16298,50.74281],[8.16243,50.74247],[8.1624,50.74245],[8.16225,50.74234],[8.16214,50.74231],[8.16107,50.74166],[8.16097,50.74162],[8.16079,50.74154],[8.15983,50.74299],[8.1596,50.74326],[8.15953,50.74342],[8.1618,50.74433],[8.16175,50.74439],[8.16172,50.74443],[8.16227,50.74466],[8.16315,50.74501],[8.16354,50.74516],[8.16265,50.74573],[8.16104,50.74676],[8.16028,50.74727],[8.15839,50.74846],[8.15788,50.74879],[8.15784,50.74882],[8.15648,50.7486],[8.15548,50.74843],[8.15512,50.74837],[8.15493,50.74832],[8.15466,50.74857],[8.15453,50.74855],[8.15423,50.74899],[8.15398,50.74893],[8.15371,50.74972],[8.15342,50.75081],[8.15274,50.75082],[8.15303,50.75169],[8.15415,50.75163],[8.15415,50.75166],[8.1542,50.75231],[8.1529,50.75252],[8.15306,50.75333],[8.15281,50.75418],[8.15197,50.75509],[8.15175,50.75521],[8.15118,50.75551],[8.15039,50.75577],[8.15032,50.7558],[8.14923,50.75546],[8.14867,50.75524],[8.14781,50.75489],[8.14758,50.75478],[8.14753,50.75475],[8.14713,50.75521],[8.14707,50.75529],[8.14703,50.75535],[8.14699,50.75545],[8.14698,50.75549],[8.14698,50.75568],[8.14701,50.75593],[8.14698,50.75625],[8.14701,50.75626],[8.14705,50.75666],[8.14707,50.75695],[8.1472,50.75701],[8.14753,50.75718],[8.14855,50.75773],[8.1487,50.75781],[8.14877,50.75785],[8.14883,50.75788],[8.14914,50.75806],[8.14906,50.75812],[8.14898,50.75817],[8.14887,50.75821],[8.14875,50.7583],[8.14862,50.75838],[8.14852,50.75846],[8.1484,50.75857],[8.14861,50.75869],[8.15238,50.76072],[8.15253,50.76085],[8.15256,50.7609],[8.15261,50.76095],[8.15281,50.76111],[8.15309,50.76133],[8.15295,50.76145],[8.15269,50.76164],[8.15248,50.76181],[8.15233,50.76183],[8.15212,50.76185],[8.15192,50.76187],[8.15166,50.76189],[8.15155,50.7621],[8.15022,50.76244],[8.14904,50.76216],[8.14854,50.76242],[8.14831,50.76254],[8.14734,50.76247],[8.14684,50.76289],[8.14691,50.76318],[8.14696,50.76338],[8.1469,50.76345],[8.14689,50.76359],[8.14682,50.76375],[8.14684,50.76382],[8.14676,50.76388],[8.1468,50.764],[8.14667,50.76403],[8.14634,50.76401],[8.14631,50.76401],[8.14611,50.76397],[8.14513,50.76376],[8.14433,50.76352],[8.14405,50.76335],[8.14414,50.76303],[8.14441,50.7625],[8.14329,50.76225],[8.1432,50.76262],[8.14307,50.76317],[8.14281,50.76323],[8.14257,50.76329],[8.14236,50.76336],[8.14221,50.76343],[8.14214,50.76346],[8.14179,50.76359],[8.1418,50.76385],[8.14168,50.76387],[8.14166,50.76387],[8.14139,50.76393],[8.14099,50.76352],[8.14072,50.76353],[8.14055,50.76341],[8.14061,50.76313],[8.14012,50.76264],[8.13965,50.76249],[8.1395,50.7626],[8.13957,50.76284],[8.13959,50.76299],[8.13974,50.76321],[8.13982,50.76333],[8.13987,50.7634],[8.13993,50.76351],[8.14046,50.76355],[8.14073,50.76375],[8.14046,50.76384],[8.14024,50.76391],[8.13995,50.76416],[8.13917,50.76456],[8.13892,50.76476],[8.13803,50.76547],[8.1383,50.76562],[8.13829,50.76583],[8.13757,50.76607],[8.137,50.76628],[8.13692,50.76631],[8.13684,50.76637],[8.13672,50.76646],[8.13671,50.76649],[8.1367,50.76652],[8.13667,50.76654],[8.13592,50.76685],[8.13586,50.76691],[8.1358,50.76707],[8.13565,50.76742],[8.13582,50.76771],[8.13736,50.76924],[8.13814,50.77001],[8.13848,50.77036],[8.13861,50.77048],[8.13996,50.77057],[8.14019,50.77056],[8.14062,50.77054],[8.1416,50.77112],[8.1416,50.77114],[8.14176,50.77137],[8.14081,50.77204],[8.14027,50.77228],[8.13942,50.77242],[8.13943,50.77247],[8.13816,50.77273],[8.13736,50.7743],[8.13647,50.77492],[8.13608,50.77534],[8.13515,50.77568],[8.13343,50.77647],[8.1314,50.77687],[8.13221,50.77823],[8.13141,50.77868],[8.1301,50.7793],[8.12984,50.77942],[8.1298,50.77944],[8.13066,50.78014],[8.1308,50.78027],[8.13017,50.78079],[8.13115,50.78132],[8.13116,50.78135],[8.13118,50.78137],[8.13059,50.78194],[8.12987,50.78262],[8.12947,50.78299],[8.1294,50.78307],[8.12939,50.78317],[8.1296,50.78411],[8.12957,50.78413],[8.12947,50.7842],[8.1286,50.78478],[8.12829,50.78499],[8.12797,50.78559],[8.12795,50.78566],[8.12791,50.78581],[8.12789,50.78591],[8.12787,50.78598],[8.12784,50.78612],[8.12779,50.78646],[8.12834,50.78677],[8.12848,50.78652],[8.12881,50.78654],[8.12863,50.78713],[8.12862,50.78716],[8.12914,50.78727],[8.12979,50.78696],[8.13019,50.78695],[8.13066,50.78687],[8.13128,50.78678],[8.1314,50.78677],[8.13163,50.78674],[8.13171,50.78673],[8.13219,50.78677],[8.13298,50.78662],[8.13323,50.78663],[8.13339,50.78661],[8.1336,50.78664],[8.13369,50.78664],[8.13369,50.7867],[8.1335,50.78677],[8.13223,50.78694],[8.13137,50.78703],[8.13064,50.78712],[8.12983,50.78729],[8.12941,50.7874],[8.12883,50.78756],[8.12822,50.78773],[8.12702,50.78796],[8.12604,50.78816],[8.1255,50.78828],[8.12612,50.78856],[8.12683,50.78873],[8.12769,50.78891],[8.12821,50.78904],[8.12832,50.78906],[8.12844,50.78909],[8.12886,50.78916],[8.12907,50.7892],[8.12913,50.78921],[8.1294,50.78933],[8.12951,50.78938],[8.12977,50.78948],[8.12993,50.78954],[8.13032,50.78969],[8.13052,50.78978],[8.13076,50.78988],[8.13098,50.7898],[8.13121,50.78974],[8.13185,50.78942],[8.13305,50.78915],[8.13424,50.78945],[8.13441,50.78949],[8.13468,50.78933],[8.13512,50.78968],[8.13528,50.78973],[8.13585,50.78991],[8.13641,50.78993],[8.13652,50.78993],[8.13662,50.78995],[8.13726,50.79007],[8.13813,50.79041],[8.13848,50.79077],[8.13878,50.79108],[8.13909,50.7914],[8.13924,50.79155],[8.13953,50.79184],[8.13988,50.7922],[8.14064,50.79297],[8.14093,50.7933],[8.14095,50.79332],[8.14119,50.79351],[8.14144,50.79371],[8.14248,50.79456],[8.14419,50.79522],[8.14434,50.79528],[8.14531,50.79579],[8.14538,50.79582],[8.1458,50.79606],[8.14601,50.79617],[8.14666,50.79656],[8.14688,50.79669],[8.14791,50.797],[8.14875,50.7972],[8.15126,50.7973],[8.15219,50.79777],[8.15235,50.79785],[8.15275,50.79805],[8.15279,50.79807],[8.15351,50.79839],[8.15465,50.79887],[8.15555,50.79926],[8.15662,50.79967],[8.15764,50.80005],[8.1582,50.80025],[8.15918,50.80071],[8.15935,50.80078],[8.16023,50.80118],[8.16162,50.8017],[8.16365,50.80243],[8.16498,50.80295],[8.16511,50.80301],[8.16523,50.8031],[8.16534,50.8032],[8.1667,50.80458],[8.16705,50.8049],[8.1673,50.80514],[8.16803,50.80543],[8.16842,50.80559],[8.16846,50.8056],[8.1687,50.80568],[8.1686,50.80585],[8.16864,50.80599],[8.16871,50.8062],[8.16877,50.80643],[8.16884,50.80664],[8.16897,50.80684],[8.16909,50.80705],[8.16937,50.80745],[8.17019,50.80805],[8.17084,50.80852],[8.17092,50.80887],[8.171,50.80912],[8.17106,50.80928],[8.17126,50.80969],[8.17142,50.80999],[8.17172,50.81041],[8.17188,50.81065],[8.1719,50.81067],[8.17201,50.81082],[8.17221,50.81139],[8.17232,50.81201],[8.17236,50.81218],[8.17249,50.8125],[8.17286,50.81322],[8.17307,50.81365],[8.17338,50.81411],[8.17385,50.81485],[8.17399,50.81509],[8.17412,50.81531],[8.17425,50.81552],[8.1744,50.81577],[8.17466,50.8162],[8.17431,50.8165],[8.17399,50.81679],[8.17347,50.81732],[8.1735,50.81733],[8.17378,50.81745],[8.17455,50.81787],[8.17546,50.81834],[8.1759,50.81858],[8.17643,50.81886],[8.17785,50.81924],[8.17819,50.81934],[8.17851,50.81942],[8.17928,50.81966],[8.18021,50.81999],[8.18035,50.82053],[8.18038,50.82068],[8.1804,50.82085],[8.18038,50.821],[8.18034,50.82116],[8.18018,50.82155],[8.17998,50.822],[8.18074,50.82311],[8.18075,50.82312],[8.1821,50.82447],[8.18285,50.82505],[8.18313,50.82527],[8.18329,50.82543],[8.18413,50.82619],[8.18428,50.82628],[8.18442,50.82637],[8.18506,50.82685],[8.1852,50.82695],[8.18533,50.82703],[8.18546,50.82711],[8.18611,50.82759],[8.18633,50.82771],[8.18643,50.82778],[8.18653,50.82786],[8.18717,50.82837],[8.18739,50.82857],[8.1875,50.82866],[8.18833,50.8292],[8.18887,50.82935],[8.18939,50.82947],[8.18969,50.82956],[8.19002,50.82964],[8.19113,50.82991],[8.19131,50.82997],[8.19189,50.83015],[8.19255,50.83032],[8.19293,50.83041],[8.1931,50.83045],[8.1932,50.8305],[8.19332,50.83058],[8.19344,50.83069],[8.19367,50.83089],[8.19392,50.83109],[8.19405,50.83121],[8.19491,50.83209],[8.19553,50.8327],[8.19557,50.83274],[8.19667,50.83328],[8.19678,50.83333],[8.1972,50.83354],[8.19748,50.83366],[8.19765,50.83374],[8.19775,50.83377],[8.19811,50.83403],[8.19815,50.83405],[8.19833,50.83412],[8.19852,50.83419],[8.19871,50.83429],[8.19893,50.83436],[8.19914,50.83442],[8.19926,50.83447],[8.19965,50.83469],[8.19977,50.83473],[8.19995,50.83475],[8.20009,50.83479],[8.20027,50.83484],[8.20044,50.83491],[8.20071,50.83503],[8.20137,50.83529],[8.20181,50.83546],[8.20257,50.8357],[8.20353,50.83597],[8.20367,50.83602],[8.2038,50.83607],[8.20399,50.83612],[8.2044,50.83624],[8.20472,50.83627],[8.20812,50.83663],[8.20974,50.83753],[8.21084,50.83872],[8.21209,50.84014],[8.21286,50.8409],[8.21331,50.84134],[8.21368,50.84175],[8.2146,50.84223],[8.21467,50.84227],[8.21551,50.84276],[8.21658,50.8434],[8.21751,50.84397],[8.21767,50.84407],[8.21934,50.84518],[8.21971,50.84537],[8.22058,50.84583],[8.22064,50.84586],[8.22072,50.8459],[8.22149,50.84631],[8.2228,50.84678],[8.22354,50.84705],[8.22383,50.84715],[8.22491,50.84753],[8.2262,50.848],[8.22633,50.84805],[8.22656,50.84815],[8.23058,50.85091],[8.23064,50.85095],[8.23193,50.85456],[8.23207,50.85466],[8.23236,50.85484],[8.23284,50.85517],[8.23316,50.85539],[8.2336,50.85565],[8.23448,50.85617],[8.23507,50.85653],[8.23545,50.85673],[8.23571,50.85686],[8.23743,50.85769],[8.23798,50.85795],[8.2382,50.85809],[8.23839,50.85824],[8.23964,50.85937],[8.23999,50.86027],[8.24014,50.86074],[8.24015,50.86077],[8.24022,50.8609],[8.24035,50.86102],[8.24056,50.86119],[8.24281,50.863],[8.2429,50.86305],[8.24329,50.86313],[8.24383,50.86324],[8.24501,50.86347],[8.24565,50.86357],[8.24616,50.86367],[8.24639,50.86374],[8.24671,50.86392],[8.24716,50.86416],[8.24878,50.86491],[8.24979,50.8658],[8.24989,50.8659],[8.24995,50.86597],[8.2507,50.86691],[8.25093,50.86716],[8.25149,50.86777],[8.2518,50.86797],[8.25234,50.86828],[8.25321,50.86869],[8.25401,50.86906],[8.25582,50.86979],[8.25731,50.8704],[8.25788,50.87067],[8.25859,50.87101],[8.25919,50.87129],[8.25929,50.87134],[8.25923,50.87137],[8.25914,50.87142],[8.2602,50.87228],[8.26113,50.87345],[8.26144,50.87412],[8.26132,50.87501],[8.26114,50.87552],[8.26153,50.87598],[8.26365,50.8777],[8.26373,50.87776],[8.26577,50.87941],[8.26599,50.87957],[8.26641,50.87985],[8.26816,50.881],[8.26827,50.88094],[8.26831,50.88091],[8.26901,50.88139],[8.26944,50.88169],[8.27043,50.88252],[8.27162,50.88267],[8.2721,50.88271],[8.27464,50.8829],[8.27507,50.88291],[8.27556,50.88282],[8.27598,50.88266],[8.27735,50.88179],[8.27766,50.88159],[8.27809,50.88153],[8.27821,50.88154],[8.27829,50.88155],[8.2791,50.88166],[8.27968,50.88172],[8.28098,50.88184],[8.28128,50.88188],[8.28206,50.88196],[8.28364,50.88204],[8.28383,50.88212],[8.2844,50.88236],[8.2855,50.88279],[8.28604,50.88267],[8.28686,50.88259],[8.2883,50.88272],[8.28845,50.8827],[8.28923,50.88262],[8.2903,50.8825],[8.29098,50.88226],[8.29205,50.88211],[8.2919,50.88185],[8.29202,50.88151],[8.29195,50.88112],[8.29192,50.88098],[8.29172,50.88032],[8.29174,50.87974],[8.29166,50.87926],[8.29183,50.87869],[8.29172,50.87834],[8.29201,50.87664],[8.29253,50.87574],[8.29289,50.8752],[8.29466,50.87269],[8.29478,50.87251],[8.29493,50.8724],[8.29531,50.87209],[8.2956,50.8718],[8.29606,50.87136],[8.29678,50.8705],[8.29686,50.8704],[8.29716,50.87019],[8.29757,50.86989],[8.29811,50.86955],[8.29876,50.86922],[8.29908,50.86906],[8.29938,50.86891],[8.29979,50.8685],[8.29988,50.86843],[8.30055,50.86802],[8.3005,50.868],[8.30045,50.86799],[8.30063,50.86787],[8.30076,50.8676],[8.30104,50.867],[8.3013,50.86646],[8.30222,50.86576],[8.30465,50.86476],[8.30525,50.86433],[8.30522,50.86424],[8.305,50.86358],[8.30513,50.86279],[8.30543,50.86101],[8.30598,50.86101],[8.30761,50.86099],[8.30821,50.861],[8.30883,50.86103],[8.30976,50.86138],[8.31169,50.86177],[8.31417,50.86181],[8.31514,50.86168],[8.31561,50.86167],[8.31601,50.86167],[8.31718,50.86151],[8.31906,50.86124],[8.31979,50.86145],[8.3213,50.86211],[8.32181,50.86246],[8.32222,50.86273],[8.32359,50.86318],[8.3253,50.86339],[8.32624,50.86345],[8.32828,50.86368],[8.32892,50.86369],[8.32903,50.86369],[8.32931,50.8637],[8.33061,50.86422],[8.33069,50.86426],[8.3318,50.86459],[8.332,50.86465],[8.33263,50.86474],[8.33302,50.86479],[8.33509,50.86521],[8.33572,50.86541],[8.33686,50.86568],[8.33726,50.86574],[8.33884,50.86578],[8.34114,50.86547],[8.34281,50.86537],[8.34402,50.86513],[8.34541,50.8647],[8.3494,50.86528],[8.35147,50.86551],[8.35261,50.8655],[8.35299,50.86535],[8.35335,50.86478],[8.35437,50.8631],[8.35534,50.86203],[8.35834,50.8607],[8.36033,50.86117],[8.36159,50.86147],[8.36251,50.86168],[8.36323,50.86186],[8.36608,50.86254],[8.36713,50.86295],[8.36785,50.86342],[8.36922,50.86448],[8.36904,50.86487],[8.36859,50.86559],[8.36831,50.86607],[8.36777,50.86705],[8.36761,50.86733],[8.36704,50.8678],[8.36662,50.86814],[8.36648,50.86853],[8.36698,50.86931],[8.36735,50.86959],[8.36808,50.87013],[8.36789,50.87079],[8.36828,50.87146],[8.36838,50.87165],[8.36906,50.87225],[8.3698,50.87289],[8.37073,50.87353],[8.37119,50.87393],[8.3718,50.87432],[8.37327,50.87453],[8.37443,50.87474],[8.37463,50.87477],[8.37766,50.87531],[8.37954,50.87553],[8.38011,50.8756],[8.38057,50.87562],[8.38283,50.87571],[8.38393,50.87577],[8.38515,50.87583],[8.38572,50.87651],[8.38594,50.87677],[8.38621,50.87708],[8.38638,50.87729],[8.3866,50.87757],[8.38688,50.87817],[8.3871,50.87866],[8.38737,50.87925],[8.38771,50.88002],[8.38765,50.88026],[8.38759,50.88053],[8.38744,50.88108],[8.38722,50.88196],[8.38716,50.88218],[8.38701,50.88277],[8.38747,50.88379],[8.38774,50.88425],[8.38806,50.88481],[8.3884,50.88536],[8.38858,50.88626],[8.38841,50.88678],[8.38801,50.88721],[8.38764,50.88808],[8.38734,50.88883],[8.38714,50.88921],[8.38688,50.88987],[8.3867,50.89029],[8.38676,50.89051],[8.38691,50.8911],[8.38694,50.89121],[8.38732,50.8916],[8.38748,50.89177],[8.38793,50.89201],[8.38805,50.89207],[8.38902,50.89233],[8.38972,50.89283],[8.39062,50.89315],[8.39129,50.89345],[8.39195,50.89355],[8.39265,50.89374],[8.39316,50.89388],[8.39455,50.89423],[8.39681,50.8945],[8.40061,50.8969],[8.40159,50.89752],[8.40287,50.89833],[8.40517,50.89951],[8.40519,50.90105],[8.4056,50.90191],[8.40604,50.90223],[8.40735,50.90279],[8.40812,50.90324],[8.40854,50.90367],[8.40932,50.90427],[8.40969,50.9046],[8.41027,50.9048],[8.41097,50.90522],[8.4124,50.90597],[8.41545,50.90743],[8.41605,50.90772],[8.4166,50.908],[8.41732,50.90838],[8.418,50.9088],[8.41811,50.90888],[8.41865,50.90916],[8.41899,50.9093],[8.41944,50.90948],[8.42053,50.90986],[8.42192,50.91003],[8.42247,50.91022],[8.42252,50.91024],[8.42315,50.91046],[8.42424,50.91125],[8.4259,50.91194],[8.42663,50.91237],[8.42707,50.91293],[8.42719,50.91308],[8.42736,50.91329],[8.42811,50.91423],[8.42833,50.91444],[8.42981,50.91587],[8.43015,50.91613],[8.43149,50.91713],[8.43261,50.91782],[8.43322,50.91813],[8.4335,50.91831],[8.4338,50.91799],[8.43499,50.91733],[8.4355,50.9171],[8.4357,50.91701],[8.43642,50.91697],[8.43765,50.91676],[8.4391,50.91623],[8.43947,50.91609],[8.4397,50.91608],[8.44032,50.91604],[8.44051,50.91607],[8.44183,50.91629],[8.44216,50.91625],[8.44271,50.91618],[8.44328,50.91627],[8.44481,50.91619],[8.44569,50.91613],[8.44776,50.91602],[8.44823,50.91599],[8.44848,50.91631],[8.44859,50.91636],[8.45005,50.917],[8.45027,50.9171],[8.4563,50.91662],[8.45633,50.91666],[8.45636,50.9167],[8.45638,50.91675],[8.45661,50.91714],[8.45675,50.91737],[8.45694,50.91769],[8.45713,50.91801],[8.45722,50.91815],[8.45768,50.91894],[8.45812,50.91968],[8.45819,50.9198],[8.45879,50.91966],[8.45892,50.91963],[8.4593,50.91961],[8.45939,50.91964],[8.45942,50.91966],[8.45969,50.91964],[8.45958,50.91973],[8.45951,50.91979],[8.45938,50.91992],[8.4592,50.92011],[8.45914,50.92021],[8.45893,50.92056],[8.45845,50.92135],[8.45829,50.92162],[8.45731,50.92318],[8.45726,50.92326],[8.45723,50.92331],[8.45686,50.9239],[8.4566,50.92432],[8.45618,50.92499],[8.45609,50.92513],[8.456,50.92528],[8.4554,50.92623],[8.45523,50.92655],[8.45486,50.92726],[8.45475,50.9276],[8.45523,50.92807],[8.45553,50.92843],[8.4562,50.92909],[8.45614,50.92916],[8.45575,50.92965],[8.45533,50.93001],[8.45451,50.93065],[8.45412,50.93096],[8.45208,50.93183],[8.45153,50.93212],[8.45122,50.93236],[8.45072,50.93298],[8.45063,50.93317],[8.45053,50.93341],[8.45053,50.93378],[8.45063,50.93422],[8.45056,50.9347],[8.45049,50.93551],[8.45053,50.93596],[8.45054,50.93609],[8.45074,50.93711],[8.45135,50.93796],[8.4512,50.93836],[8.45057,50.93906],[8.45003,50.93945],[8.44967,50.93978],[8.44965,50.93984],[8.4494,50.94032],[8.44949,50.94105],[8.44968,50.94122],[8.45088,50.94228],[8.45164,50.94287],[8.45265,50.94339],[8.45401,50.94373],[8.45418,50.94382],[8.45521,50.94436],[8.45529,50.94444],[8.45573,50.94487],[8.45602,50.94533],[8.45619,50.9456],[8.45622,50.94562],[8.45757,50.94644],[8.45823,50.94685],[8.45891,50.94726],[8.45907,50.94737],[8.46001,50.94801],[8.46153,50.94903],[8.46184,50.9494],[8.46227,50.9499],[8.46145,50.95168],[8.4606,50.95152],[8.46014,50.9517],[8.45994,50.95177],[8.45961,50.95254],[8.45981,50.95274],[8.46004,50.95383],[8.46004,50.95395],[8.46005,50.95463],[8.46007,50.95495],[8.46009,50.95539],[8.4601,50.9556],[8.46012,50.95599],[8.46024,50.95704],[8.46069,50.95795],[8.46142,50.95874],[8.46135,50.95882],[8.46116,50.95904],[8.46073,50.95941],[8.46012,50.95977],[8.45997,50.96018],[8.45988,50.9604],[8.45954,50.96121],[8.45918,50.96173],[8.45917,50.9618],[8.45902,50.96259],[8.45888,50.96314],[8.45863,50.96412],[8.45862,50.96416],[8.45849,50.96435],[8.45833,50.96454],[8.45821,50.96463],[8.4574,50.96505],[8.45729,50.96526],[8.45771,50.966],[8.4588,50.96672],[8.4603,50.96717],[8.46201,50.96766],[8.46225,50.96783],[8.46275,50.96849],[8.46327,50.96869],[8.46395,50.96887],[8.46446,50.96911],[8.46498,50.96939],[8.46503,50.96942],[8.46522,50.96942],[8.46813,50.96942],[8.46866,50.96942],[8.47006,50.96941],[8.47211,50.96965],[8.47505,50.96971],[8.4762,50.96959],[8.47788,50.96919],[8.47785,50.96928],[8.47739,50.97061],[8.47654,50.97105],[8.475,50.97177],[8.47379,50.97239],[8.47361,50.97248],[8.47349,50.97339],[8.47328,50.97448],[8.47336,50.975],[8.47362,50.97533],[8.4742,50.97607],[8.47426,50.97612],[8.47477,50.97662],[8.47603,50.97758],[8.47647,50.97788],[8.47757,50.97866],[8.47754,50.97868],[8.47831,50.97923],[8.47904,50.97963],[8.47948,50.97984],[8.47973,50.97996],[8.47995,50.9801],[8.48019,50.9803],[8.48124,50.98127],[8.48196,50.98174],[8.48301,50.98248],[8.48319,50.9826],[8.48358,50.98282],[8.48554,50.98408],[8.48627,50.98442],[8.48688,50.98487],[8.48702,50.98507],[8.48746,50.98568],[8.48748,50.98571],[8.4875,50.98577],[8.48758,50.98582],[8.48775,50.98593],[8.48839,50.98615],[8.4885,50.98619],[8.49107,50.98661],[8.49104,50.98672],[8.49291,50.98758],[8.4931,50.98784],[8.49397,50.98795],[8.49475,50.98804],[8.4953,50.98826],[8.49618,50.98834],[8.49648,50.98917],[8.49707,50.98927],[8.49708,50.98932],[8.49723,50.9902],[8.49781,50.99128],[8.49743,50.99209],[8.49732,50.99232],[8.49731,50.99239],[8.49712,50.99317],[8.49731,50.99339],[8.49743,50.99353],[8.49747,50.99359],[8.49761,50.99375],[8.49771,50.99394],[8.49813,50.99446],[8.49859,50.99503],[8.49905,50.9956],[8.49915,50.99573],[8.49952,50.99618],[8.49962,50.9963],[8.49969,50.99639],[8.49976,50.99648],[8.49985,50.99658],[8.49986,50.9966],[8.49995,50.99671],[8.5001,50.9969],[8.50014,50.99694],[8.50066,50.99759],[8.50076,50.99771],[8.50097,50.99797],[8.50111,50.99815],[8.50133,50.99824],[8.50134,50.99842],[8.50157,50.99855],[8.50179,50.99863],[8.50203,50.99883],[8.50208,50.99883],[8.50272,50.99884],[8.50277,50.99887],[8.50341,50.99927],[8.50352,50.99936],[8.50363,50.99952],[8.50367,50.99962],[8.50379,50.99965],[8.50405,50.99971],[8.50441,50.99969],[8.50542,51.00027],[8.50591,51.00036],[8.50665,51.0005],[8.50672,51.00059],[8.50706,51.00078],[8.50817,51.00102],[8.50848,51.0011],[8.50856,51.00112],[8.50937,51.00151],[8.50989,51.00183],[8.51018,51.00216],[8.51045,51.00247],[8.51052,51.00276],[8.51069,51.00284],[8.5116,51.00373],[8.51265,51.00401],[8.51454,51.00492],[8.51461,51.00495],[8.51464,51.00496],[8.51454,51.00512],[8.51445,51.0053],[8.51441,51.00576],[8.51449,51.0061],[8.51385,51.00716],[8.51344,51.00756],[8.51337,51.00763],[8.51306,51.00833],[8.51291,51.00878],[8.5145,51.00909],[8.51488,51.00916],[8.51449,51.00962],[8.5144,51.00973],[8.51448,51.00976],[8.51449,51.00976],[8.51463,51.00981],[8.51502,51.00934],[8.51535,51.00943],[8.51544,51.00945],[8.51501,51.00979],[8.51665,51.00993],[8.51686,51.00989],[8.51798,51.00966],[8.51821,51.00989],[8.51861,51.00971],[8.51873,51.00966],[8.51924,51.00988],[8.51988,51.01001],[8.52113,51.01001],[8.52181,51.0101],[8.52257,51.01026],[8.52288,51.01022],[8.52289,51.01022],[8.52356,51.01004],[8.52369,51.00996],[8.5246,51.01008],[8.52564,51.01088],[8.52682,51.01164],[8.5277,51.01227],[8.52785,51.01242],[8.52847,51.01274],[8.5292,51.01316],[8.53012,51.01355],[8.53016,51.01349],[8.5303,51.01351],[8.53066,51.01359],[8.5305,51.01372],[8.53032,51.01394],[8.53057,51.01484],[8.53086,51.01547],[8.53098,51.01612],[8.53091,51.01669],[8.53085,51.01722],[8.53066,51.01805],[8.53134,51.0184],[8.5327,51.01844],[8.53354,51.0186],[8.53409,51.01863],[8.53489,51.01867],[8.53492,51.01869],[8.53503,51.01873],[8.53554,51.01887],[8.53632,51.01924],[8.53702,51.01948],[8.53754,51.01979],[8.53811,51.02],[8.53816,51.02002],[8.53813,51.02005],[8.53765,51.02038],[8.53737,51.02052],[8.53714,51.0206],[8.53665,51.02067],[8.53632,51.02069],[8.53594,51.02068],[8.53556,51.02063],[8.53537,51.02063],[8.53482,51.0207],[8.53461,51.02076],[8.53427,51.02097],[8.53527,51.02194],[8.53525,51.02217],[8.53534,51.02229],[8.53549,51.02236],[8.53514,51.02304],[8.5349,51.02351],[8.53468,51.02377],[8.53421,51.02429],[8.53411,51.02455],[8.5339,51.02484],[8.53366,51.02521],[8.5336,51.02529],[8.53318,51.02591],[8.53359,51.02605],[8.53404,51.02619],[8.53372,51.02635],[8.53209,51.02768],[8.53182,51.02813],[8.53172,51.02833],[8.53161,51.02873],[8.53147,51.02899],[8.53131,51.02919],[8.53103,51.02939],[8.53011,51.02977],[8.52926,51.03007],[8.52862,51.03025],[8.52843,51.03018],[8.52805,51.03005],[8.52788,51.02997],[8.52678,51.02998],[8.52676,51.03017],[8.52645,51.03053],[8.52627,51.03075],[8.52614,51.03131],[8.526,51.03141],[8.52586,51.03153],[8.52529,51.03178],[8.52501,51.0319],[8.52449,51.03211],[8.52417,51.03224],[8.52399,51.03243],[8.52407,51.03261],[8.52459,51.03312],[8.52563,51.03402],[8.52568,51.03424],[8.52548,51.03442],[8.52465,51.03453],[8.524,51.03458],[8.52325,51.03477],[8.5232,51.03513],[8.52316,51.03543],[8.52285,51.03599],[8.52308,51.0366],[8.52357,51.03714],[8.52417,51.03764],[8.52478,51.03818],[8.52504,51.03848],[8.5251,51.03858],[8.52513,51.03869],[8.52511,51.03879],[8.52503,51.0389],[8.52491,51.03902],[8.52469,51.03923],[8.52446,51.03939],[8.52431,51.03947],[8.52425,51.0395],[8.52375,51.0396],[8.52284,51.03978],[8.5222,51.03987],[8.52194,51.03992],[8.52161,51.04003],[8.52104,51.04035],[8.52078,51.04049],[8.52068,51.04056],[8.52063,51.04066],[8.52053,51.04088],[8.52051,51.041],[8.5206,51.04161],[8.52058,51.04201],[8.52066,51.04239],[8.52076,51.0426],[8.52078,51.04273],[8.52077,51.0429],[8.52071,51.04306],[8.52062,51.04321],[8.52051,51.04333],[8.52032,51.04341],[8.52029,51.0434],[8.52025,51.04337],[8.51922,51.04368],[8.51898,51.04388],[8.5188,51.0441],[8.51819,51.04366],[8.51733,51.04342],[8.51684,51.04347],[8.51602,51.04276],[8.51664,51.04246],[8.51683,51.04227],[8.51649,51.04205],[8.51658,51.04171],[8.51627,51.04164],[8.51532,51.04142],[8.51506,51.04136],[8.51452,51.04118],[8.51447,51.04115],[8.51441,51.04111],[8.51427,51.04034],[8.51417,51.04034],[8.51413,51.04033],[8.51379,51.04007],[8.51379,51.03998],[8.51406,51.0398],[8.51418,51.03972],[8.5143,51.03959],[8.51431,51.03933],[8.51428,51.03911],[8.51419,51.03903],[8.51397,51.03888],[8.51389,51.03884],[8.51377,51.03878],[8.51352,51.03874],[8.51336,51.03867],[8.5133,51.0386],[8.51326,51.0386],[8.51314,51.03861],[8.51256,51.03862],[8.5123,51.03853],[8.51169,51.03846],[8.51122,51.03834],[8.5111,51.03826],[8.51095,51.03813],[8.51093,51.03812],[8.51035,51.03782],[8.51012,51.03777],[8.50998,51.03765],[8.50962,51.03751],[8.50944,51.03741],[8.50935,51.03736],[8.5088,51.03722],[8.50751,51.03691],[8.50748,51.03694],[8.50741,51.037],[8.50697,51.03742],[8.50648,51.03794],[8.50629,51.0381],[8.50594,51.03839],[8.50578,51.03855],[8.5056,51.03877],[8.50541,51.03901],[8.50532,51.03912],[8.50524,51.03919],[8.50427,51.04005],[8.50419,51.04017],[8.50407,51.04031],[8.50408,51.04038],[8.50401,51.04042],[8.50387,51.0405],[8.50406,51.04087],[8.50433,51.04131],[8.50465,51.04171],[8.50491,51.042],[8.50519,51.04226],[8.50532,51.04237],[8.50552,51.04248],[8.50661,51.04306],[8.5068,51.04322],[8.50688,51.04332],[8.50703,51.04354],[8.50709,51.04381],[8.50715,51.04396],[8.50722,51.04409],[8.50734,51.04429],[8.50743,51.04456],[8.50747,51.04469],[8.50748,51.04474],[8.50748,51.04489],[8.50944,51.047],[8.51021,51.04784],[8.51064,51.04828],[8.51084,51.04849],[8.51143,51.0491],[8.51195,51.04964],[8.51227,51.04995],[8.5129,51.05062],[8.51346,51.05099],[8.51362,51.05117],[8.51381,51.05137],[8.51406,51.05144],[8.51462,51.05161],[8.51497,51.05172],[8.51523,51.05151],[8.51517,51.05148],[8.51574,51.05107],[8.51578,51.0511],[8.51621,51.05126],[8.51652,51.0513],[8.51689,51.05131],[8.51731,51.05118],[8.5182,51.05073],[8.51901,51.05047],[8.51965,51.05017],[8.51997,51.05016],[8.52004,51.05015],[8.5202,51.05021],[8.52057,51.05033],[8.52058,51.05039],[8.52063,51.05063],[8.52046,51.0511],[8.52055,51.05183],[8.5205,51.05246],[8.52063,51.05276],[8.52071,51.05283],[8.51989,51.05325],[8.51868,51.05345],[8.51884,51.0536],[8.51914,51.05375],[8.51997,51.05407],[8.52022,51.05411],[8.52041,51.0541],[8.52154,51.0539],[8.52181,51.05387],[8.52194,51.0539],[8.52212,51.05398],[8.52219,51.05408],[8.5222,51.05418],[8.52215,51.05432],[8.52205,51.05452],[8.52193,51.05475],[8.5217,51.05508],[8.52159,51.05529],[8.52154,51.05538],[8.52156,51.05555],[8.52179,51.05574],[8.52199,51.05587],[8.52226,51.05602],[8.52257,51.05615],[8.52282,51.05624],[8.52339,51.0564],[8.52371,51.05652],[8.52395,51.05671],[8.52406,51.05683],[8.52411,51.05693],[8.52406,51.05704],[8.52395,51.05714],[8.52389,51.05716],[8.52378,51.05719],[8.5236,51.05718],[8.52311,51.05715],[8.5231,51.0572],[8.52306,51.05751],[8.52319,51.05822],[8.52325,51.05853],[8.52343,51.05873],[8.52367,51.05898],[8.52377,51.05908],[8.52395,51.05927],[8.5248,51.06024],[8.52519,51.06069],[8.52525,51.06076],[8.52577,51.06136],[8.52587,51.0614],[8.52595,51.06143],[8.52606,51.06166],[8.52624,51.06196],[8.52647,51.06237],[8.52678,51.06249],[8.52684,51.06271],[8.52693,51.06297],[8.52646,51.06338],[8.5259,51.06387],[8.52575,51.064],[8.52546,51.0639],[8.52538,51.06387],[8.52515,51.06379],[8.52509,51.06377],[8.52486,51.064],[8.52462,51.0642],[8.52405,51.06468],[8.5233,51.06533],[8.52319,51.06548],[8.52305,51.06557],[8.52287,51.0658],[8.52271,51.06611],[8.52262,51.0664],[8.52252,51.06664],[8.5224,51.06682],[8.52229,51.06697],[8.52228,51.06699],[8.52224,51.06705],[8.522,51.06731],[8.5217,51.06747],[8.5212,51.06765],[8.52096,51.06776],[8.52087,51.0678],[8.52084,51.06781],[8.5207,51.06788],[8.52058,51.06797],[8.52042,51.06807],[8.52014,51.06823],[8.52015,51.06826],[8.51946,51.0687],[8.5192,51.06875],[8.51917,51.06876],[8.5191,51.06878],[8.51901,51.06882],[8.51862,51.06902],[8.51809,51.06911],[8.51758,51.06927],[8.51712,51.06949],[8.51632,51.06986],[8.51604,51.07002],[8.5158,51.07004],[8.51537,51.07036],[8.51531,51.07034],[8.51505,51.07037],[8.51445,51.07045],[8.51399,51.07049],[8.51393,51.07049],[8.51382,51.07049],[8.51363,51.07049],[8.51335,51.07049],[8.51308,51.07047],[8.51292,51.07056],[8.51273,51.07063],[8.51257,51.07072],[8.51247,51.07082],[8.51235,51.07089],[8.51218,51.07092],[8.51191,51.07097],[8.51176,51.07098],[8.51157,51.07104],[8.51144,51.07105],[8.51129,51.07106],[8.51118,51.07106],[8.51094,51.07111],[8.51077,51.07113],[8.51068,51.07113],[8.51054,51.07119],[8.51039,51.07123],[8.51029,51.07124],[8.51018,51.07125],[8.50999,51.07122],[8.50972,51.07118],[8.50944,51.07117],[8.50923,51.0712],[8.50905,51.07127],[8.50891,51.07135],[8.50872,51.07142],[8.50863,51.07144],[8.50855,51.07145],[8.50839,51.07145],[8.50832,51.07144],[8.50822,51.07143],[8.50802,51.07149],[8.50797,51.07152],[8.50787,51.07157],[8.50776,51.07165],[8.50774,51.07167],[8.50772,51.07175],[8.50769,51.07184],[8.50755,51.0719],[8.50751,51.07191],[8.50734,51.07196],[8.5072,51.07198],[8.50702,51.07197],[8.50658,51.07207],[8.50658,51.07215],[8.50652,51.07222],[8.50645,51.07223],[8.506,51.07222],[8.50594,51.07226],[8.50593,51.07227],[8.50592,51.07228],[8.50591,51.0723],[8.50592,51.0724],[8.50599,51.07245],[8.50603,51.07247],[8.50606,51.07249],[8.50612,51.07253],[8.50612,51.07258],[8.50604,51.07272],[8.50601,51.07276],[8.50594,51.07279],[8.50562,51.07287],[8.50552,51.0729],[8.50549,51.07298],[8.5055,51.07302],[8.5056,51.07304],[8.50564,51.07306],[8.50566,51.0731],[8.50562,51.07319],[8.5056,51.07324],[8.50555,51.07328],[8.50536,51.07345],[8.5053,51.0735],[8.50523,51.07351],[8.50505,51.0735],[8.50496,51.07347],[8.50491,51.07342],[8.5049,51.07336],[8.50488,51.07332],[8.50484,51.0733],[8.5047,51.07328],[8.5045,51.0733],[8.5043,51.0734],[8.50423,51.07347],[8.50426,51.07358],[8.50423,51.07367],[8.50424,51.07383],[8.50426,51.07392],[8.50427,51.07397],[8.50423,51.074],[8.50409,51.07401],[8.50405,51.07401],[8.50389,51.07405],[8.50342,51.07418],[8.50309,51.07438],[8.5029,51.0745],[8.50271,51.07465],[8.50261,51.0748],[8.50274,51.07497],[8.50292,51.07508],[8.50297,51.07514],[8.50298,51.07516],[8.5029,51.07524],[8.50271,51.07539],[8.50262,51.07552],[8.50256,51.07568],[8.50261,51.07584],[8.50269,51.07602],[8.50276,51.0761],[8.50288,51.07626],[8.5029,51.07636],[8.50281,51.07648],[8.50271,51.0766],[8.50257,51.07676],[8.50236,51.07692],[8.50221,51.07711],[8.50219,51.07714],[8.50209,51.07723],[8.50193,51.07731],[8.50188,51.07737],[8.50176,51.07748],[8.50158,51.07761],[8.50151,51.07772],[8.50157,51.07783],[8.50174,51.07803],[8.50176,51.07809],[8.5018,51.07822],[8.5018,51.07824],[8.50181,51.07829],[8.50174,51.07875],[8.50172,51.07882],[8.50165,51.07901],[8.50162,51.07915],[8.50163,51.07945],[8.50168,51.07963],[8.50172,51.07969],[8.50177,51.07974],[8.50195,51.07988],[8.50205,51.07996],[8.5021,51.08005],[8.5022,51.08014],[8.50233,51.08019],[8.50257,51.08025],[8.50266,51.08028],[8.50271,51.08033],[8.50282,51.08045],[8.50301,51.08061],[8.5033,51.08085],[8.50352,51.08102],[8.50371,51.08114],[8.50392,51.08131],[8.50418,51.08152],[8.50467,51.08186],[8.50483,51.08189],[8.50494,51.08196],[8.50497,51.08205],[8.50509,51.08209],[8.50536,51.0822],[8.50553,51.08229],[8.50559,51.08233],[8.5056,51.08239],[8.50565,51.08243],[8.50621,51.0826],[8.50628,51.08262],[8.5063,51.08269],[8.50624,51.08278],[8.50611,51.08285],[8.50603,51.08293],[8.50603,51.08303],[8.50604,51.08325],[8.5061,51.08349],[8.50611,51.08363],[8.50615,51.0837],[8.50625,51.0837],[8.50643,51.08372],[8.50658,51.0838],[8.50674,51.08395],[8.5068,51.08402],[8.50685,51.08405],[8.50713,51.0842],[8.5072,51.08426],[8.50725,51.08438],[8.5074,51.08472],[8.50758,51.08492],[8.50769,51.08502],[8.50782,51.0852],[8.50798,51.08533],[8.50806,51.08543],[8.50816,51.0855],[8.5086,51.08572],[8.50884,51.08581],[8.50897,51.08588],[8.50905,51.08591],[8.50915,51.08593],[8.50941,51.08595],[8.50963,51.08597],[8.50977,51.08599],[8.50988,51.08597],[8.50999,51.08603],[8.51016,51.08609],[8.51022,51.08611],[8.51029,51.08612],[8.51062,51.08615],[8.51072,51.08615],[8.5109,51.08614],[8.5111,51.08617],[8.51126,51.08617],[8.51161,51.0862],[8.51202,51.08621],[8.51205,51.08622],[8.51213,51.08624],[8.51226,51.08631],[8.51255,51.08641],[8.51285,51.08654],[8.51309,51.08662],[8.51327,51.08675],[8.51368,51.08694],[8.51393,51.08704],[8.51407,51.08711],[8.51422,51.08721],[8.51436,51.08728],[8.5144,51.0873],[8.51443,51.0873],[8.51451,51.08731],[8.51458,51.08736],[8.5147,51.08746],[8.51526,51.08786],[8.51543,51.08805],[8.51549,51.08821],[8.51559,51.08845],[8.51591,51.0888],[8.51602,51.08895],[8.51602,51.08903],[8.51601,51.08911],[8.51598,51.08924],[8.51599,51.08927],[8.51596,51.0893],[8.51575,51.08934],[8.51564,51.08945],[8.51565,51.08953],[8.5157,51.08961],[8.5158,51.08969],[8.5159,51.08981],[8.5159,51.08989],[8.5159,51.08993],[8.51591,51.09002],[8.51585,51.09008],[8.51588,51.09013],[8.51594,51.09016],[8.516,51.09018],[8.5161,51.09021],[8.51626,51.0902],[8.51645,51.09028],[8.51651,51.09032],[8.51676,51.09031],[8.51718,51.09042],[8.51725,51.09044],[8.51729,51.09045],[8.51733,51.09047],[8.51735,51.09052],[8.51751,51.0906],[8.51762,51.09059],[8.51765,51.09067],[8.51768,51.09073],[8.51791,51.09081],[8.51816,51.09081],[8.51846,51.09083],[8.51915,51.09086],[8.51995,51.09091],[8.52013,51.09092],[8.52022,51.09092],[8.52034,51.09093],[8.52076,51.09093],[8.52109,51.09084],[8.52127,51.09078],[8.52157,51.09069],[8.52206,51.09038],[8.52285,51.09114],[8.52298,51.09126],[8.52304,51.09132],[8.52319,51.09146],[8.52344,51.09173],[8.52479,51.09341],[8.52507,51.09388],[8.52571,51.09498],[8.52587,51.09525],[8.52602,51.09541],[8.52704,51.09651],[8.52724,51.09661],[8.52742,51.0967],[8.52961,51.09784],[8.52967,51.09783],[8.53135,51.09761],[8.53216,51.0975],[8.53291,51.0974],[8.53386,51.09729],[8.53403,51.09727],[8.53441,51.09721],[8.53451,51.09719],[8.53496,51.09713],[8.53546,51.09705],[8.53577,51.09699],[8.5358,51.09698],[8.53796,51.09654],[8.53826,51.09647],[8.53999,51.09612],[8.54124,51.09586],[8.54214,51.09613],[8.54271,51.09632],[8.54274,51.09636],[8.54301,51.09674],[8.54365,51.09762],[8.54383,51.09785],[8.54384,51.09807],[8.54385,51.09816],[8.54406,51.09845],[8.54436,51.0988],[8.54479,51.09932],[8.54488,51.09944]]],[[[7.78108,50.93469],[7.78144,50.93507],[7.78538,50.93925],[7.78605,50.93997],[7.78611,50.94003],[7.78855,50.94088],[7.78708,50.94186],[7.78482,50.94301],[7.7814,50.94484],[7.7814,50.94686],[7.78322,50.94878],[7.78844,50.95653],[7.78825,50.96406],[7.78751,50.96939],[7.78507,50.975],[7.78652,50.97935],[7.78475,50.98261],[7.77863,50.9838],[7.77283,50.98419],[7.76982,50.98378],[7.76244,50.98256],[7.75555,50.98287],[7.74945,50.98105],[7.74632,50.98304],[7.74176,50.98676],[7.73585,50.98863],[7.73217,50.98898],[7.72785,50.99007],[7.72675,50.9928],[7.72626,50.99991],[7.72717,51.00411],[7.72636,51.00707],[7.72068,51.00952],[7.70753,51.00938],[7.7004,51.00751],[7.68904,51.00822],[7.68058,51.00653],[7.67744,51.00664],[7.67484,51.00897],[7.67242,51.01112],[7.66572,51.01123],[7.65895,51.01165],[7.64928,51.01203],[7.64442,51.01304],[7.62932,51.01347],[7.61821,51.01365],[7.61105,51.01113],[7.60854,51.00615],[7.59986,51.00604],[7.58632,51.00664],[7.57819,51.00822],[7.56528,51.00783],[7.55691,51.0056],[7.55724,51.00263],[7.56024,50.99917],[7.55791,50.9964],[7.55057,50.99196],[7.54462,50.9893],[7.53339,50.98589],[7.52107,50.98649],[7.51459,50.989],[7.50843,50.99311],[7.49989,50.99597],[7.49359,50.99322],[7.48969,50.98701],[7.47502,50.98537],[7.45593,50.98641],[7.43341,50.98684],[7.43149,50.9867],[7.43102,50.98817],[7.42897,50.9915],[7.41828,50.99379],[7.41103,50.99415],[7.41184,50.99857],[7.41481,51.00364],[7.41496,51.00989],[7.41337,51.01047],[7.4148,51.01282],[7.41423,51.01532],[7.41278,51.01896],[7.41418,51.02038],[7.41495,51.02249],[7.41199,51.02416],[7.41335,51.02677],[7.41526,51.02767],[7.41907,51.02905],[7.42555,51.03032],[7.43105,51.03203],[7.43505,51.03334],[7.43797,51.03627],[7.43595,51.03868],[7.43464,51.04],[7.43571,51.04245],[7.43691,51.04624],[7.43725,51.0486],[7.44277,51.04978],[7.4463,51.05078],[7.44821,51.05312],[7.45346,51.05335],[7.45623,51.05532],[7.4544,51.05789],[7.45047,51.05966],[7.4522,51.06209],[7.45487,51.06551],[7.45826,51.07066],[7.46195,51.0707],[7.46561,51.07148],[7.46526,51.07478],[7.46511,51.07748],[7.46624,51.07982],[7.4677,51.08136],[7.4729,51.08105],[7.47833,51.08135],[7.48277,51.08419],[7.49008,51.08447],[7.49575,51.08483],[7.49853,51.08671],[7.50264,51.08753],[7.50314,51.09088],[7.50138,51.09672],[7.50067,51.10006],[7.5006,51.11141],[7.50051,51.11598],[7.50025,51.12035],[7.50139,51.12452],[7.50056,51.12763],[7.49734,51.13006],[7.49294,51.13118],[7.49121,51.13249],[7.49013,51.13572],[7.48773,51.13698],[7.48468,51.13778],[7.483,51.14095],[7.48214,51.14338],[7.47966,51.1451],[7.47679,51.14772],[7.47559,51.14923],[7.47468,51.15101],[7.47549,51.15399],[7.47715,51.1569],[7.47908,51.16074],[7.47925,51.16291],[7.48595,51.16185],[7.48724,51.1632],[7.48651,51.16513],[7.48115,51.16606],[7.47706,51.16703],[7.47414,51.1676],[7.47089,51.16874],[7.47012,51.17002],[7.46772,51.17121],[7.46353,51.17146],[7.45936,51.17133],[7.45777,51.17344],[7.45886,51.17543],[7.45881,51.17677],[7.45696,51.17788],[7.453,51.1784],[7.44882,51.1785],[7.44599,51.17998],[7.4438,51.18003],[7.4418,51.18202],[7.44128,51.18472],[7.43863,51.18803],[7.43498,51.19004],[7.43131,51.19292],[7.42886,51.19559],[7.42472,51.19801],[7.42565,51.20095],[7.42919,51.20355],[7.43315,51.20829],[7.438,51.21201],[7.44105,51.21483],[7.44535,51.21694],[7.44882,51.21836],[7.45151,51.21942],[7.45258,51.22187],[7.45073,51.22284],[7.4481,51.22356],[7.44552,51.22612],[7.44274,51.22776],[7.44123,51.2293],[7.43579,51.23075],[7.4306,51.23167],[7.42439,51.23231],[7.41944,51.23186],[7.41571,51.23261],[7.4162,51.236],[7.41621,51.23753],[7.41593,51.24034],[7.41426,51.24317],[7.41553,51.24487],[7.41662,51.24671],[7.41806,51.25084],[7.41625,51.25215],[7.40822,51.25295],[7.40183,51.2534],[7.39798,51.25262],[7.39384,51.2531],[7.39136,51.25443],[7.38724,51.25613],[7.38326,51.25714],[7.3775,51.2571],[7.37193,51.25672],[7.36638,51.25595],[7.36385,51.25531],[7.3612,51.25474],[7.36002,51.25221],[7.36178,51.25041],[7.36054,51.24772],[7.35821,51.24503],[7.35531,51.24312],[7.35177,51.24357],[7.34949,51.24475],[7.34766,51.24648],[7.34459,51.24765],[7.34207,51.24853],[7.33995,51.25002],[7.33808,51.25163],[7.33488,51.25102],[7.33122,51.25165],[7.32684,51.25201],[7.32328,51.25146],[7.3197,51.24992],[7.31978,51.2476],[7.31856,51.24606],[7.31622,51.2455],[7.31305,51.24598],[7.31097,51.24633],[7.30906,51.24543],[7.30731,51.24358],[7.3049,51.24328],[7.30411,51.24479],[7.3024,51.24533],[7.29813,51.24581],[7.29606,51.246],[7.29534,51.24755],[7.29884,51.24791],[7.30377,51.24764],[7.30928,51.24779],[7.31142,51.24893],[7.31058,51.25048],[7.30435,51.25161],[7.30208,51.2539],[7.2988,51.254],[7.29634,51.2532],[7.29434,51.25157],[7.2923,51.2509],[7.28896,51.25104],[7.28835,51.25271],[7.28719,51.25459],[7.28488,51.25479],[7.28333,51.25225],[7.28036,51.25225],[7.27777,51.25354],[7.27586,51.25587],[7.28166,51.25653],[7.28112,51.25801],[7.27526,51.25899],[7.27267,51.25998],[7.27085,51.25995],[7.26748,51.25929],[7.26782,51.25671],[7.26783,51.2548],[7.26697,51.25357],[7.26517,51.25297],[7.26284,51.25355],[7.26158,51.25494],[7.25875,51.25573],[7.25358,51.2563],[7.24927,51.25632],[7.24786,51.255],[7.24442,51.25461],[7.24138,51.25479],[7.23974,51.25636],[7.23731,51.25644],[7.23281,51.25664],[7.23063,51.25657],[7.22956,51.25766],[7.23254,51.25907],[7.23471,51.25941],[7.23592,51.26106],[7.23363,51.26236],[7.23552,51.26365],[7.23794,51.2638],[7.24034,51.2644],[7.24213,51.26687],[7.24059,51.26913],[7.2361,51.26918],[7.2338,51.2704],[7.23521,51.27179],[7.23732,51.27209],[7.24174,51.27227],[7.24216,51.27406],[7.24006,51.27506],[7.23634,51.27558],[7.23546,51.27773],[7.23482,51.27883],[7.23437,51.28107],[7.23282,51.28325],[7.23547,51.28382],[7.23787,51.28474],[7.23609,51.28669],[7.22986,51.28766],[7.22238,51.28956],[7.21738,51.29017],[7.21309,51.29117],[7.20651,51.29187],[7.2051,51.29277],[7.20575,51.29335],[7.20895,51.29376],[7.20987,51.29512],[7.20688,51.29637],[7.20284,51.29713],[7.2014,51.29749],[7.19852,51.29647],[7.19565,51.29616],[7.1901,51.29529],[7.18727,51.29533],[7.18556,51.29635],[7.18552,51.29745],[7.18454,51.29856],[7.18009,51.29885],[7.1763,51.29872],[7.17392,51.29908],[7.16708,51.29989],[7.16748,51.30522],[7.16708,51.31214],[7.16784,51.32502],[7.1675,51.32761],[7.16575,51.32868],[7.16261,51.32989],[7.16075,51.33218],[7.16044,51.33385],[7.15712,51.33494],[7.15189,51.33501],[7.14805,51.33533],[7.14457,51.33566],[7.14349,51.33682],[7.14362,51.33797],[7.14515,51.33936],[7.14485,51.3408],[7.14182,51.34194],[7.13881,51.3428],[7.13448,51.34471],[7.13235,51.34624],[7.13026,51.3483],[7.13014,51.34967],[7.13188,51.35019],[7.13589,51.35026],[7.14445,51.35051],[7.14507,51.35173],[7.14493,51.35382],[7.14247,51.35443],[7.13802,51.35482],[7.13394,51.35494],[7.12929,51.35563],[7.12769,51.35751],[7.12868,51.35878],[7.13344,51.35985],[7.1385,51.36092],[7.14079,51.3629],[7.14156,51.36489],[7.14105,51.36697],[7.14025,51.37035],[7.13738,51.37194],[7.13362,51.37325],[7.13028,51.37457],[7.12581,51.37526],[7.12425,51.37622],[7.12174,51.37809],[7.11913,51.37961],[7.11525,51.38061],[7.1104,51.38034],[7.1072,51.38105],[7.10448,51.38215],[7.10098,51.38301],[7.09666,51.38294],[7.09273,51.3839],[7.09168,51.38579],[7.08962,51.38705],[7.08454,51.38769],[7.08205,51.38761],[7.07959,51.38677],[7.07841,51.38427],[7.07672,51.38253],[7.07386,51.38112],[7.0693,51.37822],[7.06777,51.37546],[7.06582,51.37265],[7.0616,51.37041],[7.05551,51.36764],[7.05328,51.36429],[7.05227,51.36245],[7.05127,51.36015],[7.04794,51.35982],[7.0457,51.3596],[7.04301,51.35845],[7.04154,51.35583],[7.04038,51.35448],[7.03385,51.3538],[7.02875,51.35345],[7.02703,51.35384],[7.02596,51.35489],[7.02596,51.35622],[7.02519,51.35723],[7.02593,51.35835],[7.02542,51.36017],[7.02134,51.36044],[7.0182,51.36134],[7.01775,51.36476],[7.01429,51.36744],[7.01162,51.36717],[7.01309,51.36419],[7.01381,51.36153],[7.0134,51.35987],[7.01003,51.35968],[7.00788,51.35983],[7.00533,51.3598],[7.00367,51.35954],[7.00272,51.35962],[7.00163,51.3598],[7.00031,51.36027],[7.00044,51.36107],[7.00108,51.36181],[7.00157,51.36449],[7.00183,51.36963],[7.00204,51.37607],[7.002,51.38243],[7.00273,51.38678],[7.00289,51.39009],[7.00434,51.39297],[7.0047,51.39724],[7.00161,51.39978],[6.99435,51.40019],[6.98705,51.40014],[6.97756,51.40001],[6.96723,51.39972],[6.95895,51.39969],[6.95396,51.39964],[6.95165,51.40105],[6.95267,51.40263],[6.96135,51.40735],[6.96421,51.40869],[6.96829,51.41002],[6.97247,51.41192],[6.97495,51.4136],[6.97778,51.41563],[6.97733,51.41764],[6.97595,51.42134],[6.97582,51.42416],[6.98023,51.42644],[6.98273,51.42904],[6.98437,51.43188],[6.98661,51.43367],[6.98748,51.43738],[6.98488,51.43836],[6.97905,51.43933],[6.97385,51.43977],[6.97062,51.44128],[6.96374,51.4412],[6.95933,51.44298],[6.95761,51.44611],[6.95803,51.44776],[6.95738,51.44995],[6.95565,51.45187],[6.95035,51.45318],[6.94785,51.45318],[6.94324,51.45134],[6.94021,51.45228],[6.93587,51.45399],[6.93562,51.45555],[6.93501,51.45813],[6.93186,51.45922],[6.92843,51.45961],[6.92367,51.46105],[6.92236,51.46301],[6.92229,51.46464],[6.9243,51.46593],[6.92565,51.46851],[6.92277,51.4701],[6.91782,51.47031],[6.91434,51.47322],[6.91003,51.47413],[6.90596,51.4752],[6.9047,51.47727],[6.90116,51.47885],[6.8953,51.47893],[6.89043,51.47877],[6.88537,51.47868],[6.87929,51.47845],[6.87713,51.47758],[6.87148,51.47713],[6.8658,51.47615],[6.86523,51.47789],[6.86205,51.47943],[6.86017,51.47917],[6.85887,51.47686],[6.85767,51.47528],[6.85497,51.47443],[6.84634,51.4737],[6.83977,51.47354],[6.83544,51.47472],[6.83266,51.47551],[6.83023,51.47535],[6.82814,51.47447],[6.82577,51.47309],[6.82369,51.47191],[6.81912,51.46928],[6.81442,51.4682],[6.81071,51.46535],[6.80769,51.46236],[6.80848,51.45735],[6.80688,51.45496],[6.80396,51.45247],[6.80169,51.45011],[6.79658,51.44872],[6.79205,51.44677],[6.78754,51.4468],[6.78225,51.44521],[6.78108,51.44306],[6.7849,51.43833],[6.79064,51.43307],[6.79306,51.43083],[6.79189,51.4286],[6.78987,51.42617],[6.79051,51.4218],[6.79244,51.4183],[6.79719,51.41454],[6.80376,51.41097],[6.80692,51.40718],[6.8066,51.40371],[6.80266,51.40071],[6.79758,51.40016],[6.79018,51.39956],[6.78384,51.39845],[6.77912,51.3979],[6.77227,51.39739],[6.76749,51.3981],[6.76384,51.39933],[6.75988,51.39948],[6.75542,51.39974],[6.75232,51.40078],[6.75189,51.40226],[6.75165,51.4055],[6.75013,51.40913],[6.74807,51.41278],[6.74388,51.41738],[6.73908,51.42094],[6.73415,51.42462],[6.72853,51.42858],[6.72522,51.4316],[6.72215,51.43318],[6.71983,51.43466],[6.71986,51.43633],[6.71958,51.44204],[6.72141,51.44329],[6.7238,51.44425],[6.72821,51.44377],[6.73318,51.44299],[6.7399,51.44144],[6.74368,51.4425],[6.74167,51.44623],[6.73766,51.44848],[6.7355,51.45027],[6.73249,51.4544],[6.73035,51.45709],[6.72916,51.46004],[6.72923,51.4624],[6.72721,51.46617],[6.72201,51.47033],[6.71437,51.47186],[6.70603,51.47299],[6.69964,51.47386],[6.69202,51.47515],[6.68746,51.47857],[6.68779,51.48154],[6.69046,51.48434],[6.69501,51.48603],[6.70173,51.48821],[6.71595,51.49161],[6.72295,51.49556],[6.72795,51.49794],[6.72989,51.50559],[6.72843,51.51036],[6.72573,51.5132],[6.72016,51.51728],[6.7124,51.52101],[6.70688,51.52395],[6.6974,51.5281],[6.69066,51.53102],[6.68513,51.53418],[6.68329,51.53658],[6.68213,51.54029],[6.6846,51.5446],[6.68746,51.54824],[6.69018,51.55256],[6.69327,51.55658],[6.69344,51.56282],[6.68964,51.57036],[6.68195,51.57501],[6.67111,51.57906],[6.66561,51.58154],[6.65789,51.58192],[6.65092,51.58201],[6.64481,51.57967],[6.6391,51.57659],[6.62967,51.57229],[6.62343,51.57011],[6.61695,51.5702],[6.61162,51.57154],[6.60765,51.57504],[6.60594,51.57965],[6.60603,51.58262],[6.60595,51.58658],[6.60455,51.58982],[6.60209,51.59708],[6.59966,51.60137],[6.59809,51.6034],[6.59505,51.60768],[6.59201,51.61211],[6.58959,51.61853],[6.58979,51.62158],[6.59163,51.62382],[6.59454,51.62663],[6.59812,51.6294],[6.60237,51.63116],[6.60715,51.63233],[6.61073,51.63404],[6.61383,51.63673],[6.61706,51.63931],[6.61893,51.64102],[6.61931,51.64304],[6.62102,51.64304],[6.62199,51.64443],[6.62191,51.64591],[6.6203,51.64626],[6.61815,51.64649],[6.61626,51.64744],[6.61411,51.64892],[6.61086,51.65014],[6.61044,51.6512],[6.60844,51.652],[6.60741,51.65289],[6.60582,51.65514],[6.60231,51.65667],[6.59846,51.65773],[6.59129,51.65911],[6.58424,51.66041],[6.58112,51.66157],[6.57678,51.66254],[6.57401,51.66165],[6.56887,51.66169],[6.56006,51.66151],[6.54903,51.66181],[6.54391,51.66353],[6.54066,51.66491],[6.53828,51.66806],[6.53429,51.66935],[6.52597,51.66712],[6.51621,51.66417],[6.51279,51.66394],[6.50732,51.66543],[6.50173,51.66698],[6.4931,51.67026],[6.48779,51.67316],[6.48369,51.67646],[6.4805,51.681],[6.48193,51.68392],[6.48168,51.68628],[6.47867,51.68747],[6.47758,51.69057],[6.47537,51.69612],[6.47571,51.6978],[6.4747,51.6993],[6.46866,51.70225],[6.46225,51.70501],[6.45509,51.70706],[6.44873,51.70898],[6.44373,51.7096],[6.43213,51.71098],[6.42646,51.71165],[6.42107,51.71272],[6.41863,51.71453],[6.41619,51.71661],[6.4147,51.71893],[6.4153,51.72131],[6.41658,51.72476],[6.41845,51.72747],[6.42081,51.72908],[6.42272,51.73099],[6.42325,51.73363],[6.42506,51.73728],[6.42573,51.74179],[6.42419,51.74716],[6.42089,51.75128],[6.41611,51.75449],[6.41266,51.75574],[6.40879,51.75691],[6.40585,51.75792],[6.40452,51.75876],[6.40214,51.75841],[6.4001,51.7576],[6.39792,51.75709],[6.39033,51.75791],[6.38211,51.75891],[6.37422,51.75969],[6.36698,51.7596],[6.36296,51.76016],[6.35422,51.76061],[6.34991,51.76086],[6.34213,51.76178],[6.33785,51.76355],[6.33512,51.76505],[6.33415,51.76709],[6.33422,51.76792],[6.33483,51.769],[6.33371,51.77024],[6.33299,51.77106],[6.33264,51.77284],[6.33287,51.7752],[6.33432,51.77771],[6.33586,51.77965],[6.33727,51.7817],[6.33717,51.78353],[6.33751,51.79119],[6.33765,51.7972],[6.33756,51.79975],[6.33716,51.80127],[6.33511,51.80274],[6.33313,51.80411],[6.33109,51.80532],[6.32878,51.80599],[6.32654,51.80639],[6.32244,51.80721],[6.31885,51.80774],[6.31638,51.80788],[6.31368,51.80789],[6.31093,51.80764],[6.30952,51.80757],[6.30818,51.80795],[6.30628,51.80892],[6.30423,51.80939],[6.30154,51.81016],[6.29863,51.81109],[6.29598,51.81162],[6.29314,51.81243],[6.29215,51.81299],[6.29066,51.81404],[6.28942,51.8148],[6.28797,51.8157],[6.28637,51.81709],[6.28558,51.81757],[6.28493,51.81799],[6.28428,51.81859],[6.28286,51.8197],[6.27976,51.82126],[6.27774,51.822],[6.27461,51.82301],[6.27197,51.82396],[6.26908,51.82511],[6.26598,51.82597],[6.26358,51.82664],[6.26072,51.82724],[6.25765,51.82772],[6.25469,51.82774],[6.25162,51.8282],[6.25007,51.82857],[6.24852,51.82866],[6.24555,51.82858],[6.24367,51.8287],[6.24205,51.82901],[6.23996,51.82953],[6.23768,51.82972],[6.23652,51.82996],[6.23449,51.83049],[6.23249,51.83061],[6.2302,51.8309],[6.22758,51.83109],[6.22513,51.83133],[6.22177,51.83163],[6.21827,51.83197],[6.2157,51.83229],[6.21315,51.83227],[6.20779,51.83256],[6.205,51.83297],[6.20343,51.83295],[6.2018,51.83304],[6.20062,51.83323],[6.19965,51.83355],[6.19858,51.83369],[6.19755,51.83384],[6.19584,51.83404],[6.19412,51.8344],[6.19244,51.83474],[6.18991,51.83539],[6.18753,51.83615],[6.18418,51.83723],[6.18309,51.83789],[6.18186,51.83839],[6.18014,51.83894],[6.17968,51.83933],[6.17736,51.84063],[6.17444,51.8421],[6.16895,51.84475],[6.16715,51.84554],[6.16603,51.84581],[6.16603,51.8458],[6.16604,51.84573],[6.16604,51.84568],[6.16604,51.84566],[6.16605,51.84561],[6.16605,51.84559],[6.16605,51.84555],[6.16605,51.84554],[6.16605,51.84553],[6.16606,51.84551],[6.16606,51.8455],[6.16606,51.84549],[6.16607,51.84535],[6.16608,51.84527],[6.16608,51.84525],[6.16609,51.84518],[6.1661,51.84513],[6.16615,51.84461],[6.16619,51.84422],[6.16621,51.84404],[6.16629,51.84327],[6.1663,51.8432],[6.1663,51.84316],[6.16633,51.84294],[6.16634,51.8428],[6.16638,51.84246],[6.16656,51.84072],[6.16612,51.84084],[6.16478,51.84118],[6.16367,51.84144],[6.16343,51.8415],[6.16207,51.84182],[6.16071,51.84214],[6.15936,51.84246],[6.158,51.84278],[6.15665,51.8431],[6.15529,51.84341],[6.15394,51.84373],[6.15258,51.84405],[6.15123,51.84436],[6.14988,51.84468],[6.14852,51.845],[6.14721,51.84531],[6.14662,51.84545],[6.14589,51.84561],[6.1445,51.84591],[6.14309,51.84619],[6.14168,51.84645],[6.14026,51.84668],[6.13881,51.8469],[6.13735,51.84709],[6.1359,51.84725],[6.13447,51.84739],[6.13303,51.84751],[6.13172,51.8476],[6.1301,51.84769],[6.12863,51.84774],[6.12715,51.84777],[6.12578,51.84777],[6.1243,51.84775],[6.12329,51.84773],[6.12289,51.84772],[6.12157,51.84769],[6.12025,51.84768],[6.11887,51.84768],[6.1174,51.8477],[6.11594,51.84774],[6.1145,51.8478],[6.11301,51.84787],[6.11148,51.84797],[6.11002,51.84809],[6.10857,51.84822],[6.10709,51.84837],[6.1057,51.84853],[6.10427,51.84871],[6.10284,51.84892],[6.1013,51.84916],[6.10084,51.84923],[6.09999,51.84938],[6.09865,51.84966],[6.09734,51.84997],[6.09605,51.85032],[6.09575,51.85041],[6.09479,51.85071],[6.09446,51.85082],[6.09401,51.85098],[6.09348,51.85116],[6.09216,51.85164],[6.09082,51.85216],[6.08952,51.85268],[6.08824,51.85323],[6.08707,51.85375],[6.08596,51.85427],[6.08491,51.85478],[6.08413,51.85517],[6.08384,51.85532],[6.08281,51.85587],[6.08177,51.85644],[6.08075,51.85704],[6.08074,51.85704],[6.07964,51.85768],[6.07896,51.85807],[6.07856,51.8583],[6.07744,51.85892],[6.07633,51.85951],[6.07525,51.86007],[6.07416,51.86063],[6.07305,51.86118],[6.07193,51.86172],[6.07082,51.86224],[6.0697,51.86275],[6.06856,51.86326],[6.06734,51.86379],[6.0661,51.86431],[6.06486,51.86481],[6.06371,51.86527],[6.06352,51.86534],[6.06263,51.86383],[6.06247,51.86354],[6.06243,51.86348],[6.0624,51.86344],[6.06234,51.86333],[6.06232,51.8633],[6.06222,51.86304],[6.06211,51.86277],[6.06206,51.86266],[6.06196,51.86241],[6.06186,51.86215],[6.06185,51.86213],[6.06185,51.86211],[6.06184,51.8621],[6.0618,51.86191],[6.06164,51.86118],[6.06091,51.86125],[6.06043,51.86129],[6.06023,51.86047],[6.06019,51.8603],[6.06019,51.86029],[6.06017,51.86024],[6.06017,51.8602],[6.06016,51.86018],[6.06016,51.86017],[6.06015,51.86014],[6.06015,51.86012],[6.06003,51.85957],[6.05999,51.85942],[6.05997,51.85932],[6.0598,51.85857],[6.0598,51.85854],[6.0596,51.85765],[6.0596,51.85763],[6.05887,51.8576],[6.05743,51.85759],[6.05684,51.85756],[6.0554,51.85746],[6.05436,51.8574],[6.05401,51.85736],[6.05317,51.85716],[6.05244,51.85701],[6.05135,51.85663],[6.0516,51.85642],[6.05191,51.85615],[6.05218,51.8559],[6.05255,51.85554],[6.0526,51.85549],[6.05282,51.85526],[6.05307,51.85499],[6.05309,51.85496],[6.05468,51.85321],[6.0552,51.85266],[6.05524,51.85261],[6.05525,51.8526],[6.05527,51.85259],[6.05529,51.85256],[6.05531,51.85254],[6.05526,51.85237],[6.0552,51.85235],[6.05441,51.85205],[6.05432,51.85201],[6.05429,51.852],[6.05427,51.85199],[6.05317,51.85159],[6.05308,51.85154],[6.05281,51.8514],[6.05278,51.85138],[6.05241,51.8512],[6.05194,51.85105],[6.05088,51.8507],[6.05047,51.85056],[6.05028,51.8505],[6.05006,51.85041],[6.04919,51.85006],[6.04813,51.84955],[6.04756,51.84928],[6.04746,51.84924],[6.04658,51.84885],[6.04587,51.8486],[6.04566,51.84851],[6.04565,51.84851],[6.0434,51.84764],[6.04246,51.8472],[6.04239,51.84726],[6.04177,51.84704],[6.04065,51.84627],[6.04059,51.84623],[6.04058,51.84623],[6.04047,51.84616],[6.03881,51.84514],[6.03801,51.84463],[6.03777,51.84449],[6.03755,51.84438],[6.03696,51.84413],[6.03691,51.8441],[6.03653,51.84377],[6.03636,51.8436],[6.03613,51.84334],[6.03562,51.84266],[6.03561,51.84265],[6.0348,51.84286],[6.03468,51.84289],[6.03448,51.84295],[6.03401,51.84311],[6.03399,51.84312],[6.03374,51.84325],[6.03343,51.84342],[6.03325,51.84322],[6.03302,51.84292],[6.03267,51.84236],[6.03173,51.84305],[6.03103,51.8436],[6.02951,51.84481],[6.02917,51.84509],[6.02913,51.84512],[6.02857,51.84494],[6.02798,51.84474],[6.02657,51.84425],[6.02601,51.84405],[6.02543,51.84384],[6.02408,51.84332],[6.02269,51.8428],[6.02251,51.84272],[6.02113,51.84205],[6.02051,51.84176],[6.02028,51.84167],[6.02023,51.84165],[6.02015,51.84164],[6.0199,51.84162],[6.01952,51.84162],[6.01836,51.84167],[6.01819,51.84165],[6.01795,51.84159],[6.01771,51.84151],[6.0176,51.84145],[6.01743,51.84136],[6.01731,51.84127],[6.0172,51.84117],[6.01711,51.84104],[6.01698,51.84081],[6.01679,51.84044],[6.01671,51.84026],[6.01657,51.83978],[6.01651,51.83952],[6.01638,51.83901],[6.01632,51.83882],[6.01622,51.83857],[6.01609,51.83833],[6.01599,51.83818],[6.01588,51.83807],[6.01572,51.83795],[6.0156,51.83788],[6.01493,51.83758],[6.0149,51.83756],[6.01478,51.83751],[6.01475,51.83752],[6.01473,51.83751],[6.01383,51.83698],[6.01278,51.83641],[6.0113,51.83576],[6.01071,51.83545],[6.01008,51.8351],[6.00845,51.83474],[6.00698,51.83431],[6.00566,51.83399],[6.00436,51.83351],[6.00433,51.83351],[6.00431,51.8335],[6.00441,51.83333],[6.00266,51.8327],[6.00244,51.83257],[6.00233,51.83252],[6.00194,51.83241],[6.00165,51.83237],[5.99931,51.83205],[5.99866,51.83192],[5.99797,51.83174],[5.99709,51.83141],[5.99672,51.8313],[5.99599,51.83114],[5.99452,51.83092],[5.99429,51.83091],[5.99377,51.83097],[5.99369,51.83098],[5.99352,51.83098],[5.99251,51.83095],[5.98992,51.83073],[5.98882,51.83066],[5.98772,51.83061],[5.98742,51.83062],[5.98708,51.83063],[5.98618,51.83074],[5.98545,51.8309],[5.98481,51.83114],[5.9841,51.83137],[5.98303,51.83164],[5.98232,51.83179],[5.98112,51.83198],[5.98083,51.83201],[5.98079,51.83201],[5.98073,51.83202],[5.97897,51.83228],[5.97828,51.83241],[5.9777,51.83256],[5.977,51.8328],[5.97634,51.83298],[5.97503,51.83312],[5.97425,51.83326],[5.97389,51.83332],[5.97341,51.83337],[5.97309,51.83339],[5.97279,51.83341],[5.97248,51.83341],[5.9722,51.8334],[5.97212,51.83339],[5.9721,51.83339],[5.97158,51.83335],[5.97114,51.83334],[5.97102,51.83336],[5.97068,51.83347],[5.97012,51.83366],[5.96817,51.83436],[5.967,51.83489],[5.96666,51.83505],[5.96553,51.83561],[5.96422,51.83627],[5.96378,51.8365],[5.96374,51.83652],[5.96302,51.8369],[5.96296,51.83686],[5.96291,51.83683],[5.96289,51.83681],[5.96283,51.83677],[5.96257,51.83658],[5.96254,51.83656],[5.96252,51.83654],[5.96198,51.83615],[5.96134,51.83569],[5.96123,51.83561],[5.96096,51.83541],[5.9603,51.83493],[5.9581,51.83334],[5.95659,51.83224],[5.95617,51.83193],[5.95498,51.83107],[5.95491,51.83102],[5.95459,51.83079],[5.95387,51.83026],[5.95208,51.82896],[5.9504,51.82775],[5.94989,51.82737],[5.94827,51.8262],[5.94806,51.82605],[5.948,51.826],[5.94797,51.82599],[5.94794,51.82596],[5.94784,51.82597],[5.94757,51.82576],[5.94682,51.82519],[5.94653,51.82497],[5.94622,51.82476],[5.94619,51.82474],[5.94615,51.82472],[5.94584,51.82451],[5.94545,51.82426],[5.94578,51.82408],[5.94574,51.82405],[5.94557,51.82393],[5.94502,51.82354],[5.94512,51.82349],[5.95811,51.81689],[5.95758,51.81658],[5.95755,51.81657],[5.95747,51.81653],[5.95742,51.8165],[5.95735,51.81646],[5.95721,51.81637],[5.95717,51.81635],[5.95714,51.81633],[5.95675,51.8161],[5.95666,51.81605],[5.95661,51.81602],[5.9557,51.81547],[5.95496,51.81582],[5.95477,51.81591],[5.95286,51.81477],[5.95189,51.81542],[5.95186,51.81543],[5.95133,51.81579],[5.95066,51.81624],[5.94971,51.81552],[5.9496,51.81544],[5.94822,51.8164],[5.94818,51.81643],[5.94808,51.81645],[5.94806,51.81644],[5.94704,51.81581],[5.94661,51.81554],[5.94633,51.81536],[5.94592,51.81511],[5.94651,51.81459],[5.94681,51.81447],[5.947,51.81437],[5.94655,51.81384],[5.94653,51.81345],[5.94684,51.81328],[5.94738,51.81298],[5.94829,51.81251],[5.94874,51.81279],[5.94939,51.81244],[5.94915,51.81208],[5.94882,51.81181],[5.94859,51.81161],[5.94848,51.81141],[5.94833,51.81136],[5.94798,51.81138],[5.94807,51.81134],[5.94833,51.81122],[5.94838,51.8112],[5.94862,51.81111],[5.94873,51.81108],[5.94923,51.81096],[5.94944,51.81088],[5.95094,51.81058],[5.95152,51.81051],[5.95406,51.81029],[5.95613,51.81014],[5.95638,51.81009],[5.95655,51.81004],[5.95677,51.80993],[5.95678,51.80988],[5.95679,51.80984],[5.95712,51.80949],[5.95716,51.80945],[5.95728,51.80934],[5.95753,51.80918],[5.95778,51.80906],[5.95788,51.80907],[5.95826,51.80897],[5.95899,51.80878],[5.95893,51.80876],[5.95898,51.80874],[5.95951,51.80853],[5.95978,51.80838],[5.95984,51.80835],[5.96204,51.80749],[5.96208,51.80747],[5.96214,51.80745],[5.96279,51.80718],[5.96308,51.80706],[5.96348,51.80684],[5.96358,51.80679],[5.96404,51.80654],[5.96407,51.80652],[5.96409,51.80651],[5.96435,51.80637],[5.96461,51.80623],[5.96503,51.80601],[5.96504,51.806],[5.96574,51.80562],[5.96576,51.8056],[5.96577,51.80553],[5.96579,51.80541],[5.96579,51.80539],[5.96583,51.80534],[5.96586,51.8053],[5.96604,51.80512],[5.96609,51.80507],[5.96607,51.80507],[5.96616,51.80497],[5.96625,51.80491],[5.96637,51.80482],[5.96691,51.80438],[5.96711,51.80444],[5.96713,51.80445],[5.96733,51.80454],[5.96738,51.80446],[5.96743,51.80423],[5.96744,51.8042],[5.96746,51.80415],[5.9675,51.80411],[5.96758,51.80404],[5.96767,51.80396],[5.9677,51.80393],[5.96789,51.80377],[5.96797,51.8037],[5.96833,51.8035],[5.96877,51.80325],[5.96879,51.80324],[5.96892,51.80315],[5.96904,51.80307],[5.96926,51.80292],[5.9693,51.8029],[5.96956,51.80276],[5.96974,51.80266],[5.96992,51.80256],[5.97005,51.80249],[5.9701,51.80247],[5.97027,51.80236],[5.97045,51.80226],[5.97071,51.80211],[5.97088,51.80202],[5.97101,51.80197],[5.9713,51.80183],[5.97132,51.80181],[5.97154,51.80159],[5.97167,51.80147],[5.97178,51.80137],[5.97189,51.80126],[5.97194,51.80123],[5.97218,51.80109],[5.97237,51.80098],[5.97249,51.80091],[5.97255,51.80088],[5.97263,51.80083],[5.9727,51.8008],[5.97291,51.80069],[5.97335,51.80046],[5.9736,51.80034],[5.97386,51.8002],[5.97397,51.80014],[5.9741,51.80008],[5.97411,51.80009],[5.97433,51.79994],[5.97452,51.79981],[5.97462,51.79974],[5.97493,51.79954],[5.97507,51.79944],[5.97511,51.79941],[5.97508,51.79939],[5.97523,51.79928],[5.97532,51.79923],[5.97554,51.7991],[5.97563,51.79904],[5.97574,51.799],[5.97581,51.79898],[5.97621,51.79886],[5.97624,51.79885],[5.97667,51.79871],[5.97672,51.7987],[5.97679,51.79869],[5.977,51.79869],[5.97717,51.79863],[5.97719,51.79863],[5.97749,51.79848],[5.97777,51.79834],[5.97785,51.7983],[5.97813,51.79816],[5.97814,51.79814],[5.97817,51.79811],[5.97822,51.79804],[5.9788,51.79778],[5.97907,51.79766],[5.9789,51.79758],[5.97883,51.79755],[5.97526,51.796],[5.97479,51.79579],[5.97477,51.79578],[5.97439,51.79562],[5.97465,51.79543],[5.97477,51.79534],[5.97479,51.79533],[5.97459,51.79521],[5.97485,51.7951],[5.97487,51.79509],[5.97489,51.79508],[5.97491,51.79507],[5.97564,51.79476],[5.97679,51.79427],[5.97511,51.79242],[5.97496,51.79226],[5.97443,51.79165],[5.97417,51.79135],[5.97363,51.79073],[5.97357,51.79066],[5.97326,51.7903],[5.97263,51.78958],[5.97263,51.78957],[5.97262,51.78956],[5.97315,51.78941],[5.97508,51.78879],[5.97466,51.78864],[5.97398,51.78847],[5.97399,51.78844],[5.97399,51.78843],[5.97399,51.78841],[5.9742,51.78751],[5.97421,51.78745],[5.97436,51.78685],[5.9744,51.78668],[5.97455,51.78605],[5.97455,51.78567],[5.97455,51.78506],[5.97461,51.78507],[5.97465,51.78508],[5.9757,51.78527],[5.97767,51.78565],[5.97866,51.78585],[5.97938,51.78597],[5.97955,51.78598],[5.97972,51.78595],[5.98033,51.78574],[5.98036,51.78572],[5.98037,51.78571],[5.98039,51.7857],[5.98043,51.78567],[5.98046,51.78564],[5.98051,51.78561],[5.98054,51.78559],[5.98064,51.78559],[5.98071,51.7856],[5.98085,51.78553],[5.98152,51.78454],[5.98174,51.78417],[5.98175,51.78415],[5.98176,51.78414],[5.9818,51.78415],[5.98394,51.78484],[5.98467,51.78506],[5.98479,51.78443],[5.98549,51.78408],[5.98609,51.78378],[5.98781,51.78292],[5.98789,51.78288],[5.9885,51.78317],[5.98914,51.78348],[5.98976,51.78373],[5.98978,51.78372],[5.9898,51.7837],[5.99015,51.78346],[5.99021,51.78342],[5.99022,51.78341],[5.99024,51.78339],[5.9903,51.78334],[5.99043,51.7832],[5.99032,51.78313],[5.99025,51.78308],[5.98916,51.78239],[5.98867,51.78206],[5.98822,51.78176],[5.9882,51.78174],[5.98815,51.7817],[5.98799,51.78158],[5.98796,51.78156],[5.98686,51.78085],[5.98615,51.78039],[5.98534,51.7799],[5.98423,51.77923],[5.98344,51.77872],[5.98382,51.77837],[5.98414,51.77806],[5.98429,51.77783],[5.98433,51.77777],[5.98455,51.77779],[5.98415,51.77673],[5.98413,51.77669],[5.98413,51.77667],[5.98411,51.77664],[5.98383,51.77595],[5.98368,51.77558],[5.98382,51.77549],[5.98402,51.77535],[5.98235,51.7737],[5.98439,51.77305],[5.98562,51.77264],[5.98575,51.7726],[5.98578,51.77259],[5.9858,51.77258],[5.98646,51.77235],[5.9868,51.77223],[5.98735,51.77188],[5.98928,51.77063],[5.98936,51.77058],[5.99075,51.76969],[5.99206,51.77025],[5.99191,51.76976],[5.99159,51.76911],[5.9912,51.76828],[5.99096,51.76743],[5.99061,51.76643],[5.99049,51.76628],[5.98849,51.76518],[5.98615,51.76389],[5.98382,51.7626],[5.98163,51.7614],[5.97919,51.76006],[5.97875,51.75986],[5.97828,51.75971],[5.97762,51.75975],[5.97686,51.75974],[5.97657,51.7597],[5.97546,51.75929],[5.97494,51.75904],[5.97408,51.75926],[5.97384,51.75914],[5.97363,51.75903],[5.97313,51.75879],[5.97289,51.75867],[5.97168,51.75807],[5.96964,51.75706],[5.96423,51.75438],[5.96383,51.75418],[5.96378,51.75416],[5.96292,51.75373],[5.96232,51.75344],[5.96181,51.75319],[5.95865,51.75162],[5.95833,51.75146],[5.95822,51.7515],[5.95819,51.75151],[5.95729,51.75179],[5.95681,51.75194],[5.95632,51.75164],[5.9556,51.75119],[5.95554,51.75116],[5.9552,51.75095],[5.95514,51.75091],[5.95499,51.75081],[5.9531,51.74965],[5.95262,51.74935],[5.95244,51.74924],[5.95222,51.7491],[5.95218,51.74907],[5.95216,51.74906],[5.95198,51.74895],[5.95223,51.74879],[5.95264,51.74853],[5.95276,51.74846],[5.95296,51.74834],[5.95317,51.74817],[5.95329,51.74802],[5.9533,51.74799],[5.95332,51.74793],[5.95316,51.74749],[5.95292,51.74716],[5.95281,51.74696],[5.95271,51.74646],[5.95272,51.74621],[5.95273,51.7461],[5.95259,51.74578],[5.95251,51.74548],[5.9525,51.74521],[5.95257,51.74487],[5.95255,51.74472],[5.95243,51.7437],[5.9523,51.74268],[5.95238,51.74227],[5.95254,51.74204],[5.95283,51.74183],[5.95294,51.74173],[5.95313,51.74155],[5.95313,51.74145],[5.95303,51.74119],[5.95304,51.74108],[5.95314,51.74093],[5.95363,51.74049],[5.95384,51.74013],[5.95402,51.73999],[5.95448,51.73966],[5.95468,51.73942],[5.95483,51.73917],[5.95496,51.73889],[5.95497,51.73866],[5.95499,51.7384],[5.95514,51.73812],[5.95615,51.73848],[5.95686,51.73865],[5.95749,51.73856],[5.95832,51.7384],[5.95916,51.73828],[5.96086,51.73875],[5.96111,51.73878],[5.96245,51.73873],[5.96368,51.73873],[5.96578,51.73877],[5.96699,51.73865],[5.96802,51.73851],[5.96841,51.7385],[5.96874,51.73854],[5.96897,51.73861],[5.96929,51.73879],[5.96955,51.73889],[5.97085,51.73911],[5.97266,51.73928],[5.97337,51.7393],[5.97385,51.73928],[5.9745,51.73923],[5.97841,51.73877],[5.9792,51.73874],[5.98026,51.73876],[5.98038,51.73876],[5.98147,51.73882],[5.98374,51.73906],[5.98443,51.73921],[5.98499,51.73929],[5.98551,51.73926],[5.98568,51.73923],[5.98653,51.73904],[5.98732,51.73893],[5.98782,51.73889],[5.98897,51.73885],[5.99054,51.73879],[5.99167,51.73871],[5.99208,51.73865],[5.99261,51.73859],[5.99419,51.7383],[5.99473,51.73807],[5.99539,51.73773],[5.99584,51.73743],[5.99625,51.73721],[5.99814,51.7363],[5.99871,51.73609],[5.99921,51.73581],[5.99957,51.73557],[5.99988,51.73543],[6.00051,51.73521],[6.00153,51.73493],[6.0023,51.73459],[6.00341,51.73389],[6.00357,51.73379],[6.00381,51.7337],[6.00405,51.73362],[6.00687,51.73272],[6.00698,51.73269],[6.00795,51.73239],[6.00824,51.7323],[6.00828,51.73228],[6.00959,51.73185],[6.01105,51.73149],[6.01224,51.73113],[6.01321,51.73083],[6.01325,51.73082],[6.01343,51.73076],[6.01398,51.73052],[6.01522,51.73004],[6.01624,51.72955],[6.01726,51.72911],[6.01748,51.72904],[6.01849,51.72885],[6.01899,51.72878],[6.02104,51.72835],[6.0225,51.72793],[6.02254,51.72791],[6.02534,51.72701],[6.02597,51.72681],[6.02897,51.72576],[6.02952,51.72549],[6.03023,51.72502],[6.03091,51.72462],[6.03191,51.72407],[6.03203,51.724],[6.03204,51.724],[6.03226,51.72382],[6.03225,51.72379],[6.03218,51.72323],[6.03249,51.72253],[6.03275,51.72191],[6.03294,51.72148],[6.033,51.72141],[6.0333,51.72124],[6.03348,51.72113],[6.03363,51.72109],[6.03365,51.72109],[6.03459,51.72141],[6.03462,51.72142],[6.03504,51.72122],[6.03485,51.72061],[6.03474,51.72031],[6.03479,51.7201],[6.03486,51.71982],[6.03494,51.71945],[6.03511,51.71886],[6.03542,51.71779],[6.03542,51.71778],[6.03542,51.71777],[6.03575,51.71785],[6.0361,51.71791],[6.0371,51.71806],[6.03722,51.71807],[6.03774,51.71808],[6.03839,51.71812],[6.03839,51.71813],[6.03839,51.71814],[6.03839,51.7184],[6.03839,51.71842],[6.03771,51.71952],[6.03772,51.71971],[6.03773,51.71979],[6.03776,51.71982],[6.03788,51.71993],[6.04254,51.7179],[6.04481,51.71696],[6.04487,51.71694],[6.04494,51.71691],[6.04484,51.71678],[6.04472,51.71663],[6.04447,51.71634],[6.04409,51.71596],[6.04399,51.71583],[6.04388,51.71566],[6.04359,51.71501],[6.04368,51.71497],[6.04364,51.71494],[6.04343,51.71472],[6.04327,51.71456],[6.04314,51.7144],[6.04311,51.71436],[6.04303,51.71425],[6.04299,51.71421],[6.04202,51.71334],[6.04125,51.71355],[6.04091,51.71362],[6.04039,51.71368],[6.0398,51.71373],[6.0392,51.71375],[6.03872,51.71374],[6.03826,51.71373],[6.03785,51.7137],[6.03779,51.71344],[6.03773,51.71277],[6.03772,51.71275],[6.03696,51.71284],[6.03677,51.71285],[6.03632,51.71286],[6.03615,51.71286],[6.03599,51.71283],[6.03577,51.71282],[6.03574,51.71283],[6.03561,51.71284],[6.0355,51.71285],[6.03539,51.71281],[6.03517,51.71273],[6.03503,51.7127],[6.03495,51.7127],[6.03481,51.71274],[6.03474,51.71274],[6.03459,51.71271],[6.03453,51.71272],[6.03446,51.71275],[6.03441,51.71279],[6.03438,51.71286],[6.03434,51.71287],[6.03422,51.71289],[6.03407,51.71294],[6.03392,51.71302],[6.03383,51.71311],[6.03363,51.71326],[6.03358,51.7133],[6.03351,51.71333],[6.03331,51.71334],[6.03317,51.71334],[6.0329,51.71329],[6.0327,51.71325],[6.03246,51.71323],[6.03232,51.71321],[6.03219,51.71317],[6.03212,51.71313],[6.03197,51.71298],[6.03188,51.71297],[6.03152,51.71299],[6.03134,51.71292],[6.0312,51.71286],[6.03106,51.7128],[6.03095,51.71273],[6.03058,51.71257],[6.03044,51.71254],[6.03008,51.7124],[6.02973,51.71222],[6.02956,51.71213],[6.02939,51.71214],[6.0289,51.71203],[6.02856,51.71188],[6.02833,51.71172],[6.02827,51.71163],[6.02824,51.71147],[6.02823,51.71092],[6.02822,51.71084],[6.02795,51.71061],[6.02748,51.71039],[6.027,51.71016],[6.02685,51.71004],[6.02664,51.7098],[6.02635,51.7093],[6.02618,51.709],[6.02607,51.70868],[6.02606,51.7086],[6.02608,51.70852],[6.02615,51.70837],[6.02622,51.70825],[6.0263,51.70814],[6.02644,51.70802],[6.02672,51.7078],[6.02678,51.70772],[6.02696,51.70738],[6.02705,51.70715],[6.02709,51.70691],[6.02712,51.70677],[6.02712,51.7063],[6.02713,51.706],[6.02713,51.70576],[6.02716,51.70509],[6.02711,51.70491],[6.02707,51.70479],[6.02701,51.70468],[6.02689,51.70447],[6.02684,51.70436],[6.02682,51.70426],[6.0269,51.7041],[6.02702,51.70399],[6.02723,51.70382],[6.02737,51.70368],[6.02754,51.70352],[6.02769,51.70336],[6.02786,51.70316],[6.02796,51.70301],[6.02802,51.70288],[6.02805,51.70282],[6.02808,51.70265],[6.02811,51.70245],[6.02811,51.70235],[6.02804,51.70176],[6.02803,51.70157],[6.028,51.70138],[6.02796,51.70125],[6.02788,51.70106],[6.02782,51.70095],[6.02778,51.70087],[6.02775,51.70081],[6.02773,51.70072],[6.02776,51.70054],[6.02783,51.70043],[6.02792,51.70024],[6.02809,51.70006],[6.02814,51.69999],[6.02834,51.69981],[6.02851,51.69964],[6.02881,51.69936],[6.02893,51.69926],[6.02908,51.69916],[6.02936,51.69904],[6.02961,51.69892],[6.02986,51.69882],[6.03005,51.69875],[6.03026,51.69867],[6.03036,51.69863],[6.03049,51.69854],[6.03058,51.69843],[6.03064,51.69835],[6.03065,51.69821],[6.03067,51.69809],[6.0307,51.69786],[6.03077,51.69757],[6.03079,51.69745],[6.03095,51.69696],[6.03103,51.69669],[6.0311,51.69643],[6.03114,51.69619],[6.03116,51.69603],[6.03116,51.69589],[6.0311,51.69558],[6.03102,51.69518],[6.03102,51.695],[6.03105,51.69479],[6.03117,51.69432],[6.0312,51.69415],[6.03127,51.69383],[6.03136,51.69347],[6.03145,51.69324],[6.03161,51.69292],[6.03166,51.69281],[6.03173,51.69267],[6.03177,51.69259],[6.03179,51.69252],[6.03179,51.69241],[6.03179,51.69232],[6.03174,51.69217],[6.03168,51.69207],[6.03128,51.69166],[6.03121,51.69157],[6.03111,51.69142],[6.03097,51.69109],[6.03088,51.6909],[6.03079,51.69076],[6.0307,51.69063],[6.03058,51.69047],[6.03043,51.69029],[6.03031,51.69017],[6.03011,51.69002],[6.02988,51.68989],[6.02971,51.68985],[6.02946,51.68979],[6.02898,51.6897],[6.0287,51.68964],[6.02836,51.68962],[6.02824,51.68962],[6.02827,51.68952],[6.02827,51.68951],[6.0283,51.68941],[6.0283,51.68933],[6.0283,51.6893],[6.02832,51.68927],[6.0284,51.68915],[6.02854,51.68905],[6.02864,51.68892],[6.02865,51.68888],[6.02865,51.68886],[6.02869,51.6888],[6.02877,51.68874],[6.02885,51.68868],[6.02889,51.68862],[6.02892,51.68858],[6.02895,51.6885],[6.029,51.68844],[6.02903,51.68841],[6.02906,51.68837],[6.02911,51.68833],[6.02916,51.68832],[6.0292,51.68829],[6.02925,51.68823],[6.02928,51.68817],[6.0293,51.68807],[6.02933,51.68802],[6.02946,51.68791],[6.02956,51.68784],[6.02965,51.68774],[6.0297,51.68767],[6.02972,51.68763],[6.02974,51.68759],[6.02975,51.68756],[6.02977,51.68751],[6.02981,51.68749],[6.03005,51.68742],[6.0301,51.6874],[6.03012,51.68737],[6.03016,51.68736],[6.03018,51.68734],[6.03017,51.68731],[6.03017,51.68729],[6.03017,51.68715],[6.03017,51.68714],[6.03021,51.68711],[6.03024,51.6871],[6.03028,51.68707],[6.03036,51.68701],[6.03046,51.68692],[6.03061,51.68676],[6.03095,51.68635],[6.03106,51.68622],[6.03122,51.68602],[6.03131,51.6859],[6.03154,51.68558],[6.03165,51.68542],[6.03176,51.68529],[6.03195,51.68509],[6.03216,51.68486],[6.03224,51.6848],[6.03224,51.68475],[6.03222,51.6847],[6.0322,51.68467],[6.03217,51.68465],[6.03214,51.68463],[6.03187,51.68444],[6.03185,51.68442],[6.03187,51.68436],[6.0323,51.68401],[6.03228,51.684],[6.03224,51.68398],[6.03226,51.68396],[6.03231,51.68392],[6.03225,51.68389],[6.03108,51.68336],[6.03106,51.68335],[6.03101,51.68333],[6.03056,51.68316],[6.03037,51.68294],[6.03054,51.6828],[6.03051,51.6825],[6.0305,51.68234],[6.03048,51.68206],[6.03029,51.67976],[6.03007,51.6796],[6.03017,51.67938],[6.0302,51.67934],[6.03023,51.67909],[6.03024,51.67906],[6.03026,51.67894],[6.03008,51.67872],[6.02993,51.67848],[6.02982,51.6781],[6.02984,51.67807],[6.02985,51.67807],[6.02986,51.67805],[6.02988,51.67803],[6.0299,51.67802],[6.03,51.67792],[6.03006,51.67787],[6.03077,51.67719],[6.03137,51.67663],[6.03144,51.67666],[6.03171,51.6764],[6.03175,51.67636],[6.03194,51.67616],[6.03196,51.67615],[6.03206,51.67615],[6.03326,51.67612],[6.03371,51.67579],[6.03409,51.67551],[6.03446,51.67524],[6.03467,51.67514],[6.03467,51.67511],[6.03468,51.67487],[6.03466,51.67486],[6.03454,51.67482],[6.03447,51.67479],[6.03446,51.67479],[6.03445,51.67477],[6.03443,51.67476],[6.03438,51.67473],[6.03429,51.67468],[6.03428,51.67468],[6.03398,51.67468],[6.03181,51.67474],[6.03178,51.67472],[6.03154,51.67458],[6.03235,51.67405],[6.03495,51.67399],[6.0356,51.67351],[6.03598,51.67324],[6.03601,51.67321],[6.03647,51.67288],[6.03664,51.67276],[6.04044,51.67181],[6.04254,51.67128],[6.04302,51.67116],[6.04306,51.67115],[6.0437,51.67099],[6.04409,51.6709],[6.0441,51.67089],[6.0444,51.67082],[6.04616,51.67038],[6.04766,51.67],[6.04783,51.66996],[6.04841,51.66982],[6.04913,51.66964],[6.04972,51.66949],[6.05044,51.66931],[6.05048,51.6693],[6.05052,51.66929],[6.05334,51.66858],[6.05342,51.66856],[6.05466,51.66825],[6.05557,51.66802],[6.05613,51.66788],[6.05618,51.66787],[6.05634,51.66783],[6.05743,51.66756],[6.0586,51.66726],[6.05917,51.66712],[6.06083,51.6667],[6.06161,51.66651],[6.06166,51.66649],[6.06171,51.66648],[6.06173,51.66648],[6.06195,51.66642],[6.06492,51.66568],[6.06639,51.66531],[6.0671,51.66514],[6.06743,51.66506],[6.06936,51.66457],[6.06994,51.66443],[6.07052,51.66428],[6.07053,51.66428],[6.07058,51.66427],[6.07238,51.66383],[6.07475,51.66444],[6.07478,51.66444],[6.0748,51.66445],[6.07488,51.66448],[6.0754,51.66469],[6.07567,51.6648],[6.07573,51.66482],[6.0762,51.66428],[6.07636,51.66417],[6.07656,51.6641],[6.07743,51.66388],[6.07763,51.66382],[6.07792,51.66369],[6.07844,51.66345],[6.07864,51.6634],[6.07885,51.6634],[6.07932,51.66348],[6.0795,51.66349],[6.07966,51.66346],[6.07966,51.66344],[6.07965,51.66342],[6.07962,51.66335],[6.07919,51.66241],[6.07917,51.66235],[6.07899,51.66194],[6.07955,51.66159],[6.08012,51.66149],[6.08084,51.6615],[6.08134,51.66154],[6.08149,51.66158],[6.08262,51.66171],[6.08282,51.66176],[6.0831,51.66172],[6.08319,51.66184],[6.0832,51.66196],[6.08348,51.66209],[6.08349,51.66209],[6.08362,51.66211],[6.08365,51.66212],[6.08425,51.66244],[6.08468,51.66284],[6.08484,51.66291],[6.08489,51.66293],[6.08534,51.66291],[6.08623,51.66263],[6.08653,51.66254],[6.08707,51.66197],[6.0872,51.66184],[6.08727,51.66153],[6.08738,51.66141],[6.08746,51.66122],[6.08748,51.66078],[6.08732,51.66026],[6.08789,51.65985],[6.08897,51.65985],[6.08911,51.65985],[6.09038,51.65982],[6.09223,51.65977],[6.09229,51.65977],[6.09262,51.65976],[6.09354,51.65974],[6.09504,51.6597],[6.09595,51.65938],[6.09609,51.65933],[6.09623,51.65929],[6.09823,51.6586],[6.0985,51.65851],[6.09884,51.65839],[6.09925,51.65825],[6.09962,51.65813],[6.09965,51.65812],[6.09984,51.65832],[6.09988,51.65836],[6.10088,51.65938],[6.10196,51.66061],[6.10201,51.66059],[6.10202,51.66059],[6.10254,51.66048],[6.10284,51.6605],[6.10297,51.66045],[6.10434,51.65991],[6.10587,51.65929],[6.10604,51.65924],[6.10622,51.6592],[6.1065,51.65917],[6.10777,51.65907],[6.10838,51.65899],[6.10889,51.65884],[6.11104,51.65822],[6.1118,51.658],[6.11459,51.6572],[6.1146,51.65719],[6.11465,51.65718],[6.11528,51.657],[6.11688,51.65653],[6.11787,51.65607],[6.118,51.65601],[6.11806,51.65599],[6.11808,51.65597],[6.1165,51.65434],[6.11642,51.65426],[6.11628,51.65407],[6.11582,51.65332],[6.11577,51.65323],[6.11578,51.65313],[6.11587,51.65274],[6.11652,51.65139],[6.11659,51.65129],[6.11663,51.65126],[6.11686,51.65103],[6.11725,51.65074],[6.11723,51.65073],[6.11718,51.6507],[6.11645,51.65033],[6.11629,51.65025],[6.11634,51.65017],[6.11632,51.65016],[6.1162,51.65012],[6.11593,51.65],[6.11562,51.64986],[6.11497,51.64958],[6.11483,51.64952],[6.11479,51.6495],[6.11414,51.64922],[6.11338,51.64884],[6.11193,51.64812],[6.11088,51.6476],[6.10942,51.64687],[6.10949,51.6468],[6.11048,51.64586],[6.11051,51.64583],[6.11062,51.64573],[6.11168,51.64473],[6.1115,51.64458],[6.11115,51.64432],[6.11068,51.64396],[6.10985,51.64332],[6.10915,51.64278],[6.10887,51.64256],[6.10849,51.64227],[6.10807,51.64195],[6.10804,51.64193],[6.10776,51.64127],[6.10774,51.64124],[6.10772,51.64118],[6.10731,51.64025],[6.10695,51.63941],[6.10632,51.63795],[6.10607,51.6374],[6.10589,51.63697],[6.10581,51.63679],[6.1058,51.63676],[6.10501,51.63498],[6.105,51.63495],[6.105,51.63494],[6.10498,51.63491],[6.10497,51.63487],[6.10309,51.63059],[6.10274,51.6298],[6.10259,51.62949],[6.10249,51.62928],[6.10222,51.62871],[6.10209,51.62844],[6.10165,51.62751],[6.10162,51.62745],[6.10161,51.62743],[6.1016,51.62742],[6.10159,51.62738],[6.10156,51.62732],[6.10001,51.62408],[6.09926,51.62322],[6.09894,51.62286],[6.09879,51.62268],[6.09841,51.62225],[6.09839,51.62223],[6.09774,51.62147],[6.09723,51.62088],[6.09521,51.62165],[6.09513,51.62168],[6.09511,51.62169],[6.09499,51.62174],[6.09408,51.62209],[6.09402,51.62211],[6.09399,51.62212],[6.09392,51.62215],[6.09398,51.62161],[6.09398,51.62156],[6.09398,51.62154],[6.09435,51.61777],[6.09437,51.61755],[6.09429,51.6167],[6.09426,51.61625],[6.09427,51.61612],[6.09427,51.6161],[6.09435,51.6152],[6.09413,51.61443],[6.09398,51.61367],[6.09386,51.61341],[6.09364,51.61292],[6.09362,51.61261],[6.09353,51.61232],[6.09328,51.61165],[6.09305,51.61102],[6.09266,51.60989],[6.09218,51.60852],[6.09174,51.60694],[6.09145,51.60616],[6.09139,51.606],[6.09138,51.60594],[6.09142,51.60586],[6.09462,51.60437],[6.09475,51.60432],[6.09736,51.6031],[6.09832,51.60263],[6.09838,51.6026],[6.10052,51.60161],[6.10264,51.60063],[6.10286,51.60051],[6.10365,51.6001],[6.10506,51.59945],[6.1072,51.59846],[6.10722,51.59845],[6.10733,51.5984],[6.10961,51.59734],[6.10973,51.59728],[6.11181,51.59631],[6.11485,51.59489],[6.11708,51.59384],[6.11746,51.59378],[6.11903,51.5937],[6.11928,51.59366],[6.12149,51.59274],[6.12294,51.59087],[6.12297,51.59082],[6.12421,51.58924],[6.12469,51.58862],[6.12593,51.58703],[6.12595,51.587],[6.126,51.58694],[6.12603,51.5869],[6.12637,51.58647],[6.12849,51.58378],[6.12974,51.58214],[6.13054,51.5811],[6.13282,51.57956],[6.13419,51.57865],[6.13515,51.57794],[6.13722,51.57656],[6.13772,51.57622],[6.13818,51.57591],[6.14047,51.57437],[6.1408,51.57415],[6.14362,51.57251],[6.14703,51.57056],[6.14929,51.56967],[6.15104,51.56896],[6.1529,51.56822],[6.15701,51.56658],[6.15704,51.56654],[6.15717,51.56636],[6.15845,51.56456],[6.1593,51.56337],[6.15965,51.56288],[6.16004,51.56234],[6.16009,51.56226],[6.16063,51.5615],[6.16138,51.56045],[6.16152,51.56026],[6.16161,51.56013],[6.16266,51.55865],[6.16423,51.55644],[6.16474,51.55572],[6.16491,51.55549],[6.16492,51.55547],[6.16493,51.55546],[6.16493,51.55545],[6.16494,51.55544],[6.16684,51.55277],[6.16848,51.55046],[6.1685,51.55043],[6.16852,51.5504],[6.16854,51.55036],[6.16857,51.55033],[6.17021,51.54801],[6.17134,51.54642],[6.17174,51.54585],[6.1724,51.54492],[6.17269,51.54451],[6.17341,51.54348],[6.17392,51.54276],[6.17395,51.54273],[6.17396,51.54271],[6.17549,51.54055],[6.17609,51.5397],[6.1769,51.53855],[6.17728,51.53839],[6.1775,51.5383],[6.1776,51.53825],[6.17763,51.53824],[6.17765,51.53823],[6.17935,51.5375],[6.17956,51.53741],[6.18081,51.53688],[6.1811,51.53675],[6.18134,51.53665],[6.18137,51.53663],[6.18142,51.53661],[6.18166,51.53651],[6.18192,51.5364],[6.18289,51.53598],[6.18355,51.5357],[6.18363,51.53566],[6.18379,51.53559],[6.18629,51.53451],[6.18775,51.53388],[6.18781,51.53385],[6.18868,51.53348],[6.18884,51.53339],[6.18928,51.53315],[6.19069,51.53237],[6.19235,51.53145],[6.19242,51.53142],[6.19286,51.53118],[6.19348,51.53084],[6.19364,51.53076],[6.19436,51.53038],[6.19442,51.53035],[6.1945,51.53031],[6.19454,51.53029],[6.19662,51.52924],[6.19668,51.52921],[6.19674,51.52918],[6.19711,51.52897],[6.19718,51.52892],[6.19762,51.52868],[6.19766,51.52865],[6.19993,51.52738],[6.19998,51.52733],[6.20056,51.52671],[6.20059,51.52668],[6.20062,51.52665],[6.20064,51.52662],[6.20067,51.52659],[6.2007,51.52656],[6.20155,51.52566],[6.20156,51.52565],[6.20157,51.52563],[6.20204,51.52513],[6.20238,51.52477],[6.20242,51.52473],[6.20318,51.52392],[6.20319,51.52391],[6.20322,51.52388],[6.2038,51.52326],[6.20385,51.52321],[6.20609,51.52082],[6.20615,51.52076],[6.20627,51.52062],[6.20634,51.52055],[6.20771,51.5191],[6.20774,51.51905],[6.20907,51.51729],[6.2091,51.51725],[6.21076,51.51506],[6.21184,51.51364],[6.21199,51.51344],[6.21201,51.51342],[6.21202,51.51339],[6.2123,51.51243],[6.21232,51.51239],[6.21264,51.51128],[6.21307,51.50979],[6.21308,51.50975],[6.21309,51.50968],[6.21321,51.50888],[6.21321,51.50883],[6.21323,51.50873],[6.21336,51.50782],[6.21346,51.50709],[6.2135,51.50681],[6.2135,51.50677],[6.2136,51.50603],[6.21364,51.50571],[6.21366,51.50556],[6.21371,51.50519],[6.2138,51.50452],[6.21381,51.50448],[6.21381,51.50447],[6.21381,51.50444],[6.21389,51.50414],[6.2142,51.50291],[6.21419,51.50289],[6.21419,51.50285],[6.21396,51.50119],[6.21395,51.50113],[6.21388,51.50063],[6.2137,51.4993],[6.21382,51.49922],[6.21381,51.49915],[6.2138,51.49911],[6.21369,51.49844],[6.21357,51.49778],[6.21352,51.49744],[6.21335,51.49646],[6.21334,51.49642],[6.21334,51.49638],[6.21321,51.49564],[6.2132,51.49557],[6.2131,51.49512],[6.21282,51.49362],[6.2128,51.4935],[6.21279,51.49332],[6.21279,51.49328],[6.21279,51.49325],[6.21279,51.49311],[6.2128,51.49265],[6.2128,51.49241],[6.21281,51.49174],[6.21278,51.49143],[6.21277,51.49134],[6.21276,51.49131],[6.21317,51.4908],[6.21328,51.49067],[6.21332,51.49063],[6.21383,51.49],[6.21432,51.48939],[6.21445,51.48924],[6.21447,51.4892],[6.21482,51.48876],[6.21502,51.4885],[6.21548,51.48793],[6.21551,51.48788],[6.21561,51.48776],[6.21589,51.4874],[6.21667,51.48662],[6.21681,51.48648],[6.21685,51.48644],[6.21687,51.48643],[6.21724,51.48595],[6.21728,51.48591],[6.21758,51.48553],[6.21789,51.48514],[6.21851,51.48434],[6.21903,51.48498],[6.21907,51.48488],[6.21943,51.48408],[6.22069,51.48131],[6.22138,51.47976],[6.2216,51.47924],[6.22174,51.47899],[6.22181,51.47869],[6.22182,51.47866],[6.22183,51.47862],[6.22203,51.47835],[6.2231,51.47597],[6.22356,51.47496],[6.22355,51.47483],[6.22353,51.47438],[6.2235,51.47385],[6.2235,51.47382],[6.2235,51.47375],[6.22349,51.47371],[6.22349,51.47368],[6.22348,51.47341],[6.22345,51.47289],[6.22345,51.47282],[6.22342,51.47267],[6.22342,51.47265],[6.22337,51.47239],[6.22332,51.47208],[6.22325,51.47169],[6.22306,51.47064],[6.22298,51.47018],[6.22284,51.46947],[6.22316,51.4692],[6.22322,51.46915],[6.22361,51.46877],[6.22368,51.46871],[6.22362,51.46862],[6.2233,51.46815],[6.22327,51.46809],[6.22302,51.46757],[6.2228,51.46713],[6.22255,51.46654],[6.22229,51.46616],[6.22229,51.46606],[6.22223,51.46441],[6.22222,51.46428],[6.22222,51.4642],[6.22222,51.4641],[6.22221,51.46403],[6.22221,51.46391],[6.2222,51.4637],[6.2222,51.46367],[6.22219,51.46353],[6.22219,51.46338],[6.22219,51.46332],[6.22218,51.46328],[6.22216,51.46265],[6.22216,51.46264],[6.22215,51.46248],[6.22215,51.46235],[6.22214,51.46222],[6.2221,51.46109],[6.22203,51.4609],[6.22202,51.46085],[6.22184,51.46033],[6.22171,51.45996],[6.22141,51.45909],[6.22137,51.45896],[6.22116,51.45837],[6.22111,51.45823],[6.22106,51.45807],[6.221,51.45791],[6.2209,51.4576],[6.2208,51.45732],[6.22045,51.45628],[6.22043,51.45622],[6.2204,51.45614],[6.22032,51.45591],[6.22025,51.4557],[6.22015,51.45556],[6.22008,51.45546],[6.22,51.45535],[6.22011,51.45419],[6.22008,51.45419],[6.22024,51.45176],[6.22041,51.44907],[6.22059,51.44664],[6.21842,51.44668],[6.21427,51.44674],[6.21424,51.44674],[6.21399,51.44634],[6.21395,51.44628],[6.21395,51.4462],[6.21412,51.44362],[6.21428,51.44126],[6.21447,51.43836],[6.21458,51.43672],[6.21462,51.43608],[6.21473,51.43442],[6.21473,51.43431],[6.21474,51.4343],[6.21476,51.43388],[6.21474,51.43379],[6.21414,51.43163],[6.21395,51.43093],[6.21394,51.43089],[6.21393,51.43087],[6.21392,51.43082],[6.21352,51.42934],[6.2135,51.4293],[6.21349,51.42923],[6.21278,51.4267],[6.21255,51.42585],[6.2125,51.42569],[6.21185,51.42332],[6.21185,51.42331],[6.21156,51.42227],[6.21128,51.42127],[6.21127,51.42123],[6.21126,51.42117],[6.21065,51.41899],[6.21043,51.41821],[6.21,51.41666],[6.20982,51.416],[6.20932,51.41423],[6.20861,51.41164],[6.20791,51.40912],[6.20788,51.40899],[6.20786,51.40892],[6.20704,51.40596],[6.20681,51.40514],[6.20608,51.4025],[6.20525,51.39952],[6.20829,51.40022],[6.20838,51.40024],[6.21068,51.40077],[6.21082,51.4008],[6.21088,51.40081],[6.21094,51.40083],[6.21115,51.40088],[6.21136,51.40092],[6.21191,51.4009],[6.21198,51.4009],[6.21227,51.40089],[6.21287,51.40086],[6.21371,51.40082],[6.2142,51.4008],[6.21466,51.40078],[6.21509,51.40076],[6.21631,51.40071],[6.2164,51.40071],[6.21641,51.40071],[6.21656,51.4007],[6.21779,51.40065],[6.21935,51.40058],[6.21987,51.40056],[6.22047,51.40053],[6.22098,51.40051],[6.2215,51.40049],[6.22201,51.40047],[6.2225,51.40045],[6.22296,51.40043],[6.2235,51.4004],[6.22391,51.40039],[6.2241,51.40038],[6.22426,51.40037],[6.2248,51.40035],[6.22666,51.40027],[6.22603,51.39953],[6.22647,51.39944],[6.22677,51.39938],[6.22592,51.39862],[6.22489,51.39769],[6.2243,51.39709],[6.2237,51.39655],[6.22344,51.39635],[6.22221,51.39547],[6.2222,51.39546],[6.22213,51.39539],[6.2221,51.39536],[6.22168,51.39495],[6.22112,51.39449],[6.22096,51.39438],[6.21985,51.39344],[6.21941,51.39314],[6.21879,51.39265],[6.21846,51.39236],[6.21803,51.39198],[6.21764,51.3916],[6.21442,51.38963],[6.21445,51.38962],[6.21636,51.38883],[6.21597,51.38852],[6.21523,51.38792],[6.21474,51.38752],[6.21477,51.38747],[6.21501,51.38713],[6.21524,51.38658],[6.21536,51.38631],[6.21558,51.38579],[6.21576,51.38537],[6.21613,51.3845],[6.21613,51.38448],[6.21615,51.38446],[6.21617,51.38441],[6.21624,51.38424],[6.21627,51.38417],[6.21629,51.38411],[6.2163,51.38409],[6.21631,51.38407],[6.21634,51.384],[6.21637,51.38392],[6.21639,51.38388],[6.21661,51.38338],[6.21668,51.38321],[6.21705,51.38233],[6.21719,51.38199],[6.21722,51.38194],[6.21723,51.38192],[6.21724,51.3819],[6.21727,51.38183],[6.21739,51.38154],[6.21756,51.38114],[6.21773,51.38074],[6.21794,51.38023],[6.21802,51.38006],[6.21847,51.37899],[6.21984,51.37577],[6.21989,51.37567],[6.22005,51.37528],[6.22031,51.37466],[6.22121,51.37255],[6.22189,51.37095],[6.22269,51.36907],[6.22376,51.36653],[6.2244,51.36501],[6.22441,51.36499],[6.22449,51.3648],[6.2245,51.36478],[6.2247,51.36431],[6.22519,51.36316],[6.2254,51.36266],[6.22542,51.3626],[6.2258,51.36172],[6.2259,51.36149],[6.22639,51.36034],[6.22486,51.35946],[6.22453,51.35928],[6.22443,51.35922],[6.2242,51.35909],[6.22386,51.35889],[6.22166,51.35764],[6.22142,51.3575],[6.22112,51.35733],[6.21881,51.35601],[6.21763,51.35534],[6.21758,51.3553],[6.21742,51.35522],[6.21707,51.35502],[6.21649,51.35469],[6.21579,51.35428],[6.21508,51.35388],[6.21307,51.35273],[6.21205,51.35215],[6.21174,51.35197],[6.20929,51.35057],[6.20691,51.34921],[6.20336,51.34718],[6.20326,51.34712],[6.20319,51.34709],[6.20194,51.34637],[6.20006,51.3453],[6.1968,51.34343],[6.19611,51.34304],[6.19598,51.34296],[6.19571,51.34281],[6.19503,51.34242],[6.19465,51.3422],[6.19444,51.34208],[6.19429,51.34199],[6.19427,51.34199],[6.19423,51.34196],[6.19412,51.3419],[6.19411,51.34189],[6.19399,51.34182],[6.193,51.34126],[6.193,51.34125],[6.19264,51.34105],[6.19259,51.34102],[6.19253,51.34099],[6.19244,51.34093],[6.19194,51.34065],[6.19192,51.34064],[6.19188,51.34061],[6.19175,51.34054],[6.19168,51.3405],[6.19074,51.33996],[6.18995,51.3395],[6.18991,51.33948],[6.18988,51.33946],[6.1903,51.33902],[6.19037,51.33894],[6.19083,51.33843],[6.19097,51.33832],[6.191,51.33829],[6.19129,51.33801],[6.19151,51.33775],[6.19155,51.33771],[6.19156,51.3377],[6.19158,51.33768],[6.19173,51.3375],[6.19182,51.33741],[6.19221,51.33697],[6.19249,51.33664],[6.19281,51.33626],[6.19322,51.33578],[6.19345,51.33559],[6.19363,51.33544],[6.19382,51.3353],[6.19382,51.33529],[6.19397,51.33517],[6.19402,51.33512],[6.19423,51.33488],[6.19347,51.33474],[6.19235,51.33467],[6.19091,51.33494],[6.19041,51.33497],[6.18878,51.33504],[6.1883,51.33507],[6.18694,51.33488],[6.18539,51.33466],[6.18536,51.33465],[6.18425,51.3344],[6.1831,51.33414],[6.18184,51.33402],[6.18072,51.33392],[6.18022,51.33387],[6.17895,51.33358],[6.1789,51.33357],[6.17897,51.33346],[6.17828,51.33324],[6.17824,51.33323],[6.17808,51.33341],[6.17802,51.3334],[6.17536,51.33317],[6.17442,51.33308],[6.17413,51.33306],[6.17262,51.33314],[6.17136,51.33321],[6.17086,51.33317],[6.17059,51.33314],[6.17058,51.33314],[6.17026,51.33312],[6.17022,51.33311],[6.16995,51.33309],[6.16976,51.33308],[6.16964,51.33307],[6.16957,51.33306],[6.16921,51.33303],[6.1689,51.33301],[6.16861,51.33298],[6.16856,51.33299],[6.16843,51.3326],[6.16832,51.33228],[6.16823,51.33202],[6.16819,51.3319],[6.16825,51.33145],[6.16829,51.33137],[6.16849,51.33094],[6.16853,51.3309],[6.16888,51.3305],[6.16893,51.33043],[6.16894,51.33041],[6.16899,51.33033],[6.16906,51.33021],[6.16911,51.33014],[6.16913,51.33011],[6.16923,51.32988],[6.16932,51.32956],[6.16934,51.32951],[6.16934,51.3295],[6.16938,51.32937],[6.16936,51.32936],[6.16934,51.32934],[6.16824,51.32845],[6.16708,51.32751],[6.16642,51.32714],[6.16637,51.32711],[6.16633,51.32709],[6.16632,51.32708],[6.16597,51.32688],[6.16579,51.32675],[6.16539,51.32645],[6.16439,51.3257],[6.16419,51.32555],[6.16418,51.32554],[6.16416,51.32552],[6.16414,51.32549],[6.16316,51.32431],[6.16311,51.32425],[6.16211,51.32304],[6.16209,51.32302],[6.1616,51.3216],[6.16159,51.32159],[6.16155,51.32155],[6.16153,51.32154],[6.16003,51.32011],[6.15959,51.31969],[6.15959,51.31968],[6.15958,51.31948],[6.15954,51.3186],[6.15951,51.31768],[6.15948,51.3171],[6.15946,51.31668],[6.15945,51.31628],[6.15945,51.31627],[6.15944,51.31618],[6.15943,51.3158],[6.15942,51.31572],[6.15942,51.31564],[6.15919,51.31545],[6.15917,51.31543],[6.15755,51.31409],[6.15633,51.31308],[6.15617,51.31295],[6.15595,51.31277],[6.15553,51.31242],[6.15529,51.31213],[6.15487,51.3116],[6.15449,51.3113],[6.15424,51.31111],[6.15424,51.31103],[6.15422,51.31049],[6.1542,51.30974],[6.15419,51.30961],[6.15411,51.30913],[6.15411,51.30911],[6.1541,51.30909],[6.15382,51.30745],[6.15373,51.30735],[6.15372,51.30734],[6.15299,51.30655],[6.15171,51.30519],[6.15072,51.30413],[6.15071,51.30411],[6.15068,51.30408],[6.14955,51.30288],[6.14717,51.30032],[6.14714,51.30028],[6.14562,51.29864],[6.14557,51.29858],[6.14514,51.29812],[6.14479,51.29784],[6.14456,51.29767],[6.14431,51.29748],[6.14422,51.29741],[6.14416,51.29736],[6.14414,51.29734],[6.14354,51.29688],[6.1434,51.29678],[6.14325,51.29666],[6.1425,51.29608],[6.14237,51.29598],[6.14209,51.29576],[6.14171,51.29547],[6.14165,51.29543],[6.14148,51.2953],[6.14138,51.29522],[6.14129,51.29515],[6.1407,51.2947],[6.14069,51.29469],[6.14063,51.29465],[6.14058,51.29461],[6.1405,51.29454],[6.14045,51.29451],[6.13984,51.29404],[6.13983,51.29403],[6.13972,51.29395],[6.13935,51.29366],[6.13925,51.29358],[6.13883,51.29326],[6.13874,51.29319],[6.13851,51.29301],[6.13847,51.29299],[6.13844,51.29296],[6.13781,51.29248],[6.13763,51.29234],[6.13736,51.29213],[6.13609,51.29115],[6.1359,51.29101],[6.13519,51.29046],[6.13483,51.29018],[6.13447,51.28991],[6.13411,51.28963],[6.13393,51.28949],[6.13375,51.28935],[6.13339,51.28907],[6.13304,51.2888],[6.13269,51.28854],[6.1325,51.28838],[6.13233,51.28825],[6.13197,51.28798],[6.13179,51.28784],[6.13162,51.28771],[6.13126,51.28743],[6.13108,51.28729],[6.13091,51.28716],[6.13055,51.28688],[6.12983,51.28633],[6.12975,51.28627],[6.12965,51.28619],[6.12947,51.28605],[6.12901,51.2857],[6.12878,51.28525],[6.12863,51.28496],[6.12855,51.28482],[6.12831,51.28436],[6.12831,51.28435],[6.12808,51.28391],[6.12785,51.28347],[6.12762,51.28303],[6.1276,51.283],[6.12737,51.28256],[6.12704,51.28191],[6.12691,51.28168],[6.12688,51.28162],[6.12655,51.28099],[6.12585,51.27965],[6.1254,51.27879],[6.12535,51.2787],[6.12476,51.27755],[6.12462,51.27605],[6.12455,51.27531],[6.1245,51.27473],[6.12445,51.27469],[6.12439,51.27465],[6.12258,51.27339],[6.12022,51.27173],[6.11984,51.27147],[6.1198,51.27144],[6.1188,51.27074],[6.11876,51.27072],[6.11817,51.27031],[6.11765,51.26994],[6.11687,51.26939],[6.11603,51.26881],[6.11589,51.26871],[6.11584,51.26868],[6.11579,51.26864],[6.11397,51.26737],[6.11253,51.26636],[6.11247,51.26632],[6.112,51.266],[6.11186,51.2659],[6.11183,51.26588],[6.11144,51.2656],[6.10993,51.26455],[6.1095,51.26425],[6.10923,51.26406],[6.10796,51.26317],[6.10717,51.26262],[6.10709,51.26256],[6.10531,51.26132],[6.10449,51.26076],[6.10396,51.26039],[6.10342,51.26002],[6.10334,51.25996],[6.1033,51.25993],[6.10321,51.25987],[6.10316,51.25984],[6.10251,51.25938],[6.10221,51.25917],[6.10193,51.25898],[6.10178,51.25887],[6.10077,51.25817],[6.10071,51.25813],[6.09911,51.25702],[6.09856,51.25663],[6.09855,51.25662],[6.0985,51.25659],[6.09764,51.25599],[6.09696,51.25552],[6.09644,51.25516],[6.09633,51.25508],[6.09511,51.25423],[6.09504,51.25418],[6.09503,51.25418],[6.09459,51.25387],[6.09324,51.25293],[6.0932,51.2529],[6.09263,51.2525],[6.09208,51.25212],[6.09202,51.25208],[6.09132,51.2516],[6.09127,51.25156],[6.09057,51.25107],[6.09048,51.25101],[6.09041,51.25096],[6.08933,51.25021],[6.08925,51.25015],[6.08861,51.24971],[6.08817,51.2494],[6.08813,51.24937],[6.0867,51.24838],[6.08664,51.24834],[6.08564,51.24764],[6.08562,51.24763],[6.08237,51.24636],[6.0791,51.24508],[6.07586,51.24381],[6.07384,51.24302],[6.07266,51.24255],[6.07291,51.24218],[6.07378,51.24092],[6.07384,51.24084],[6.07417,51.24036],[6.07428,51.2402],[6.0755,51.23845],[6.07621,51.23747],[6.0763,51.23735],[6.07685,51.23658],[6.0774,51.2358],[6.07742,51.23578],[6.07747,51.23571],[6.07762,51.23549],[6.07767,51.23542],[6.07847,51.23429],[6.0793,51.23312],[6.0796,51.2327],[6.08002,51.23211],[6.08056,51.23134],[6.08097,51.23076],[6.08106,51.23064],[6.08111,51.23056],[6.08115,51.23051],[6.08119,51.23045],[6.0812,51.23043],[6.08154,51.22996],[6.08171,51.22971],[6.08174,51.22967],[6.08183,51.22954],[6.08227,51.22892],[6.08337,51.22736],[6.0834,51.22732],[6.08343,51.22728],[6.08354,51.22712],[6.08379,51.22668],[6.08449,51.22541],[6.08451,51.22537],[6.08464,51.22514],[6.08602,51.22267],[6.08359,51.22204],[6.08244,51.22226],[6.08096,51.22244],[6.0792,51.22248],[6.07326,51.22243],[6.07069,51.22208],[6.06799,51.22055],[6.06809,51.21912],[6.06809,51.21906],[6.0681,51.21894],[6.06828,51.21619],[6.06835,51.21515],[6.06847,51.21335],[6.06949,51.21321],[6.06989,51.2098],[6.06989,51.20979],[6.0699,51.2097],[6.07006,51.20838],[6.07006,51.20832],[6.07013,51.20774],[6.07022,51.20696],[6.07041,51.20537],[6.07049,51.20471],[6.07086,51.20156],[6.07095,51.20073],[6.07096,51.2007],[6.07096,51.20067],[6.07096,51.20063],[6.07097,51.2006],[6.07097,51.20054],[6.07098,51.20048],[6.07099,51.20041],[6.07099,51.2004],[6.071,51.20035],[6.071,51.20033],[6.07102,51.20011],[6.07103,51.20007],[6.07104,51.2],[6.07106,51.1998],[6.07129,51.1978],[6.07148,51.19628],[6.07154,51.1958],[6.07155,51.19573],[6.07181,51.19365],[6.07202,51.19194],[6.07202,51.1919],[6.07229,51.18973],[6.07229,51.1897],[6.07233,51.18937],[6.07261,51.18717],[6.07288,51.18497],[6.07291,51.18473],[6.07314,51.18279],[6.07485,51.18101],[6.07682,51.17896],[6.07702,51.17874],[6.07711,51.17865],[6.07851,51.17719],[6.07877,51.1768],[6.07881,51.17675],[6.07895,51.17653],[6.07905,51.17638],[6.07961,51.17554],[6.08018,51.17468],[6.08019,51.17466],[6.0803,51.1745],[6.08066,51.17394],[6.08106,51.17334],[6.08149,51.17268],[6.08153,51.17262],[6.08159,51.17254],[6.08198,51.17195],[6.08212,51.17174],[6.08219,51.17163],[6.08478,51.1713],[6.08686,51.17103],[6.08741,51.17096],[6.08763,51.17093],[6.08768,51.17095],[6.08772,51.17096],[6.08777,51.17094],[6.08783,51.17095],[6.08786,51.17094],[6.08786,51.17091],[6.08789,51.17087],[6.08786,51.17079],[6.08799,51.17084],[6.08802,51.17089],[6.08806,51.17088],[6.08804,51.17082],[6.08808,51.17078],[6.08809,51.17075],[6.08812,51.17075],[6.08813,51.17079],[6.08822,51.1708],[6.0884,51.17084],[6.0884,51.1708],[6.08843,51.17077],[6.0884,51.17073],[6.08845,51.17073],[6.08849,51.17081],[6.08853,51.17081],[6.08854,51.17074],[6.08857,51.17073],[6.08862,51.17077],[6.08865,51.17077],[6.08869,51.17074],[6.08886,51.17073],[6.08895,51.17077],[6.08888,51.17086],[6.08891,51.17088],[6.08895,51.17085],[6.08898,51.17086],[6.089,51.17092],[6.08925,51.171],[6.08929,51.17099],[6.08929,51.17092],[6.08921,51.17091],[6.08923,51.17086],[6.0892,51.17076],[6.08908,51.1707],[6.08907,51.17061],[6.0891,51.17057],[6.08927,51.17057],[6.08935,51.17054],[6.0894,51.17056],[6.08944,51.1706],[6.08952,51.1706],[6.08962,51.17058],[6.08967,51.17047],[6.08964,51.17041],[6.08977,51.17043],[6.08985,51.17041],[6.08995,51.1704],[6.08999,51.17037],[6.09003,51.17039],[6.09,51.17041],[6.08996,51.17044],[6.08997,51.17048],[6.09,51.17049],[6.09002,51.17047],[6.09005,51.17047],[6.09006,51.1705],[6.09011,51.1705],[6.0902,51.17047],[6.09017,51.17042],[6.09024,51.17042],[6.0903,51.17041],[6.09035,51.17041],[6.09038,51.17044],[6.09033,51.17047],[6.09038,51.17051],[6.09046,51.17052],[6.09047,51.17057],[6.09049,51.1706],[6.09053,51.17061],[6.09057,51.17054],[6.09056,51.17047],[6.09076,51.17049],[6.09082,51.17048],[6.09093,51.17051],[6.09095,51.17054],[6.09083,51.17064],[6.09088,51.17068],[6.09084,51.17075],[6.0908,51.17077],[6.09077,51.1708],[6.09078,51.17081],[6.09086,51.1708],[6.09093,51.1708],[6.09096,51.17075],[6.09106,51.17079],[6.09117,51.17077],[6.09116,51.17072],[6.0912,51.17072],[6.09124,51.17077],[6.09132,51.17075],[6.09141,51.17078],[6.09147,51.17076],[6.09142,51.17074],[6.09143,51.17072],[6.09151,51.17069],[6.09149,51.17066],[6.09143,51.17068],[6.09141,51.17065],[6.09143,51.17056],[6.09152,51.17056],[6.09154,51.17053],[6.09183,51.17054],[6.09175,51.1706],[6.09179,51.17061],[6.09186,51.1706],[6.09187,51.17063],[6.09194,51.17062],[6.09197,51.1707],[6.09208,51.17072],[6.09227,51.17066],[6.09231,51.17059],[6.09225,51.17057],[6.09217,51.17064],[6.09203,51.17064],[6.09205,51.1706],[6.092,51.17058],[6.09202,51.17052],[6.09208,51.17051],[6.09205,51.17045],[6.09225,51.17038],[6.09231,51.17039],[6.0924,51.17038],[6.09245,51.1704],[6.09258,51.1704],[6.09269,51.17042],[6.09278,51.17047],[6.0928,51.17049],[6.09271,51.17051],[6.09275,51.17053],[6.09267,51.17055],[6.09258,51.17059],[6.09258,51.17061],[6.09267,51.17061],[6.09276,51.17063],[6.09278,51.17065],[6.09282,51.17063],[6.09283,51.1706],[6.0929,51.17062],[6.09288,51.17067],[6.09291,51.17069],[6.09303,51.17064],[6.09306,51.17066],[6.09308,51.17064],[6.09303,51.17062],[6.093,51.17054],[6.09308,51.17052],[6.09312,51.17059],[6.09319,51.17053],[6.09323,51.17047],[6.0933,51.17046],[6.09332,51.17043],[6.0934,51.17045],[6.09355,51.1704],[6.0936,51.17041],[6.09367,51.17039],[6.09382,51.17039],[6.09384,51.17043],[6.09402,51.17047],[6.09404,51.1705],[6.09402,51.17053],[6.09404,51.1706],[6.09409,51.17062],[6.09411,51.17057],[6.09423,51.17059],[6.09417,51.17063],[6.09422,51.17067],[6.09412,51.17068],[6.09408,51.17072],[6.09411,51.17074],[6.09418,51.17074],[6.09424,51.17079],[6.09434,51.17077],[6.09438,51.17073],[6.09444,51.17063],[6.09453,51.17064],[6.09455,51.17068],[6.09464,51.17066],[6.09464,51.17061],[6.09475,51.17068],[6.0947,51.17071],[6.09471,51.17074],[6.09479,51.17071],[6.09485,51.17074],[6.09479,51.17079],[6.09482,51.17081],[6.09488,51.1708],[6.09495,51.17082],[6.09502,51.17078],[6.09508,51.17079],[6.09506,51.17085],[6.0951,51.17088],[6.09503,51.1709],[6.09512,51.17095],[6.0952,51.17091],[6.09524,51.17092],[6.09523,51.17097],[6.09525,51.17103],[6.09521,51.17103],[6.09522,51.17107],[6.09526,51.17109],[6.09535,51.17109],[6.09541,51.17108],[6.09536,51.17103],[6.09543,51.17102],[6.09545,51.17097],[6.09557,51.17097],[6.09561,51.17094],[6.09559,51.17107],[6.09552,51.17109],[6.09553,51.17113],[6.09554,51.17115],[6.0956,51.17112],[6.09571,51.17111],[6.09575,51.17109],[6.09583,51.1711],[6.0959,51.17114],[6.09598,51.17112],[6.09602,51.17108],[6.09596,51.17104],[6.09597,51.17101],[6.09601,51.17099],[6.09603,51.17102],[6.0961,51.171],[6.09622,51.171],[6.09632,51.17093],[6.09643,51.17094],[6.09653,51.17091],[6.09653,51.17086],[6.09659,51.17082],[6.09645,51.17075],[6.09639,51.17077],[6.09635,51.17076],[6.09631,51.17079],[6.09625,51.17076],[6.09621,51.17078],[6.09614,51.17075],[6.09614,51.17071],[6.09624,51.17071],[6.09631,51.17069],[6.0964,51.1707],[6.09647,51.17068],[6.0965,51.17065],[6.09659,51.17062],[6.09664,51.17065],[6.0967,51.17063],[6.09675,51.1707],[6.09683,51.17074],[6.09686,51.17069],[6.09688,51.17066],[6.09696,51.17065],[6.09697,51.17072],[6.09701,51.17072],[6.09701,51.17066],[6.09713,51.17073],[6.09714,51.17079],[6.09719,51.17079],[6.09723,51.17075],[6.09719,51.17068],[6.09726,51.17064],[6.09716,51.17062],[6.09718,51.17057],[6.09731,51.17053],[6.09739,51.17059],[6.09748,51.17057],[6.09759,51.17059],[6.09767,51.17056],[6.09785,51.17053],[6.09797,51.17045],[6.09798,51.1704],[6.09788,51.17034],[6.098,51.17024],[6.09809,51.17027],[6.09812,51.17034],[6.09833,51.1703],[6.09836,51.17025],[6.09836,51.17019],[6.09849,51.17016],[6.09878,51.17015],[6.09891,51.1701],[6.099,51.1701],[6.0991,51.17004],[6.09922,51.17002],[6.09957,51.16987],[6.09973,51.16984],[6.1,51.16986],[6.1001,51.16987],[6.10011,51.16993],[6.10016,51.16995],[6.10028,51.16994],[6.10031,51.16999],[6.10031,51.17004],[6.10049,51.17004],[6.10065,51.17011],[6.10071,51.17027],[6.10064,51.17034],[6.10065,51.17043],[6.10058,51.17048],[6.10059,51.17053],[6.10061,51.17058],[6.10048,51.1707],[6.10067,51.17083],[6.1006,51.17088],[6.10063,51.17093],[6.10069,51.17095],[6.10075,51.17094],[6.1008,51.17091],[6.10088,51.17093],[6.10089,51.17086],[6.10095,51.17085],[6.10095,51.17089],[6.101,51.17089],[6.10105,51.17092],[6.10112,51.1709],[6.10115,51.17094],[6.10106,51.17097],[6.10115,51.17102],[6.10124,51.171],[6.10122,51.17114],[6.10126,51.17116],[6.10133,51.17114],[6.10138,51.17116],[6.10145,51.17123],[6.10151,51.1712],[6.10154,51.17121],[6.10148,51.17126],[6.10152,51.17127],[6.10145,51.17132],[6.10146,51.17138],[6.10161,51.17144],[6.10167,51.17142],[6.10174,51.17142],[6.10187,51.17145],[6.10188,51.17149],[6.10192,51.17148],[6.10198,51.17149],[6.10202,51.17147],[6.10205,51.17149],[6.10201,51.17151],[6.10203,51.17153],[6.10204,51.17157],[6.1021,51.17161],[6.10207,51.17162],[6.10208,51.17166],[6.1021,51.17167],[6.10213,51.17163],[6.10228,51.1716],[6.10237,51.1716],[6.10244,51.17155],[6.10249,51.17159],[6.10243,51.17166],[6.10249,51.17169],[6.10251,51.17163],[6.10257,51.17164],[6.10259,51.17158],[6.10264,51.1716],[6.10268,51.17167],[6.10263,51.1717],[6.10269,51.17173],[6.10272,51.17182],[6.10277,51.1718],[6.1028,51.17172],[6.10284,51.17169],[6.10293,51.17177],[6.103,51.17178],[6.10303,51.17184],[6.10316,51.1718],[6.1032,51.17177],[6.10324,51.17173],[6.10329,51.17173],[6.10335,51.17174],[6.10337,51.17176],[6.10334,51.17179],[6.10327,51.17185],[6.10336,51.17185],[6.10345,51.17179],[6.10356,51.17182],[6.10362,51.1718],[6.10363,51.17183],[6.10355,51.17187],[6.10359,51.17189],[6.10377,51.17185],[6.10382,51.17194],[6.10388,51.17198],[6.10421,51.17206],[6.1043,51.17204],[6.10439,51.17198],[6.10449,51.17195],[6.10471,51.17199],[6.10477,51.17194],[6.10504,51.17197],[6.10518,51.17199],[6.1053,51.17206],[6.10544,51.17205],[6.10553,51.17209],[6.10562,51.1721],[6.1056,51.17216],[6.10576,51.17221],[6.10586,51.17218],[6.1059,51.17209],[6.106,51.17214],[6.10605,51.17214],[6.1061,51.17219],[6.10616,51.17228],[6.10621,51.17227],[6.10623,51.17229],[6.10642,51.17234],[6.10645,51.17228],[6.10659,51.1723],[6.10668,51.17237],[6.10682,51.17241],[6.10678,51.17249],[6.10681,51.17251],[6.10689,51.17248],[6.10704,51.1725],[6.10709,51.17246],[6.10715,51.17248],[6.1071,51.17252],[6.10715,51.17254],[6.10718,51.17251],[6.10723,51.17251],[6.10728,51.17253],[6.10743,51.17257],[6.10744,51.17253],[6.10747,51.1725],[6.10749,51.17248],[6.10752,51.17247],[6.10754,51.17248],[6.10753,51.17252],[6.10749,51.17256],[6.10744,51.17259],[6.10749,51.17271],[6.10757,51.17276],[6.10756,51.17277],[6.10743,51.17279],[6.10753,51.1729],[6.10769,51.17293],[6.10775,51.17291],[6.10784,51.17294],[6.1079,51.1729],[6.10796,51.17292],[6.10786,51.173],[6.10788,51.17305],[6.10799,51.17302],[6.10803,51.1731],[6.10791,51.17313],[6.10792,51.17319],[6.10799,51.17315],[6.10813,51.17319],[6.1082,51.17316],[6.10827,51.17319],[6.1083,51.17316],[6.10833,51.17318],[6.1084,51.17318],[6.10842,51.17324],[6.10835,51.17327],[6.10842,51.17331],[6.10856,51.17325],[6.1086,51.17321],[6.10865,51.17322],[6.10874,51.17321],[6.10872,51.17318],[6.10879,51.17313],[6.10892,51.17317],[6.10894,51.17322],[6.10892,51.17326],[6.10897,51.17329],[6.10906,51.17325],[6.10921,51.17338],[6.10922,51.17345],[6.10942,51.17349],[6.10949,51.17348],[6.10958,51.17342],[6.10965,51.17343],[6.10968,51.17351],[6.10977,51.17349],[6.10991,51.1734],[6.10988,51.17333],[6.10998,51.17328],[6.11017,51.17348],[6.11022,51.17357],[6.11035,51.17359],[6.11036,51.17367],[6.11066,51.17365],[6.11071,51.17374],[6.1109,51.17371],[6.11104,51.17381],[6.11123,51.17385],[6.11137,51.17394],[6.1113,51.17397],[6.11103,51.17399],[6.11117,51.17405],[6.11108,51.17411],[6.11117,51.17417],[6.1112,51.17413],[6.11126,51.17416],[6.11117,51.17426],[6.11165,51.17442],[6.1114,51.17463],[6.11147,51.17469],[6.11157,51.17464],[6.11168,51.17474],[6.11182,51.1747],[6.11192,51.17475],[6.11205,51.1747],[6.11226,51.17479],[6.11237,51.17476],[6.11247,51.17479],[6.11256,51.17487],[6.11262,51.17487],[6.11265,51.17483],[6.11266,51.17477],[6.11277,51.17484],[6.11269,51.17488],[6.11268,51.17497],[6.11271,51.17497],[6.11277,51.17501],[6.1128,51.17498],[6.11286,51.175],[6.11277,51.17507],[6.11277,51.1751],[6.11282,51.17512],[6.1128,51.17519],[6.11292,51.1753],[6.113,51.17526],[6.11314,51.17528],[6.11322,51.17536],[6.11329,51.17537],[6.11332,51.17542],[6.11341,51.17544],[6.11349,51.17553],[6.11354,51.17562],[6.11359,51.17571],[6.11373,51.17575],[6.11395,51.17588],[6.11409,51.17604],[6.11425,51.17613],[6.11428,51.17619],[6.11425,51.17624],[6.11429,51.17628],[6.11441,51.17632],[6.11445,51.17636],[6.11448,51.1764],[6.11455,51.17641],[6.11463,51.17652],[6.11464,51.1766],[6.11474,51.17664],[6.11481,51.17675],[6.11486,51.1769],[6.11497,51.17701],[6.11504,51.17716],[6.11522,51.17733],[6.11529,51.1775],[6.11546,51.17764],[6.1154,51.17767],[6.11538,51.17771],[6.11549,51.17781],[6.1155,51.17787],[6.11556,51.17792],[6.1157,51.17801],[6.11588,51.17811],[6.11594,51.17813],[6.11618,51.17823],[6.11638,51.17832],[6.11669,51.17852],[6.11682,51.17857],[6.1169,51.17861],[6.11707,51.1787],[6.11732,51.17881],[6.1174,51.17887],[6.11736,51.17901],[6.11738,51.17911],[6.11756,51.17915],[6.11774,51.17919],[6.11798,51.17925],[6.11816,51.17932],[6.11833,51.17944],[6.11881,51.17964],[6.11912,51.17979],[6.11934,51.1799],[6.11979,51.1801],[6.12026,51.18032],[6.12059,51.18046],[6.12079,51.18055],[6.12105,51.18062],[6.12147,51.18083],[6.1217,51.18094],[6.122,51.18102],[6.1222,51.18109],[6.12238,51.18123],[6.1226,51.18136],[6.12366,51.18162],[6.1239,51.18167],[6.12431,51.18177],[6.12469,51.18185],[6.12507,51.18195],[6.12514,51.18197],[6.12581,51.18217],[6.12636,51.18232],[6.12685,51.18246],[6.1275,51.18271],[6.12805,51.18292],[6.12859,51.18321],[6.12882,51.18333],[6.12962,51.18374],[6.13069,51.18404],[6.13095,51.18411],[6.13168,51.18432],[6.13296,51.18468],[6.13369,51.18489],[6.13557,51.18542],[6.13596,51.18554],[6.13648,51.18571],[6.13811,51.18624],[6.14039,51.18698],[6.1411,51.1872],[6.14402,51.18806],[6.1452,51.18841],[6.14903,51.18955],[6.1499,51.18981],[6.15243,51.19052],[6.15362,51.19085],[6.15731,51.19183],[6.1611,51.19284],[6.16517,51.19441],[6.16523,51.19438],[6.16698,51.19347],[6.16748,51.19322],[6.16867,51.1926],[6.1694,51.19222],[6.16986,51.19198],[6.17053,51.19163],[6.1714,51.19119],[6.17183,51.19096],[6.17328,51.19021],[6.17355,51.19007],[6.17356,51.19007],[6.17426,51.18971],[6.17584,51.18888],[6.17704,51.18826],[6.17762,51.18796],[6.17768,51.18793],[6.17778,51.18788],[6.17892,51.18729],[6.17893,51.18728],[6.17899,51.18725],[6.17936,51.18706],[6.18005,51.18671],[6.18068,51.18638],[6.18072,51.18636],[6.18066,51.18634],[6.17898,51.18585],[6.17725,51.18534],[6.17684,51.18522],[6.17467,51.18458],[6.17419,51.18444],[6.17347,51.1842],[6.17233,51.18383],[6.172,51.18372],[6.17113,51.18343],[6.17087,51.18335],[6.16914,51.18278],[6.16808,51.18243],[6.16795,51.18239],[6.16771,51.18231],[6.16478,51.1814],[6.16384,51.18111],[6.16148,51.18038],[6.15986,51.17988],[6.15891,51.17959],[6.15879,51.17955],[6.15841,51.17944],[6.15591,51.17866],[6.1515,51.17729],[6.15103,51.17714],[6.14697,51.17588],[6.14686,51.17584],[6.14432,51.17506],[6.14319,51.1747],[6.1388,51.17334],[6.13974,51.17298],[6.14055,51.17266],[6.14198,51.17211],[6.14589,51.17049],[6.14638,51.17029],[6.14797,51.16963],[6.14816,51.16955],[6.14921,51.16912],[6.14925,51.1691],[6.14931,51.16907],[6.15077,51.16847],[6.1518,51.16803],[6.15198,51.16796],[6.1546,51.16686],[6.15559,51.16645],[6.15568,51.16641],[6.15603,51.16627],[6.15611,51.16624],[6.15617,51.16621],[6.15825,51.16536],[6.16106,51.16422],[6.16114,51.16419],[6.16426,51.16292],[6.1666,51.16197],[6.16768,51.16154],[6.17069,51.16034],[6.17073,51.16032],[6.17203,51.15981],[6.17312,51.15938],[6.17361,51.15918],[6.17382,51.1591],[6.17401,51.15902],[6.17542,51.15846],[6.1737,51.15726],[6.17323,51.15699],[6.17011,51.15523],[6.16732,51.15426],[6.16727,51.15424],[6.16666,51.15395],[6.16613,51.1537],[6.16446,51.15289],[6.16442,51.15288],[6.16439,51.15288],[6.16433,51.15287],[6.16429,51.15287],[6.16398,51.15282],[6.1635,51.15276],[6.16285,51.15267],[6.1629,51.15249],[6.16297,51.15222],[6.16299,51.15206],[6.16301,51.15198],[6.16303,51.15181],[6.16303,51.1518],[6.16304,51.15172],[6.16306,51.15162],[6.16324,51.15028],[6.16343,51.14896],[6.16344,51.14885],[6.16345,51.14881],[6.16345,51.1488],[6.16346,51.14875],[6.16346,51.14874],[6.16338,51.14871],[6.16334,51.14869],[6.16325,51.1487],[6.16311,51.14871],[6.16289,51.14873],[6.16271,51.14878],[6.16259,51.14879],[6.16249,51.14878],[6.16244,51.14879],[6.16237,51.14884],[6.1623,51.14885],[6.16206,51.1489],[6.16201,51.14892],[6.16192,51.14898],[6.16188,51.149],[6.16172,51.14904],[6.16167,51.14906],[6.16149,51.14906],[6.1614,51.14908],[6.16123,51.14913],[6.16098,51.1492],[6.161,51.14931],[6.1609,51.14937],[6.16086,51.14938],[6.16078,51.14941],[6.16075,51.1494],[6.16062,51.14946],[6.16058,51.14943],[6.1606,51.14941],[6.16063,51.14939],[6.16065,51.14937],[6.16068,51.14928],[6.16066,51.14926],[6.16049,51.14929],[6.16037,51.14926],[6.16033,51.14925],[6.1602,51.14922],[6.16017,51.14923],[6.1601,51.14927],[6.16002,51.14928],[6.15994,51.14926],[6.16001,51.14914],[6.16001,51.14912],[6.15998,51.14911],[6.15991,51.1491],[6.15989,51.14911],[6.15988,51.1491],[6.15982,51.14911],[6.1598,51.14909],[6.15973,51.14905],[6.15969,51.14904],[6.15967,51.14905],[6.15963,51.14908],[6.15957,51.14911],[6.15948,51.14912],[6.15936,51.14912],[6.15927,51.14914],[6.1591,51.1491],[6.15909,51.14911],[6.15901,51.14912],[6.15893,51.1491],[6.15889,51.14908],[6.15887,51.14902],[6.1588,51.14894],[6.1588,51.14891],[6.15885,51.14886],[6.15882,51.14885],[6.15865,51.14886],[6.15861,51.14887],[6.15862,51.1489],[6.15863,51.14895],[6.15861,51.149],[6.15858,51.149],[6.15851,51.14899],[6.15845,51.14894],[6.1584,51.14895],[6.15836,51.14896],[6.15831,51.14898],[6.15824,51.14901],[6.1582,51.14903],[6.1581,51.14904],[6.15806,51.14903],[6.15801,51.14901],[6.15796,51.14899],[6.15792,51.14898],[6.15777,51.14889],[6.15773,51.14887],[6.15769,51.14888],[6.15752,51.14899],[6.15745,51.14896],[6.15742,51.14893],[6.15737,51.14887],[6.15744,51.14882],[6.15755,51.14879],[6.15757,51.14877],[6.15756,51.14873],[6.15749,51.14868],[6.15741,51.14867],[6.15731,51.14868],[6.15724,51.14867],[6.15716,51.14853],[6.15713,51.14853],[6.15711,51.14854],[6.15711,51.14858],[6.15713,51.14864],[6.15713,51.14866],[6.15713,51.14867],[6.1571,51.14871],[6.15707,51.14871],[6.15705,51.14872],[6.15703,51.14872],[6.15671,51.1486],[6.15663,51.14861],[6.15656,51.14858],[6.1565,51.14851],[6.15645,51.14842],[6.15638,51.14839],[6.15632,51.14833],[6.15624,51.14831],[6.15616,51.14833],[6.15613,51.1484],[6.15623,51.14845],[6.15624,51.1485],[6.1562,51.14852],[6.15614,51.14853],[6.1561,51.14854],[6.15607,51.14854],[6.15588,51.14846],[6.15572,51.14838],[6.15571,51.14836],[6.1557,51.14833],[6.15569,51.1483],[6.15566,51.14828],[6.15563,51.14828],[6.15556,51.14839],[6.15542,51.14844],[6.15538,51.14846],[6.15535,51.14846],[6.15534,51.14843],[6.15531,51.14837],[6.15521,51.1483],[6.15518,51.14825],[6.1552,51.14822],[6.15521,51.14821],[6.15523,51.1482],[6.15526,51.14819],[6.15529,51.14818],[6.15532,51.14818],[6.15536,51.14819],[6.15542,51.14821],[6.15546,51.14821],[6.15548,51.1482],[6.15549,51.14818],[6.15545,51.14815],[6.15539,51.14812],[6.15533,51.14813],[6.15525,51.14813],[6.15516,51.14809],[6.15502,51.14808],[6.1549,51.14807],[6.15485,51.14805],[6.15485,51.14802],[6.1549,51.14798],[6.15491,51.14797],[6.15491,51.14796],[6.15491,51.14793],[6.15488,51.1479],[6.15484,51.1479],[6.1548,51.14796],[6.15473,51.14801],[6.15469,51.14805],[6.15465,51.14814],[6.15462,51.14823],[6.15459,51.14822],[6.15449,51.14811],[6.15441,51.14804],[6.15431,51.148],[6.15428,51.148],[6.15418,51.14802],[6.15418,51.14804],[6.15421,51.14805],[6.15423,51.14807],[6.15426,51.14812],[6.15425,51.14815],[6.15412,51.14825],[6.1541,51.14826],[6.15408,51.14826],[6.15401,51.14819],[6.15388,51.14814],[6.15385,51.14813],[6.15383,51.14814],[6.15383,51.14819],[6.15386,51.14823],[6.15385,51.14827],[6.15383,51.14828],[6.15372,51.14828],[6.15362,51.14824],[6.15351,51.14819],[6.15345,51.14813],[6.15337,51.14812],[6.15336,51.14813],[6.15336,51.14824],[6.15333,51.14827],[6.1533,51.14831],[6.15328,51.14832],[6.1532,51.14831],[6.15317,51.1483],[6.15309,51.14824],[6.15297,51.14822],[6.15294,51.14821],[6.15286,51.14814],[6.15283,51.14812],[6.15279,51.14812],[6.1526,51.14811],[6.15257,51.14809],[6.15254,51.14805],[6.15255,51.14802],[6.15265,51.14798],[6.15266,51.14797],[6.15266,51.14795],[6.15257,51.14794],[6.15247,51.14795],[6.15243,51.14794],[6.15233,51.14792],[6.15227,51.14793],[6.15202,51.14795],[6.15198,51.148],[6.15197,51.14804],[6.1519,51.14807],[6.15186,51.14808],[6.15181,51.14813],[6.15176,51.14814],[6.15174,51.14812],[6.15171,51.14806],[6.15167,51.14805],[6.15164,51.14805],[6.15157,51.14803],[6.15145,51.14806],[6.15128,51.1481],[6.15123,51.1481],[6.151,51.14813],[6.15098,51.14814],[6.1509,51.14819],[6.15087,51.1482],[6.15078,51.14822],[6.15067,51.14826],[6.1506,51.14828],[6.1506,51.14831],[6.15063,51.14836],[6.1507,51.14839],[6.15072,51.14843],[6.15072,51.14848],[6.15071,51.1485],[6.15065,51.14852],[6.1505,51.14849],[6.15047,51.14849],[6.1504,51.14851],[6.15038,51.14851],[6.15032,51.1485],[6.1502,51.14841],[6.15017,51.14839],[6.15011,51.14835],[6.15011,51.14833],[6.15008,51.14828],[6.15004,51.14826],[6.14997,51.14824],[6.14992,51.14825],[6.14986,51.14829],[6.1498,51.14833],[6.1498,51.14834],[6.14971,51.14847],[6.14962,51.1485],[6.14956,51.14854],[6.14949,51.14855],[6.14945,51.14854],[6.14935,51.14852],[6.14933,51.14851],[6.14917,51.14852],[6.1491,51.14855],[6.1491,51.1486],[6.14902,51.14867],[6.14896,51.14869],[6.14885,51.14868],[6.14878,51.14865],[6.14876,51.14862],[6.14877,51.14854],[6.14874,51.1485],[6.14867,51.14846],[6.14867,51.14837],[6.14865,51.14836],[6.14861,51.14837],[6.14847,51.14842],[6.14845,51.14844],[6.14847,51.14848],[6.14856,51.14855],[6.14856,51.14856],[6.1484,51.14861],[6.1483,51.14858],[6.14818,51.14857],[6.14811,51.14853],[6.14808,51.1485],[6.14798,51.14845],[6.14796,51.14845],[6.14789,51.14845],[6.14788,51.14846],[6.14784,51.14853],[6.14778,51.14856],[6.1477,51.1486],[6.14762,51.1486],[6.14761,51.14858],[6.14755,51.1485],[6.14751,51.14841],[6.14748,51.14841],[6.14733,51.14843],[6.14725,51.1484],[6.14713,51.14841],[6.147,51.1484],[6.14688,51.14839],[6.14685,51.1484],[6.14673,51.14839],[6.14664,51.14835],[6.14655,51.14828],[6.14651,51.14827],[6.14645,51.14827],[6.14639,51.14833],[6.1463,51.14836],[6.14626,51.14835],[6.14625,51.14831],[6.14627,51.1483],[6.14632,51.14813],[6.14625,51.14808],[6.14616,51.14807],[6.14604,51.14809],[6.14601,51.14809],[6.14584,51.14799],[6.14584,51.14797],[6.14588,51.14796],[6.14599,51.14798],[6.14601,51.14797],[6.14606,51.14795],[6.14607,51.14792],[6.14605,51.1479],[6.14603,51.14789],[6.14591,51.14775],[6.14588,51.14773],[6.14586,51.14771],[6.14581,51.1477],[6.14575,51.14772],[6.14572,51.14775],[6.14564,51.14781],[6.1456,51.14781],[6.14555,51.14781],[6.14546,51.14781],[6.14542,51.14783],[6.14542,51.14785],[6.14541,51.14788],[6.1453,51.14792],[6.1451,51.14795],[6.14507,51.14795],[6.14508,51.14789],[6.1451,51.14787],[6.14515,51.14786],[6.14522,51.14781],[6.14524,51.14778],[6.14532,51.14778],[6.14533,51.14777],[6.14536,51.14771],[6.14544,51.14766],[6.14547,51.14764],[6.14548,51.14759],[6.14538,51.14749],[6.14535,51.14744],[6.14526,51.14746],[6.14525,51.14745],[6.14521,51.14736],[6.14517,51.14732],[6.14512,51.14731],[6.14507,51.14728],[6.14498,51.14724],[6.14496,51.1472],[6.14494,51.14712],[6.14492,51.1471],[6.14484,51.14704],[6.14479,51.14703],[6.14473,51.14705],[6.14472,51.14705],[6.14468,51.14714],[6.14465,51.14717],[6.14463,51.14718],[6.14455,51.14718],[6.14451,51.14712],[6.1445,51.14709],[6.14451,51.14705],[6.14448,51.14703],[6.1444,51.14703],[6.14434,51.14705],[6.14422,51.14706],[6.14419,51.14706],[6.14415,51.14707],[6.14411,51.14709],[6.14414,51.14713],[6.14412,51.14715],[6.14406,51.14716],[6.144,51.14716],[6.14399,51.14715],[6.14395,51.14701],[6.14391,51.147],[6.14388,51.14701],[6.14382,51.14704],[6.14378,51.14705],[6.14376,51.14705],[6.14372,51.14702],[6.14373,51.14697],[6.14371,51.14695],[6.14369,51.14696],[6.14364,51.147],[6.14343,51.14703],[6.14339,51.14703],[6.14332,51.14699],[6.14331,51.14694],[6.14326,51.14691],[6.14294,51.14685],[6.1429,51.14684],[6.14283,51.14683],[6.14281,51.14678],[6.14273,51.14677],[6.14265,51.14675],[6.14254,51.1467],[6.14251,51.14669],[6.14241,51.1467],[6.14237,51.1467],[6.14224,51.14667],[6.14212,51.14664],[6.14204,51.14657],[6.14201,51.14656],[6.14188,51.14651],[6.14181,51.14649],[6.14167,51.1465],[6.14163,51.14649],[6.14156,51.14647],[6.14146,51.14649],[6.1414,51.1465],[6.14138,51.1465],[6.14133,51.14646],[6.14126,51.14645],[6.14114,51.14648],[6.14104,51.14648],[6.14103,51.14649],[6.14082,51.14645],[6.1408,51.14646],[6.14079,51.14645],[6.14066,51.14646],[6.14062,51.14645],[6.14049,51.14644],[6.14047,51.14642],[6.14052,51.14637],[6.14053,51.14634],[6.14043,51.14633],[6.1403,51.14631],[6.14021,51.14628],[6.14003,51.14625],[6.13986,51.14624],[6.13984,51.14624],[6.13978,51.14623],[6.13968,51.14619],[6.13967,51.14618],[6.13956,51.14616],[6.13947,51.14617],[6.13949,51.14624],[6.13954,51.14625],[6.13957,51.14628],[6.13956,51.14631],[6.13954,51.14632],[6.13947,51.14631],[6.13935,51.1463],[6.13928,51.14632],[6.13914,51.14633],[6.13911,51.14633],[6.13894,51.14633],[6.1389,51.14633],[6.13884,51.14631],[6.13882,51.14628],[6.13885,51.14622],[6.1388,51.14622],[6.13876,51.14624],[6.13865,51.14629],[6.13857,51.14627],[6.13847,51.14624],[6.13838,51.14624],[6.13835,51.14625],[6.13829,51.14629],[6.1382,51.14631],[6.13816,51.14631],[6.13806,51.14629],[6.13796,51.14625],[6.13782,51.14618],[6.13776,51.14616],[6.13769,51.14614],[6.13767,51.14614],[6.13761,51.14614],[6.13755,51.14607],[6.13753,51.14602],[6.1375,51.14599],[6.13747,51.14598],[6.1374,51.14598],[6.13728,51.14599],[6.13723,51.14597],[6.1372,51.14592],[6.1371,51.14588],[6.1368,51.1457],[6.13673,51.14568],[6.13666,51.1457],[6.13665,51.14571],[6.13665,51.14573],[6.13662,51.14575],[6.13659,51.14575],[6.13655,51.14574],[6.13653,51.14573],[6.13653,51.14569],[6.13658,51.14564],[6.13656,51.14557],[6.13652,51.14554],[6.13643,51.14553],[6.13629,51.1455],[6.13626,51.14552],[6.1363,51.14557],[6.13632,51.14559],[6.13635,51.14566],[6.13638,51.14571],[6.13636,51.14574],[6.13632,51.14574],[6.13623,51.14574],[6.13611,51.14571],[6.136,51.14567],[6.13596,51.14563],[6.13595,51.14559],[6.13598,51.14556],[6.13599,51.14554],[6.13597,51.14552],[6.13586,51.14551],[6.13579,51.14556],[6.13569,51.14552],[6.13562,51.14549],[6.1355,51.1455],[6.13542,51.14548],[6.13533,51.14549],[6.13531,51.14549],[6.13521,51.14546],[6.13517,51.14544],[6.13502,51.14544],[6.13497,51.14539],[6.13491,51.1453],[6.13476,51.14524],[6.13475,51.14519],[6.13474,51.14518],[6.13459,51.1451],[6.13455,51.14509],[6.13452,51.14511],[6.13449,51.14515],[6.13451,51.14521],[6.13447,51.14532],[6.13443,51.14533],[6.13431,51.14529],[6.13429,51.1453],[6.13429,51.14531],[6.13422,51.14532],[6.13419,51.14532],[6.13414,51.14531],[6.13407,51.14532],[6.13402,51.14535],[6.13399,51.14536],[6.13387,51.14538],[6.13385,51.14537],[6.13382,51.1453],[6.13383,51.14528],[6.13389,51.14522],[6.13387,51.14519],[6.13382,51.14514],[6.13371,51.14506],[6.13367,51.14506],[6.13363,51.14506],[6.13359,51.14508],[6.13359,51.14509],[6.13349,51.14517],[6.13348,51.14518],[6.13343,51.1452],[6.13339,51.1452],[6.13332,51.14518],[6.1333,51.14517],[6.13315,51.14514],[6.13312,51.14516],[6.13312,51.14521],[6.1331,51.14523],[6.13297,51.14523],[6.13291,51.14527],[6.13284,51.14528],[6.13275,51.14526],[6.1327,51.14522],[6.1327,51.14519],[6.13272,51.14517],[6.13273,51.14513],[6.13272,51.14513],[6.13267,51.14511],[6.1325,51.145],[6.13247,51.145],[6.13234,51.145],[6.13229,51.14502],[6.13228,51.14503],[6.13226,51.14506],[6.13227,51.14508],[6.13233,51.14512],[6.13233,51.14516],[6.13227,51.14519],[6.13219,51.14519],[6.13203,51.14516],[6.13206,51.1451],[6.13205,51.14509],[6.13204,51.14508],[6.1319,51.14511],[6.13188,51.14512],[6.13187,51.14514],[6.13192,51.14516],[6.13189,51.14521],[6.13187,51.14523],[6.13178,51.14525],[6.13167,51.14525],[6.1316,51.14528],[6.13155,51.14527],[6.13154,51.14526],[6.13155,51.14525],[6.13154,51.14518],[6.13149,51.14512],[6.13146,51.1451],[6.13143,51.14509],[6.13139,51.14507],[6.13137,51.14505],[6.13133,51.14503],[6.13128,51.14506],[6.13105,51.1451],[6.13102,51.14511],[6.13092,51.1452],[6.13088,51.14521],[6.13083,51.1452],[6.13078,51.14521],[6.13069,51.14524],[6.13068,51.14523],[6.13065,51.14524],[6.1306,51.14524],[6.13058,51.1452],[6.13058,51.14514],[6.13055,51.14512],[6.13052,51.14512],[6.13033,51.14506],[6.1303,51.14506],[6.1302,51.14508],[6.13017,51.14507],[6.13016,51.14506],[6.13009,51.14504],[6.13006,51.14502],[6.13001,51.14502],[6.12997,51.14497],[6.12998,51.14492],[6.13,51.14489],[6.13005,51.14486],[6.13006,51.14484],[6.13006,51.14478],[6.13005,51.14476],[6.12999,51.14474],[6.12995,51.14475],[6.12992,51.14477],[6.12993,51.1448],[6.12993,51.14482],[6.12988,51.14486],[6.12986,51.14487],[6.12982,51.14492],[6.12981,51.14493],[6.12976,51.14496],[6.12973,51.14497],[6.12964,51.14496],[6.12955,51.14497],[6.12952,51.14497],[6.12947,51.145],[6.12936,51.14499],[6.12924,51.14499],[6.12902,51.14488],[6.12898,51.14484],[6.12888,51.14483],[6.12874,51.14488],[6.12857,51.14489],[6.12851,51.14488],[6.12849,51.14488],[6.12839,51.14489],[6.12834,51.14492],[6.12828,51.14492],[6.12823,51.14491],[6.1282,51.1449],[6.12819,51.14488],[6.12817,51.14483],[6.12815,51.14481],[6.12806,51.14478],[6.12791,51.14485],[6.12791,51.14487],[6.12795,51.14488],[6.128,51.14489],[6.12801,51.14491],[6.12798,51.14492],[6.1279,51.14495],[6.12778,51.14495],[6.12777,51.14495],[6.12773,51.14497],[6.12768,51.14501],[6.12757,51.14506],[6.12747,51.14507],[6.12744,51.14507],[6.12741,51.14505],[6.12737,51.14502],[6.12729,51.14501],[6.12726,51.14505],[6.12725,51.14507],[6.1272,51.14505],[6.12719,51.14503],[6.1272,51.14497],[6.12722,51.14493],[6.12729,51.1449],[6.12729,51.14488],[6.12728,51.14485],[6.12726,51.14484],[6.12714,51.14482],[6.12711,51.14481],[6.12704,51.14477],[6.127,51.14474],[6.12699,51.14473],[6.12694,51.1447],[6.12689,51.1447],[6.12687,51.14471],[6.12685,51.14473],[6.12685,51.14477],[6.12681,51.14481],[6.12667,51.14484],[6.12661,51.14484],[6.12657,51.14482],[6.12654,51.14479],[6.12651,51.14479],[6.12648,51.1448],[6.12647,51.1448],[6.12647,51.14482],[6.12647,51.14485],[6.12644,51.1449],[6.12643,51.14496],[6.12645,51.14502],[6.12644,51.14505],[6.12642,51.14506],[6.12635,51.14505],[6.12627,51.14498],[6.12625,51.14498],[6.12622,51.14499],[6.12621,51.14499],[6.12617,51.14504],[6.12616,51.14507],[6.1261,51.1451],[6.12608,51.1451],[6.12598,51.1451],[6.12587,51.14511],[6.12583,51.14512],[6.1258,51.14511],[6.12576,51.14508],[6.12573,51.14503],[6.12565,51.14495],[6.12563,51.14491],[6.12564,51.1449],[6.12568,51.14488],[6.12579,51.14489],[6.12587,51.1449],[6.12589,51.1449],[6.12597,51.14491],[6.126,51.14486],[6.12603,51.1448],[6.12607,51.14476],[6.12607,51.14473],[6.12603,51.1447],[6.12602,51.14469],[6.126,51.14468],[6.12599,51.14468],[6.1259,51.14472],[6.12587,51.14472],[6.12584,51.14472],[6.12582,51.14471],[6.12578,51.14468],[6.12572,51.14467],[6.12569,51.14467],[6.12565,51.14471],[6.12563,51.14475],[6.12558,51.14477],[6.12554,51.14476],[6.12555,51.14471],[6.12555,51.14465],[6.12562,51.1446],[6.12561,51.14456],[6.12548,51.14452],[6.12548,51.14449],[6.12549,51.14444],[6.12551,51.14443],[6.12551,51.1444],[6.12549,51.14439],[6.12546,51.1444],[6.12536,51.1444],[6.12522,51.14436],[6.12513,51.14432],[6.12505,51.14431],[6.12501,51.14439],[6.12487,51.14441],[6.12477,51.14443],[6.12475,51.14451],[6.12485,51.14454],[6.1249,51.14457],[6.12491,51.14463],[6.12489,51.14465],[6.12484,51.14462],[6.12481,51.14462],[6.12471,51.14466],[6.12468,51.14468],[6.12458,51.1447],[6.12444,51.14468],[6.12435,51.14471],[6.12434,51.1447],[6.12428,51.14464],[6.1242,51.14462],[6.12418,51.14456],[6.12418,51.14454],[6.12423,51.1445],[6.12452,51.14448],[6.12453,51.14447],[6.12454,51.14441],[6.12464,51.14437],[6.12464,51.14435],[6.1246,51.14433],[6.12459,51.14433],[6.12454,51.14433],[6.12445,51.14437],[6.1243,51.14438],[6.12424,51.14436],[6.1242,51.14435],[6.1242,51.14431],[6.1243,51.14427],[6.1243,51.14425],[6.12425,51.14417],[6.12424,51.14415],[6.1242,51.14411],[6.12416,51.14407],[6.12418,51.14402],[6.12418,51.144],[6.12415,51.14395],[6.12415,51.1439],[6.12417,51.14385],[6.12421,51.14382],[6.12422,51.14377],[6.12421,51.14376],[6.12414,51.14373],[6.12408,51.14368],[6.12402,51.14365],[6.12396,51.1436],[6.12394,51.14359],[6.12393,51.14358],[6.12379,51.14358],[6.12375,51.14358],[6.12373,51.14357],[6.1237,51.14358],[6.12368,51.1436],[6.12369,51.14363],[6.12367,51.14367],[6.12364,51.1437],[6.12361,51.14373],[6.12363,51.14375],[6.12371,51.14375],[6.12375,51.14377],[6.12373,51.1438],[6.12364,51.14385],[6.12353,51.14381],[6.12343,51.14382],[6.1234,51.14382],[6.1234,51.14379],[6.12332,51.14374],[6.12331,51.14369],[6.1233,51.14362],[6.12328,51.14357],[6.12331,51.14356],[6.12336,51.14347],[6.1234,51.14338],[6.12337,51.14332],[6.12332,51.14331],[6.12326,51.14335],[6.12322,51.14337],[6.12316,51.14336],[6.12306,51.14332],[6.12304,51.14328],[6.12303,51.14321],[6.12298,51.14318],[6.12291,51.14318],[6.1228,51.14323],[6.12278,51.14325],[6.12273,51.14328],[6.12262,51.14328],[6.12261,51.14323],[6.12265,51.14319],[6.1225,51.14309],[6.12246,51.14307],[6.12243,51.14304],[6.12241,51.14304],[6.12239,51.14304],[6.12234,51.14306],[6.12233,51.14311],[6.1223,51.14312],[6.12227,51.14312],[6.12219,51.14302],[6.1222,51.14298],[6.12227,51.14299],[6.12234,51.143],[6.1224,51.14297],[6.12241,51.14287],[6.12239,51.14285],[6.12227,51.14278],[6.12224,51.14275],[6.12215,51.14273],[6.12212,51.14274],[6.12208,51.14279],[6.12202,51.1428],[6.122,51.14278],[6.12199,51.14274],[6.12201,51.14268],[6.12208,51.14266],[6.12209,51.14264],[6.12208,51.14262],[6.12194,51.14259],[6.1219,51.14259],[6.12181,51.14265],[6.12179,51.14268],[6.12177,51.14268],[6.12168,51.14269],[6.12166,51.1427],[6.12162,51.14273],[6.12158,51.14273],[6.12157,51.1427],[6.12161,51.14267],[6.12162,51.14265],[6.1216,51.14264],[6.12154,51.14263],[6.12147,51.14266],[6.12137,51.1427],[6.1213,51.1427],[6.12129,51.14268],[6.12131,51.14265],[6.12137,51.14264],[6.12141,51.14263],[6.12143,51.14258],[6.12137,51.14253],[6.12137,51.14249],[6.12144,51.14246],[6.12146,51.14245],[6.12141,51.14241],[6.12139,51.1424],[6.12136,51.14232],[6.12136,51.14229],[6.12131,51.14226],[6.12126,51.14226],[6.1212,51.14227],[6.12115,51.1423],[6.12109,51.1423],[6.12102,51.14228],[6.12098,51.14225],[6.12097,51.14223],[6.12098,51.14209],[6.12103,51.14198],[6.12104,51.14196],[6.12122,51.1418],[6.12125,51.14175],[6.12124,51.14173],[6.12113,51.14171],[6.12109,51.14169],[6.12107,51.14167],[6.12108,51.14166],[6.12118,51.14163],[6.12122,51.14164],[6.12128,51.14167],[6.1213,51.14167],[6.12132,51.14165],[6.1213,51.14157],[6.12132,51.14151],[6.12143,51.1414],[6.12143,51.14134],[6.12144,51.14129],[6.1215,51.14125],[6.12152,51.14117],[6.12148,51.14109],[6.12141,51.14106],[6.12137,51.14102],[6.1213,51.14093],[6.12111,51.14083],[6.12106,51.14082],[6.12097,51.14077],[6.12088,51.14076],[6.12074,51.1407],[6.12058,51.14064],[6.1205,51.14066],[6.12048,51.14066],[6.12035,51.14058],[6.12022,51.14056],[6.12012,51.14055],[6.1201,51.14053],[6.11999,51.14056],[6.11999,51.14062],[6.11996,51.14063],[6.11993,51.14062],[6.11988,51.14058],[6.11986,51.14058],[6.11978,51.14058],[6.11977,51.14057],[6.11975,51.14053],[6.11974,51.14049],[6.1197,51.14045],[6.11965,51.14045],[6.11951,51.14043],[6.11939,51.14043],[6.1193,51.14034],[6.11926,51.14032],[6.11923,51.14031],[6.11917,51.14028],[6.11914,51.14027],[6.11909,51.14025],[6.11904,51.14022],[6.11903,51.14021],[6.119,51.1402],[6.11899,51.14021],[6.11885,51.1402],[6.11874,51.14008],[6.11866,51.14006],[6.11849,51.14001],[6.11841,51.13996],[6.11835,51.13992],[6.11827,51.13991],[6.11825,51.13992],[6.11822,51.13993],[6.11818,51.14],[6.11817,51.14001],[6.11803,51.1401],[6.11797,51.14013],[6.11795,51.14019],[6.11792,51.14021],[6.11788,51.14021],[6.1178,51.14015],[6.11778,51.14011],[6.11773,51.14009],[6.11764,51.1401],[6.11758,51.14004],[6.1175,51.14002],[6.11744,51.14001],[6.11737,51.13998],[6.11739,51.13995],[6.11748,51.13992],[6.11754,51.13992],[6.11757,51.13989],[6.1175,51.13983],[6.11746,51.1398],[6.11746,51.13975],[6.11743,51.13971],[6.11742,51.13969],[6.11738,51.13963],[6.11732,51.1396],[6.11726,51.13964],[6.11725,51.13965],[6.1172,51.13967],[6.11715,51.13973],[6.11714,51.13974],[6.11712,51.13975],[6.11709,51.13972],[6.1171,51.13966],[6.11706,51.13965],[6.11699,51.13967],[6.11696,51.13968],[6.11691,51.13968],[6.11688,51.13961],[6.11685,51.13961],[6.1168,51.13963],[6.11672,51.13961],[6.1167,51.13959],[6.11671,51.13954],[6.11667,51.13951],[6.11655,51.13949],[6.11653,51.13946],[6.11652,51.13943],[6.11653,51.13943],[6.11658,51.13941],[6.1166,51.13937],[6.11661,51.13933],[6.11662,51.13931],[6.11661,51.13928],[6.11655,51.13926],[6.11649,51.13928],[6.11645,51.13927],[6.11639,51.13915],[6.11635,51.13914],[6.11631,51.13915],[6.11628,51.13919],[6.11624,51.13921],[6.11623,51.13922],[6.11617,51.13922],[6.11611,51.13921],[6.11604,51.13928],[6.11602,51.1393],[6.11598,51.1393],[6.11594,51.1393],[6.11592,51.13926],[6.11592,51.13925],[6.11592,51.13922],[6.11589,51.1392],[6.11581,51.13918],[6.11572,51.13914],[6.11567,51.13913],[6.11553,51.13909],[6.1155,51.13904],[6.11543,51.13904],[6.11536,51.13906],[6.11529,51.13904],[6.11524,51.13899],[6.11511,51.13899],[6.11507,51.13897],[6.11497,51.13895],[6.11476,51.13896],[6.1147,51.13898],[6.11469,51.13898],[6.11464,51.139],[6.1145,51.13899],[6.1143,51.13902],[6.11413,51.13902],[6.11395,51.13903],[6.11385,51.13901],[6.11371,51.13897],[6.11357,51.1388],[6.11349,51.1387],[6.11347,51.13867],[6.11345,51.13863],[6.11338,51.13858],[6.11333,51.13857],[6.11324,51.13857],[6.11309,51.13853],[6.11298,51.13852],[6.11271,51.13847],[6.11263,51.13849],[6.1126,51.13849],[6.11249,51.13848],[6.11242,51.13849],[6.11238,51.13849],[6.11234,51.1385],[6.11227,51.1385],[6.11222,51.13849],[6.11212,51.13849],[6.11204,51.13849],[6.11199,51.13848],[6.11196,51.13846],[6.11188,51.13843],[6.11185,51.13842],[6.11173,51.13832],[6.11167,51.1383],[6.11163,51.13828],[6.11152,51.13825],[6.1113,51.13824],[6.11121,51.13821],[6.11124,51.13816],[6.11117,51.13813],[6.1111,51.13811],[6.11106,51.13817],[6.11099,51.13813],[6.11084,51.1381],[6.1107,51.13805],[6.11071,51.13799],[6.11044,51.13789],[6.11013,51.1378],[6.10981,51.1377],[6.1097,51.13767],[6.10882,51.13757],[6.10881,51.13757],[6.10879,51.13757],[6.10876,51.13756],[6.10875,51.13756],[6.10838,51.13755],[6.10829,51.13754],[6.10796,51.13754],[6.1079,51.13752],[6.10783,51.13752],[6.10776,51.13751],[6.10772,51.13746],[6.10771,51.13745],[6.10766,51.13744],[6.10763,51.13745],[6.10761,51.13746],[6.10759,51.13751],[6.10755,51.1375],[6.10736,51.13754],[6.1073,51.13753],[6.10728,51.1375],[6.10729,51.13745],[6.10727,51.13743],[6.10726,51.13743],[6.10719,51.13741],[6.1071,51.13743],[6.10707,51.13744],[6.10699,51.13748],[6.1069,51.13749],[6.10683,51.13748],[6.10678,51.13746],[6.10676,51.13751],[6.10672,51.13754],[6.10666,51.13753],[6.10662,51.1375],[6.10655,51.13745],[6.1065,51.13743],[6.10645,51.13743],[6.10636,51.13745],[6.10631,51.13748],[6.10606,51.13746],[6.10604,51.13744],[6.10605,51.1374],[6.1061,51.13733],[6.10609,51.1373],[6.10608,51.13729],[6.10603,51.1373],[6.10602,51.1373],[6.10599,51.13731],[6.10595,51.13735],[6.10584,51.13739],[6.10576,51.13739],[6.1057,51.13734],[6.10571,51.13727],[6.10575,51.13721],[6.10572,51.1372],[6.10571,51.13719],[6.10566,51.13717],[6.1056,51.13712],[6.10549,51.13707],[6.10541,51.13699],[6.10537,51.137],[6.10532,51.13704],[6.10526,51.13704],[6.10514,51.13703],[6.10507,51.13701],[6.10502,51.13698],[6.10497,51.13698],[6.10494,51.13704],[6.10492,51.13709],[6.10481,51.13712],[6.10474,51.13712],[6.10471,51.13711],[6.10468,51.13706],[6.10476,51.137],[6.10478,51.13696],[6.10477,51.13693],[6.10472,51.13692],[6.10467,51.13693],[6.1046,51.13695],[6.10459,51.13691],[6.10449,51.13692],[6.10439,51.13685],[6.10435,51.13684],[6.10427,51.13685],[6.10419,51.13686],[6.10411,51.13684],[6.10401,51.1368],[6.10393,51.13677],[6.10391,51.13675],[6.10394,51.1367],[6.1039,51.13669],[6.10382,51.13671],[6.10379,51.13665],[6.10382,51.13663],[6.10387,51.13661],[6.10388,51.13658],[6.10377,51.13654],[6.10375,51.13654],[6.10371,51.13652],[6.10371,51.1365],[6.10378,51.13645],[6.10378,51.13643],[6.10373,51.13641],[6.10364,51.13645],[6.10359,51.13646],[6.10357,51.13645],[6.10356,51.13643],[6.10358,51.13638],[6.10355,51.13636],[6.10352,51.13635],[6.10348,51.13635],[6.1033,51.13632],[6.10328,51.13632],[6.10327,51.13633],[6.10326,51.13635],[6.10327,51.13635],[6.10328,51.13636],[6.10332,51.13637],[6.10343,51.13641],[6.10345,51.13644],[6.10345,51.13646],[6.10339,51.13649],[6.10336,51.13651],[6.10329,51.1366],[6.10325,51.13661],[6.10318,51.13659],[6.103,51.13651],[6.10292,51.13649],[6.10289,51.13648],[6.10286,51.13646],[6.10279,51.13643],[6.10275,51.13645],[6.10274,51.13648],[6.10271,51.13651],[6.10266,51.13652],[6.10261,51.13652],[6.10257,51.13651],[6.10252,51.13648],[6.10245,51.13643],[6.10236,51.13641],[6.10232,51.13641],[6.1023,51.13643],[6.1023,51.13647],[6.10229,51.13658],[6.10227,51.13662],[6.10222,51.13671],[6.1022,51.13673],[6.10217,51.13674],[6.10209,51.13675],[6.10203,51.13673],[6.10197,51.1367],[6.10185,51.13666],[6.10182,51.13663],[6.10184,51.13653],[6.10183,51.1365],[6.1018,51.1365],[6.10172,51.13653],[6.1016,51.13651],[6.10148,51.13648],[6.10146,51.13649],[6.10143,51.13652],[6.10133,51.13649],[6.10134,51.13644],[6.10134,51.13642],[6.10133,51.13641],[6.10122,51.13641],[6.10112,51.13641],[6.10097,51.13639],[6.10092,51.13639],[6.10087,51.13638],[6.10084,51.13638],[6.10083,51.13636],[6.10082,51.13632],[6.10081,51.13628],[6.10079,51.13627],[6.10076,51.13627],[6.10072,51.13628],[6.10069,51.13632],[6.10064,51.13636],[6.1006,51.1364],[6.10056,51.13642],[6.10051,51.13643],[6.10045,51.13642],[6.10039,51.1364],[6.10034,51.13637],[6.10031,51.13635],[6.10031,51.13632],[6.10035,51.13627],[6.10036,51.13625],[6.10042,51.13622],[6.10043,51.13618],[6.10043,51.13615],[6.1004,51.13612],[6.10035,51.13612],[6.1003,51.13613],[6.10022,51.13617],[6.10013,51.13618],[6.10012,51.13621],[6.10008,51.1362],[6.10006,51.13618],[6.10006,51.13614],[6.10009,51.13612],[6.1001,51.1361],[6.10009,51.13608],[6.09989,51.13611],[6.09986,51.13611],[6.09983,51.13606],[6.09982,51.13602],[6.09979,51.13596],[6.09988,51.13589],[6.09991,51.13586],[6.09992,51.13583],[6.09989,51.1358],[6.09988,51.13572],[6.09977,51.13574],[6.09971,51.13575],[6.09971,51.13579],[6.0997,51.13581],[6.09967,51.13582],[6.09951,51.1358],[6.09944,51.1357],[6.09941,51.13567],[6.09935,51.13565],[6.09924,51.13555],[6.0992,51.13552],[6.09915,51.13551],[6.09911,51.13552],[6.09908,51.13552],[6.09902,51.13551],[6.09899,51.1355],[6.09893,51.13548],[6.09884,51.13547],[6.09872,51.13546],[6.09846,51.13539],[6.09835,51.13534],[6.09829,51.13535],[6.09816,51.13532],[6.09784,51.13521],[6.09778,51.1352],[6.09767,51.13516],[6.09757,51.13512],[6.09718,51.13501],[6.09693,51.13493],[6.09682,51.1349],[6.09672,51.13487],[6.09666,51.13485],[6.09657,51.13482],[6.0963,51.13476],[6.09267,51.13475],[6.09246,51.13478],[6.09229,51.13484],[6.09215,51.13493],[6.09206,51.13505],[6.09203,51.13503],[6.09199,51.13505],[6.09175,51.13491],[6.09168,51.13479],[6.09168,51.13454],[6.09159,51.13432],[6.09157,51.13426],[6.09136,51.13382],[6.09119,51.13326],[6.09107,51.13301],[6.09094,51.13283],[6.09084,51.13274],[6.09063,51.13254],[6.09016,51.13212],[6.09007,51.13177],[6.09006,51.13161],[6.09002,51.13151],[6.09001,51.13149],[6.08982,51.13125],[6.08965,51.13104],[6.08963,51.13102],[6.08955,51.13094],[6.08952,51.13094],[6.08946,51.13093],[6.08944,51.13093],[6.08943,51.13093],[6.08931,51.13091],[6.08918,51.13016],[6.08871,51.12988],[6.08857,51.12979],[6.0879,51.12961],[6.08764,51.12953],[6.08744,51.12948],[6.08727,51.12935],[6.08717,51.12932],[6.08714,51.12931],[6.08712,51.12931],[6.0871,51.1293],[6.08715,51.12921],[6.08724,51.1291],[6.08736,51.12901],[6.0875,51.12895],[6.08767,51.12889],[6.0879,51.12887],[6.08818,51.12887],[6.08843,51.12882],[6.08858,51.12874],[6.08871,51.12864],[6.08879,51.12853],[6.08883,51.1284],[6.08886,51.12827],[6.08887,51.12814],[6.08884,51.12801],[6.08877,51.1279],[6.08865,51.12779],[6.08841,51.12763],[6.0884,51.12764],[6.08838,51.12765],[6.08774,51.12745],[6.08652,51.12754],[6.08582,51.12703],[6.08552,51.12682],[6.08515,51.12654],[6.08474,51.12625],[6.0846,51.12614],[6.08442,51.12602],[6.08543,51.12584],[6.08632,51.12568],[6.08644,51.12565],[6.08674,51.12507],[6.08699,51.12459],[6.08415,51.12402],[6.0835,51.12389],[6.08321,51.12404],[6.08312,51.12417],[6.08255,51.12498],[6.08218,51.1252],[6.08136,51.12569],[6.0812,51.12579],[6.08114,51.12583],[6.08104,51.1259],[6.0809,51.12598],[6.08085,51.12589],[6.08073,51.12567],[6.08064,51.12545],[6.08058,51.1254],[6.0804,51.12518],[6.08016,51.12488],[6.08004,51.12456],[6.07999,51.12447],[6.08,51.12425],[6.08001,51.12422],[6.08003,51.12419],[6.08013,51.12387],[6.08035,51.12345],[6.0804,51.12336],[6.08038,51.12285],[6.08038,51.12246],[6.08042,51.12242],[6.08045,51.12232],[6.08055,51.12214],[6.08039,51.1221],[6.08034,51.12209],[6.08032,51.12208],[6.08024,51.12207],[6.0802,51.12206],[6.08001,51.12201],[6.07987,51.12197],[6.07978,51.12195],[6.07915,51.12179],[6.07903,51.12177],[6.07887,51.12173],[6.07871,51.12169],[6.07836,51.1216],[6.07766,51.12143],[6.07723,51.12132],[6.07719,51.12131],[6.07608,51.12103],[6.0758,51.12097],[6.07574,51.12095],[6.0757,51.12094],[6.07567,51.12092],[6.07565,51.12089],[6.07562,51.12086],[6.07561,51.12083],[6.07559,51.1208],[6.07559,51.12077],[6.07559,51.12074],[6.07559,51.12073],[6.07559,51.12068],[6.07561,51.12065],[6.07562,51.12062],[6.07565,51.12059],[6.07574,51.12045],[6.07574,51.12044],[6.07584,51.1203],[6.07591,51.1202],[6.07607,51.11995],[6.07614,51.11984],[6.07617,51.11979],[6.07619,51.11974],[6.07621,51.11968],[6.07621,51.11967],[6.07621,51.11962],[6.07621,51.11957],[6.07621,51.11955],[6.0762,51.11951],[6.07618,51.11948],[6.07616,51.11944],[6.07613,51.11939],[6.07609,51.11935],[6.07605,51.11931],[6.07602,51.11928],[6.07598,51.11925],[6.07595,51.11923],[6.07594,51.11922],[6.07588,51.11919],[6.07581,51.11915],[6.07574,51.11912],[6.07572,51.11912],[6.07571,51.11912],[6.0757,51.11911],[6.07564,51.1191],[6.07559,51.11908],[6.07553,51.11907],[6.07543,51.11906],[6.07534,51.11906],[6.07531,51.11906],[6.07499,51.11905],[6.07496,51.11905],[6.07488,51.11905],[6.07476,51.11904],[6.07465,51.11903],[6.07463,51.11903],[6.07455,51.119],[6.07435,51.119],[6.07427,51.11899],[6.07424,51.11899],[6.07374,51.11889],[6.07363,51.11887],[6.07354,51.11885],[6.07347,51.11883],[6.07311,51.11859],[6.07306,51.11858],[6.07298,51.11858],[6.07293,51.11856],[6.07292,51.11853],[6.07292,51.11851],[6.07293,51.11848],[6.07296,51.1184],[6.07296,51.11837],[6.07295,51.11836],[6.07291,51.11831],[6.07285,51.11829],[6.07279,51.11829],[6.07271,51.11829],[6.07262,51.11833],[6.07256,51.11835],[6.07253,51.11834],[6.07246,51.11833],[6.07237,51.11828],[6.07232,51.11826],[6.07225,51.11822],[6.0722,51.11822],[6.07212,51.11823],[6.07202,51.11824],[6.07194,51.11823],[6.07187,51.11822],[6.07175,51.11818],[6.07158,51.1181],[6.0715,51.11806],[6.0714,51.11799],[6.07135,51.11795],[6.07132,51.11796],[6.07127,51.11797],[6.07067,51.11815],[6.07063,51.11815],[6.07057,51.11815],[6.06887,51.11809],[6.0688,51.11809],[6.06875,51.11809],[6.06734,51.11804],[6.06729,51.11803],[6.06487,51.11745],[6.06479,51.11743],[6.0636,51.11714],[6.0624,51.11685],[6.06117,51.11631],[6.06029,51.11592],[6.05977,51.11549],[6.05972,51.11544],[6.05846,51.11438],[6.05779,51.11382],[6.05778,51.1138],[6.05776,51.11377],[6.05772,51.11373],[6.0576,51.11358],[6.05748,51.11345],[6.05747,51.11343],[6.05743,51.11338],[6.05742,51.11337],[6.05738,51.11332],[6.05702,51.11288],[6.05683,51.11266],[6.05667,51.11247],[6.05594,51.11158],[6.05525,51.11076],[6.05523,51.11074],[6.05537,51.11063],[6.05567,51.11044],[6.05592,51.11036],[6.05608,51.11036],[6.05637,51.11026],[6.05682,51.10956],[6.05683,51.10955],[6.05647,51.10931],[6.05586,51.1089],[6.05446,51.10784],[6.05269,51.10645],[6.05262,51.10637],[6.05259,51.10628],[6.05254,51.10629],[6.0519,51.10588],[6.05183,51.10584],[6.04993,51.10463],[6.049,51.10404],[6.04711,51.10284],[6.04704,51.10279],[6.04588,51.10206],[6.04442,51.10113],[6.0444,51.10112],[6.04429,51.10111],[6.04381,51.10122],[6.04375,51.10124],[6.04339,51.10131],[6.04312,51.10125],[6.04293,51.1012],[6.04251,51.10109],[6.0423,51.10102],[6.04222,51.10099],[6.04196,51.1009],[6.04143,51.10041],[6.04119,51.10021],[6.03973,51.09883],[6.03926,51.09837],[6.03918,51.09832],[6.03914,51.09829],[6.03907,51.09825],[6.039,51.0982],[6.03898,51.09818],[6.03848,51.09775],[6.03824,51.09755],[6.03792,51.09733],[6.03771,51.09718],[6.0374,51.09701],[6.03669,51.09659],[6.03667,51.09663],[6.03652,51.09656],[6.03509,51.0959],[6.03505,51.09589],[6.03379,51.09557],[6.03376,51.09556],[6.03279,51.09534],[6.03252,51.09528],[6.03186,51.09513],[6.03183,51.09513],[6.0318,51.09512],[6.03137,51.09501],[6.03114,51.09495],[6.03077,51.09486],[6.03049,51.09479],[6.03026,51.09473],[6.03005,51.09467],[6.0299,51.09464],[6.02983,51.09463],[6.02949,51.0946],[6.02926,51.09458],[6.02904,51.09457],[6.02856,51.09455],[6.0284,51.09455],[6.02781,51.09453],[6.0278,51.09453],[6.0275,51.09448],[6.02699,51.0944],[6.02676,51.09437],[6.02653,51.09434],[6.02631,51.0943],[6.02609,51.09427],[6.02589,51.09424],[6.02574,51.09419],[6.02554,51.09413],[6.02527,51.09405],[6.02508,51.09399],[6.025,51.09396],[6.0249,51.09391],[6.02473,51.09382],[6.02455,51.09372],[6.02421,51.09353],[6.02393,51.09338],[6.0237,51.09336],[6.02347,51.09334],[6.02344,51.09334],[6.02303,51.0933],[6.02247,51.09326],[6.02163,51.09305],[6.02138,51.09299],[6.02136,51.09298],[6.021,51.09291],[6.02079,51.09286],[6.02073,51.09285],[6.02069,51.09284],[6.02052,51.09293],[6.02031,51.09304],[6.02011,51.09315],[6.01997,51.09323],[6.01974,51.09334],[6.01959,51.09342],[6.01944,51.09349],[6.01921,51.09361],[6.01894,51.09374],[6.01887,51.09378],[6.01759,51.09458],[6.01747,51.09444],[6.01721,51.09413],[6.01697,51.09384],[6.01664,51.09346],[6.01661,51.09342],[6.01628,51.09304],[6.01602,51.09273],[6.01572,51.09237],[6.0157,51.09236],[6.01568,51.09235],[6.01566,51.09234],[6.01564,51.09233],[6.01509,51.09209],[6.01505,51.09208],[6.01482,51.09198],[6.01468,51.09191],[6.01465,51.0919],[6.01452,51.09178],[6.01438,51.09166],[6.01408,51.09145],[6.01335,51.09119],[6.01302,51.09107],[6.01266,51.09095],[6.0123,51.09095],[6.012,51.09095],[6.01172,51.09102],[6.01128,51.09111],[6.0111,51.09115],[6.01091,51.09119],[6.01075,51.09116],[6.0105,51.09112],[6.01033,51.09109],[6.01021,51.09107],[6.00963,51.09088],[6.00953,51.09085],[6.00938,51.0907],[6.00934,51.09066],[6.00913,51.09045],[6.00882,51.09005],[6.00877,51.09001],[6.00834,51.08965],[6.00832,51.08963],[6.00831,51.08962],[6.00813,51.0895],[6.00792,51.08935],[6.0078,51.08927],[6.00716,51.08895],[6.00713,51.08893],[6.00695,51.08882],[6.00687,51.08877],[6.00641,51.08849],[6.00632,51.08843],[6.00598,51.08816],[6.00579,51.08802],[6.00566,51.08791],[6.00553,51.08781],[6.00531,51.08764],[6.00489,51.0874],[6.00464,51.08726],[6.00443,51.08714],[6.00425,51.08704],[6.00382,51.0868],[6.00353,51.08668],[6.00339,51.08662],[6.00328,51.08658],[6.00298,51.08646],[6.00294,51.08644],[6.00286,51.08641],[6.00227,51.08616],[6.00195,51.08602],[6.00194,51.08601],[6.00165,51.0859],[6.00152,51.08586],[6.00078,51.08557],[6.00039,51.08543],[6.00008,51.08531],[5.99983,51.08521],[5.99978,51.08517],[5.99963,51.08508],[5.99935,51.08488],[5.99925,51.08481],[5.99894,51.08469],[5.99844,51.0845],[5.99807,51.08436],[5.99778,51.08425],[5.99757,51.0841],[5.9973,51.08392],[5.9971,51.08378],[5.99703,51.08373],[5.99695,51.08368],[5.99688,51.08362],[5.9968,51.08357],[5.99678,51.08355],[5.99663,51.08346],[5.9963,51.08324],[5.99618,51.08317],[5.99604,51.08306],[5.99579,51.08287],[5.99538,51.08257],[5.99519,51.08242],[5.99472,51.08207],[5.9947,51.08206],[5.99444,51.08183],[5.99427,51.08168],[5.99409,51.08152],[5.99378,51.08124],[5.99375,51.08122],[5.9935,51.08101],[5.99339,51.08091],[5.99329,51.08083],[5.99318,51.08074],[5.99302,51.0806],[5.99271,51.08033],[5.9927,51.08032],[5.99232,51.07998],[5.99217,51.07985],[5.99182,51.07934],[5.9918,51.0793],[5.99106,51.07819],[5.99086,51.07788],[5.99057,51.0775],[5.98965,51.07636],[5.98946,51.07615],[5.98898,51.07552],[5.98846,51.07462],[5.9884,51.07461],[5.98768,51.0744],[5.98713,51.07423],[5.98504,51.0736],[5.98497,51.07358],[5.98428,51.07356],[5.98391,51.07347],[5.98354,51.07338],[5.98352,51.07338],[5.98323,51.07335],[5.98304,51.07333],[5.98249,51.07318],[5.98231,51.07313],[5.98213,51.07316],[5.98195,51.07319],[5.98176,51.07318],[5.98139,51.07305],[5.98093,51.07253],[5.98072,51.0725],[5.98054,51.07246],[5.98029,51.07232],[5.98023,51.07226],[5.98021,51.07223],[5.9802,51.07221],[5.98021,51.07206],[5.98022,51.07199],[5.98018,51.0719],[5.98005,51.07176],[5.97991,51.07174],[5.97975,51.07144],[5.97973,51.07141],[5.97972,51.07139],[5.97969,51.07138],[5.97962,51.07136],[5.97958,51.07134],[5.97975,51.07119],[5.97987,51.07109],[5.98023,51.07078],[5.98036,51.07066],[5.9806,51.07046],[5.98076,51.07032],[5.98124,51.0699],[5.98173,51.06948],[5.98095,51.06903],[5.98092,51.06901],[5.98089,51.06899],[5.98,51.06848],[5.97973,51.06832],[5.97932,51.06808],[5.97873,51.06774],[5.97866,51.0677],[5.97868,51.06755],[5.9787,51.0673],[5.97873,51.06701],[5.97874,51.06688],[5.97867,51.06676],[5.97847,51.06644],[5.97833,51.06628],[5.97823,51.06618],[5.97819,51.06613],[5.97799,51.06595],[5.97795,51.06591],[5.97779,51.06577],[5.97769,51.06568],[5.97763,51.06562],[5.97747,51.0655],[5.97743,51.06547],[5.97729,51.06535],[5.97704,51.06515],[5.97699,51.06511],[5.97666,51.06484],[5.97655,51.06475],[5.97653,51.06474],[5.97612,51.06465],[5.97597,51.06456],[5.97593,51.06454],[5.97529,51.0638],[5.97507,51.06356],[5.97502,51.0635],[5.97487,51.06328],[5.97478,51.06316],[5.97419,51.06309],[5.97408,51.06307],[5.97406,51.06307],[5.97316,51.06291],[5.97221,51.06214],[5.97188,51.06187],[5.97172,51.06191],[5.97149,51.06182],[5.97106,51.06167],[5.97097,51.06163],[5.9708,51.0615],[5.97074,51.06144],[5.97063,51.06132],[5.97038,51.06105],[5.97028,51.06093],[5.97024,51.06091],[5.96998,51.0607],[5.96999,51.06052],[5.9706,51.06023],[5.97064,51.06012],[5.97072,51.0599],[5.97077,51.05974],[5.97078,51.05972],[5.97086,51.05936],[5.97089,51.05923],[5.97088,51.05869],[5.97088,51.05863],[5.97088,51.0585],[5.97088,51.05835],[5.97088,51.05834],[5.97088,51.05831],[5.97086,51.05825],[5.97078,51.05802],[5.97076,51.05799],[5.9707,51.05787],[5.97047,51.05742],[5.9704,51.05729],[5.97037,51.05723],[5.9702,51.057],[5.97017,51.05697],[5.97013,51.05691],[5.97,51.05685],[5.96984,51.05677],[5.96951,51.0566],[5.96947,51.05657],[5.96927,51.05642],[5.96892,51.05615],[5.96882,51.05608],[5.96862,51.05593],[5.96842,51.05578],[5.96811,51.05556],[5.96899,51.05507],[5.96961,51.05493],[5.97013,51.0546],[5.97018,51.05449],[5.97019,51.05445],[5.9702,51.05442],[5.97031,51.05419],[5.97029,51.05411],[5.97023,51.05387],[5.97004,51.05367],[5.96982,51.05345],[5.9698,51.05336],[5.96969,51.05294],[5.96965,51.05282],[5.96938,51.05228],[5.96914,51.05197],[5.96909,51.0519],[5.96903,51.05182],[5.96902,51.05182],[5.96892,51.05174],[5.96875,51.0516],[5.96845,51.05138],[5.96844,51.05136],[5.96823,51.05107],[5.96822,51.05105],[5.96821,51.05086],[5.96829,51.05062],[5.96844,51.0502],[5.9685,51.05003],[5.96848,51.04981],[5.96853,51.04974],[5.96865,51.04959],[5.96923,51.04919],[5.9693,51.04914],[5.96929,51.04914],[5.96913,51.04879],[5.96902,51.04863],[5.96882,51.04849],[5.96856,51.04827],[5.96846,51.0481],[5.96844,51.04796],[5.96844,51.04793],[5.96844,51.04791],[5.96847,51.04786],[5.96875,51.04728],[5.96879,51.04719],[5.9692,51.04677],[5.96915,51.04673],[5.96895,51.04658],[5.96855,51.04628],[5.96828,51.04637],[5.96816,51.04615],[5.96807,51.04598],[5.96801,51.04588],[5.96795,51.04547],[5.96787,51.04498],[5.96784,51.04476],[5.9669,51.04414],[5.96667,51.04409],[5.96653,51.04406],[5.96633,51.04406],[5.96578,51.04406],[5.96577,51.04405],[5.9656,51.04395],[5.96505,51.04363],[5.96497,51.04359],[5.96449,51.0438],[5.96384,51.04369],[5.96345,51.04341],[5.9632,51.04324],[5.96301,51.0431],[5.96282,51.04297],[5.96262,51.04283],[5.96261,51.04279],[5.9625,51.04253],[5.96247,51.04245],[5.96214,51.04225],[5.96179,51.04204],[5.96168,51.04197],[5.96149,51.04198],[5.96066,51.042],[5.96049,51.04201],[5.9596,51.04169],[5.95904,51.04149],[5.95859,51.0413],[5.9579,51.04101],[5.95783,51.04098],[5.95808,51.04034],[5.95824,51.03996],[5.95842,51.03969],[5.95894,51.03893],[5.95903,51.03882],[5.9593,51.03852],[5.9593,51.03851],[5.95933,51.03846],[5.95947,51.03824],[5.95945,51.0382],[5.95932,51.03796],[5.95927,51.03785],[5.95922,51.03777],[5.95911,51.03756],[5.95897,51.03728],[5.95896,51.03727],[5.95883,51.03712],[5.95873,51.037],[5.95863,51.03688],[5.95852,51.03676],[5.95841,51.03664],[5.95828,51.03641],[5.95811,51.03612],[5.95811,51.0361],[5.9581,51.03607],[5.95808,51.03603],[5.95787,51.03532],[5.9578,51.03516],[5.95777,51.03508],[5.95773,51.03499],[5.95776,51.03484],[5.95777,51.03479],[5.95778,51.03473],[5.95773,51.03472],[5.95769,51.03472],[5.95765,51.03472],[5.95762,51.03471],[5.95679,51.03495],[5.95631,51.03508],[5.95626,51.035],[5.95621,51.03492],[5.95585,51.035],[5.9557,51.03503],[5.95561,51.03515],[5.95546,51.03535],[5.95537,51.03548],[5.9552,51.03571],[5.95516,51.03576],[5.95514,51.03579],[5.95511,51.03583],[5.9551,51.03584],[5.95506,51.0359],[5.95449,51.03628],[5.95401,51.03653],[5.95372,51.03655],[5.95245,51.03664],[5.95236,51.03665],[5.9522,51.03666],[5.95177,51.03675],[5.95127,51.03685],[5.9512,51.03685],[5.95074,51.03689],[5.95064,51.0369],[5.95043,51.03692],[5.94989,51.03696],[5.94981,51.03697],[5.9498,51.03697],[5.94947,51.03693],[5.94936,51.03692],[5.94896,51.03687],[5.94882,51.03685],[5.94828,51.03679],[5.94809,51.03677],[5.94801,51.03677],[5.94759,51.03673],[5.94745,51.03671],[5.9467,51.03664],[5.94644,51.03662],[5.94652,51.03703],[5.94643,51.03701],[5.94586,51.03691],[5.94548,51.03684],[5.94545,51.03683],[5.94533,51.03681],[5.94529,51.03681],[5.94527,51.0368],[5.94521,51.03679],[5.94508,51.03677],[5.94501,51.03676],[5.94499,51.03676],[5.94495,51.03675],[5.94481,51.03673],[5.94455,51.03668],[5.94425,51.03668],[5.94412,51.03668],[5.94386,51.03667],[5.9431,51.03659],[5.94302,51.03619],[5.943,51.03609],[5.9427,51.03599],[5.94239,51.03589],[5.94207,51.03578],[5.9416,51.03562],[5.94158,51.03561],[5.94152,51.0356],[5.94112,51.03557],[5.94085,51.03555],[5.94084,51.03565],[5.94083,51.03565],[5.94059,51.0356],[5.93932,51.03535],[5.93824,51.03514],[5.93817,51.03512],[5.93813,51.03512],[5.9379,51.0363],[5.93641,51.0383],[5.93637,51.03829],[5.93591,51.03907],[5.93572,51.03937],[5.93549,51.03976],[5.93519,51.04026],[5.93505,51.04049],[5.93495,51.04066],[5.93461,51.04123],[5.93456,51.04128],[5.93405,51.04174],[5.93364,51.04213],[5.93272,51.04298],[5.93257,51.04312],[5.93246,51.04322],[5.93219,51.04347],[5.93175,51.04388],[5.93151,51.0441],[5.93038,51.04503],[5.93022,51.04517],[5.93006,51.0453],[5.92888,51.04627],[5.92877,51.04636],[5.92865,51.04646],[5.92808,51.04693],[5.92719,51.0475],[5.92678,51.04784],[5.92631,51.04823],[5.9263,51.04825],[5.92629,51.04828],[5.92628,51.04832],[5.92626,51.04835],[5.92626,51.04836],[5.9256,51.04984],[5.92556,51.04992],[5.92521,51.05071],[5.92519,51.05074],[5.92518,51.05077],[5.92504,51.05108],[5.925,51.05117],[5.92488,51.05144],[5.92452,51.05225],[5.9245,51.0523],[5.92444,51.05243],[5.92438,51.05256],[5.92433,51.05267],[5.92417,51.053],[5.92413,51.05309],[5.92404,51.05329],[5.92387,51.05363],[5.92358,51.05426],[5.92349,51.05444],[5.92348,51.05447],[5.92254,51.05644],[5.92247,51.05659],[5.92236,51.05682],[5.92225,51.05706],[5.92212,51.05734],[5.92199,51.0576],[5.92195,51.05768],[5.92188,51.05785],[5.9216,51.05842],[5.92124,51.05919],[5.92122,51.05922],[5.92038,51.061],[5.92022,51.06134],[5.92021,51.06136],[5.92002,51.06177],[5.91968,51.06248],[5.9196,51.06259],[5.91925,51.06314],[5.91873,51.06395],[5.91864,51.064],[5.91827,51.0642],[5.91822,51.06422],[5.91818,51.06425],[5.91816,51.06426],[5.91812,51.06428],[5.91764,51.06453],[5.91754,51.06459],[5.91609,51.06536],[5.91554,51.06564],[5.9155,51.06567],[5.91463,51.06613],[5.91456,51.06616],[5.91433,51.06629],[5.91323,51.06687],[5.91321,51.06688],[5.90996,51.06466],[5.90941,51.06429],[5.90705,51.06268],[5.90573,51.0619],[5.9057,51.06188],[5.90567,51.06186],[5.90564,51.06185],[5.90269,51.06043],[5.90227,51.06021],[5.89964,51.05884],[5.89723,51.05761],[5.89719,51.05759],[5.89714,51.05756],[5.89713,51.05756],[5.89709,51.05754],[5.89637,51.05714],[5.89426,51.05511],[5.89396,51.05482],[5.89381,51.05468],[5.89229,51.05323],[5.892,51.05313],[5.89087,51.05297],[5.89056,51.0529],[5.88903,51.0525],[5.88827,51.05236],[5.88824,51.05235],[5.88821,51.05234],[5.88754,51.05222],[5.8872,51.05218],[5.88635,51.05213],[5.88587,51.0521],[5.88507,51.05208],[5.88287,51.05199],[5.88205,51.05208],[5.88119,51.05203],[5.88063,51.05194],[5.88029,51.05191],[5.87935,51.0518],[5.876,51.05156],[5.87584,51.05155],[5.87519,51.05147],[5.87504,51.05148],[5.87374,51.05158],[5.87169,51.05158],[5.87039,51.05159],[5.86869,51.05168],[5.86674,51.05157],[5.86674,51.05156],[5.86676,51.05154],[5.86692,51.05124],[5.86689,51.05123],[5.86685,51.05122],[5.86681,51.05121],[5.86677,51.0512],[5.86639,51.05112],[5.86637,51.05112],[5.86633,51.05111],[5.86631,51.0511],[5.86633,51.05098],[5.86638,51.05071],[5.86645,51.05029],[5.86649,51.05004],[5.86667,51.049],[5.86685,51.04801],[5.86708,51.04669],[5.86712,51.04657],[5.86716,51.04649],[5.8672,51.04642],[5.86724,51.04635],[5.8673,51.04626],[5.86737,51.04618],[5.86745,51.0461],[5.8676,51.04596],[5.86879,51.04484],[5.86913,51.04453],[5.87023,51.04349],[5.87129,51.04249],[5.87216,51.04168],[5.87218,51.04166],[5.87224,51.04162],[5.87241,51.04143],[5.87355,51.04024],[5.87454,51.0392],[5.87463,51.03912],[5.87469,51.03907],[5.87474,51.03904],[5.8748,51.03901],[5.87488,51.03897],[5.875,51.03892],[5.87622,51.03855],[5.87673,51.03839],[5.87688,51.03834],[5.87696,51.03831],[5.8772,51.03821],[5.87731,51.03816],[5.87741,51.03812],[5.87752,51.03806],[5.87761,51.03801],[5.87769,51.03795],[5.87778,51.03788],[5.87785,51.0378],[5.87795,51.03769],[5.87799,51.03763],[5.87806,51.03751],[5.87808,51.03744],[5.8781,51.03738],[5.87812,51.03729],[5.87812,51.03722],[5.87812,51.03715],[5.87812,51.03708],[5.8781,51.037],[5.87777,51.03552],[5.87763,51.03486],[5.87746,51.03411],[5.8774,51.03383],[5.87712,51.03259],[5.87692,51.03169],[5.87691,51.03166],[5.8769,51.03163],[5.87689,51.03161],[5.87687,51.03157],[5.87684,51.0315],[5.8768,51.03144],[5.87679,51.03143],[5.87676,51.03139],[5.87669,51.03132],[5.87574,51.03039],[5.8747,51.02939],[5.87466,51.02934],[5.87463,51.0293],[5.87461,51.02927],[5.8746,51.02924],[5.87459,51.02922],[5.875,51.02795],[5.87533,51.02693],[5.87535,51.02685],[5.87538,51.02677],[5.87543,51.02669],[5.87548,51.0266],[5.87554,51.02651],[5.87573,51.02621],[5.87599,51.02577],[5.87604,51.0257],[5.87628,51.02532],[5.87643,51.02506],[5.87651,51.02493],[5.87658,51.02479],[5.87661,51.02473],[5.87666,51.02461],[5.87667,51.02456],[5.87668,51.02446],[5.87669,51.02438],[5.87666,51.02411],[5.87665,51.02404],[5.87665,51.02397],[5.87665,51.02396],[5.87666,51.02394],[5.87667,51.0239],[5.87667,51.02388],[5.87678,51.02369],[5.87765,51.02247],[5.87874,51.02092],[5.87883,51.02079],[5.87891,51.02062],[5.87897,51.02044],[5.879,51.02031],[5.87901,51.02015],[5.87901,51.02003],[5.87899,51.01995],[5.87898,51.01987],[5.87893,51.01969],[5.87888,51.01958],[5.87881,51.01945],[5.87873,51.01932],[5.87865,51.01917],[5.87859,51.01902],[5.87856,51.01892],[5.87854,51.01879],[5.87853,51.01866],[5.87854,51.0185],[5.87856,51.01839],[5.8786,51.01827],[5.87866,51.01814],[5.87876,51.01798],[5.87887,51.01784],[5.87899,51.01771],[5.87913,51.01758],[5.88063,51.01636],[5.88158,51.01558],[5.88167,51.01551],[5.88259,51.01476],[5.88378,51.01378],[5.88426,51.01338],[5.88433,51.01341],[5.88436,51.01342],[5.88545,51.01382],[5.88556,51.0138],[5.8861,51.01374],[5.88641,51.0137],[5.88701,51.01363],[5.8871,51.01362],[5.8872,51.01361],[5.8874,51.01358],[5.88759,51.01356],[5.88823,51.01349],[5.88827,51.01348],[5.88829,51.01348],[5.88835,51.01347],[5.88836,51.01347],[5.89002,51.01302],[5.89271,51.0123],[5.89273,51.01229],[5.8928,51.01226],[5.89281,51.01225],[5.89282,51.01225],[5.89574,51.01102],[5.89572,51.0107],[5.8957,51.01003],[5.89565,51.00895],[5.8956,51.00779],[5.8956,51.00777],[5.8956,51.00774],[5.8956,51.00769],[5.8956,51.00766],[5.8956,51.00763],[5.89559,51.00759],[5.89559,51.00737],[5.89556,51.00673],[5.89555,51.00649],[5.89552,51.00562],[5.89551,51.00533],[5.89548,51.00453],[5.89559,51.0045],[5.89579,51.00446],[5.89588,51.00443],[5.89615,51.00437],[5.89654,51.00427],[5.89786,51.00396],[5.89792,51.00395],[5.8983,51.00386],[5.89888,51.00372],[5.89897,51.0037],[5.89903,51.00368],[5.89954,51.00356],[5.90042,51.00336],[5.90115,51.00319],[5.90135,51.00314],[5.90204,51.00298],[5.90237,51.0029],[5.90243,51.00289],[5.90299,51.00276],[5.90325,51.0027],[5.90347,51.00265],[5.90394,51.00254],[5.90512,51.00226],[5.90537,51.00221],[5.90546,51.00218],[5.90552,51.00217],[5.9055,51.00212],[5.90536,51.00137],[5.90507,50.99989],[5.90506,50.99985],[5.9047,50.99794],[5.90467,50.99779],[5.90464,50.99767],[5.90459,50.99737],[5.90456,50.99722],[5.90437,50.99622],[5.90436,50.99619],[5.90436,50.99617],[5.90436,50.99615],[5.90435,50.99614],[5.90435,50.99613],[5.90435,50.99607],[5.90434,50.99604],[5.90433,50.99583],[5.90429,50.99531],[5.90426,50.99481],[5.9042,50.994],[5.9042,50.9939],[5.90419,50.99386],[5.90416,50.99331],[5.90411,50.99269],[5.90411,50.9926],[5.9041,50.99252],[5.90409,50.99242],[5.90409,50.99233],[5.90408,50.99224],[5.90406,50.99195],[5.90406,50.99191],[5.90405,50.99182],[5.90404,50.99164],[5.90402,50.99132],[5.90399,50.9909],[5.90396,50.99053],[5.90396,50.99047],[5.9039,50.98965],[5.90389,50.98941],[5.90387,50.98923],[5.90387,50.98917],[5.90386,50.9891],[5.90382,50.9885],[5.90381,50.9883],[5.90379,50.98796],[5.90374,50.98722],[5.90373,50.9872],[5.90369,50.98718],[5.90261,50.98644],[5.90133,50.98552],[5.90116,50.9854],[5.90112,50.98537],[5.90086,50.98519],[5.90026,50.98475],[5.89987,50.9846],[5.8995,50.98435],[5.89824,50.98337],[5.89766,50.98299],[5.89674,50.98219],[5.89653,50.98203],[5.89567,50.98135],[5.8954,50.98131],[5.89502,50.98126],[5.89481,50.98123],[5.89455,50.9812],[5.89427,50.98116],[5.8938,50.9811],[5.89333,50.98084],[5.89287,50.9806],[5.89287,50.98043],[5.89283,50.98041],[5.89266,50.98034],[5.8926,50.98031],[5.89379,50.97956],[5.8942,50.97895],[5.89464,50.97845],[5.89521,50.97782],[5.8953,50.97772],[5.89567,50.97731],[5.89599,50.97715],[5.89618,50.9771],[5.8968,50.97649],[5.89692,50.97581],[5.89708,50.97487],[5.89717,50.97486],[5.89786,50.97484],[5.898,50.97483],[5.89819,50.97482],[5.89848,50.97481],[5.89955,50.97477],[5.90046,50.97474],[5.90101,50.9747],[5.90146,50.97467],[5.90182,50.97464],[5.90243,50.97458],[5.90347,50.97457],[5.90356,50.97457],[5.90469,50.97455],[5.90483,50.97457],[5.90505,50.97461],[5.9056,50.97472],[5.90738,50.97517],[5.90801,50.97536],[5.90921,50.97573],[5.90923,50.97573],[5.9093,50.97575],[5.9093,50.97576],[5.90932,50.97576],[5.90955,50.97582],[5.90985,50.9759],[5.91015,50.97598],[5.91045,50.97607],[5.91073,50.97614],[5.91102,50.97622],[5.91131,50.9763],[5.91169,50.9764],[5.91173,50.97641],[5.91195,50.9765],[5.91219,50.97659],[5.91251,50.97671],[5.91279,50.97681],[5.91297,50.97688],[5.91313,50.97694],[5.91336,50.97703],[5.91425,50.97736],[5.91428,50.97738],[5.91472,50.97755],[5.91514,50.97767],[5.91559,50.97783],[5.91602,50.97791],[5.91717,50.97809],[5.91719,50.97808],[5.91723,50.97807],[5.91766,50.97797],[5.91789,50.97791],[5.91855,50.97775],[5.91891,50.9779],[5.9191,50.97797],[5.91974,50.97823],[5.92037,50.97849],[5.92126,50.97885],[5.92149,50.97894],[5.92169,50.97902],[5.92192,50.97911],[5.92285,50.97949],[5.92297,50.97954],[5.92299,50.97955],[5.92301,50.97956],[5.92351,50.97985],[5.92474,50.98058],[5.92485,50.98064],[5.92535,50.98093],[5.92553,50.98104],[5.92559,50.98108],[5.92765,50.98229],[5.92817,50.98254],[5.92857,50.98274],[5.92922,50.98306],[5.92975,50.98332],[5.92981,50.98335],[5.93004,50.98346],[5.93033,50.98361],[5.9311,50.98398],[5.9312,50.98403],[5.93134,50.9841],[5.93167,50.98426],[5.93214,50.9845],[5.93248,50.98467],[5.93315,50.98499],[5.9332,50.98502],[5.93388,50.98535],[5.93554,50.98554],[5.9357,50.98556],[5.93582,50.98557],[5.93719,50.98573],[5.93823,50.98585],[5.93879,50.98591],[5.94097,50.98616],[5.94134,50.9862],[5.94137,50.98621],[5.94179,50.98625],[5.94223,50.9863],[5.94227,50.98631],[5.94237,50.98632],[5.94243,50.98633],[5.943,50.98639],[5.94423,50.98653],[5.9446,50.98657],[5.94546,50.98667],[5.94637,50.98678],[5.94671,50.98682],[5.94736,50.98689],[5.94912,50.98709],[5.95013,50.98721],[5.95055,50.98731],[5.95063,50.98733],[5.9507,50.98734],[5.95078,50.98736],[5.95084,50.98738],[5.95092,50.9874],[5.95173,50.98759],[5.95257,50.98779],[5.95293,50.98788],[5.95298,50.98789],[5.95341,50.98799],[5.95352,50.98802],[5.95357,50.98803],[5.95518,50.98842],[5.95574,50.98756],[5.95615,50.98692],[5.95657,50.98628],[5.95695,50.98568],[5.95739,50.98501],[5.95824,50.98455],[5.95846,50.98444],[5.95851,50.98441],[5.96088,50.98316],[5.96083,50.9831],[5.96078,50.98306],[5.9611,50.98294],[5.96139,50.98279],[5.96307,50.98193],[5.96501,50.98094],[5.96513,50.98086],[5.96524,50.98077],[5.96532,50.98068],[5.96542,50.98055],[5.96545,50.98052],[5.96559,50.98033],[5.96571,50.9802],[5.96584,50.98008],[5.96599,50.97997],[5.96615,50.97987],[5.96632,50.97977],[5.96651,50.97968],[5.9667,50.9796],[5.96691,50.97953],[5.96712,50.97948],[5.96734,50.97943],[5.96757,50.9794],[5.96781,50.97938],[5.96804,50.97938],[5.96828,50.97939],[5.96851,50.97943],[5.96873,50.97947],[5.96991,50.97971],[5.97031,50.97979],[5.97154,50.98004],[5.9716,50.98005],[5.97166,50.98007],[5.97179,50.98009],[5.97187,50.98011],[5.97195,50.98012],[5.97205,50.98015],[5.97212,50.98016],[5.97221,50.98018],[5.97228,50.98019],[5.97239,50.98021],[5.97359,50.98046],[5.97393,50.98055],[5.97427,50.98067],[5.97568,50.98126],[5.97596,50.98138],[5.97622,50.98151],[5.9765,50.98164],[5.97696,50.98183],[5.9771,50.98188],[5.97833,50.9824],[5.97957,50.98292],[5.97985,50.98299],[5.98112,50.98318],[5.98116,50.98319],[5.98136,50.98322],[5.98158,50.98322],[5.98167,50.98321],[5.98182,50.98319],[5.98204,50.98314],[5.98224,50.98307],[5.98387,50.98228],[5.98407,50.98219],[5.98422,50.98211],[5.98446,50.98212],[5.98456,50.98213],[5.98466,50.98213],[5.98631,50.98219],[5.98881,50.98227],[5.9894,50.98229],[5.98954,50.9823],[5.98967,50.9823],[5.99023,50.98232],[5.99252,50.98241],[5.99264,50.98241],[5.99797,50.98261],[5.99858,50.98263],[6.00384,50.98283],[6.00388,50.98283],[6.00393,50.98284],[6.00846,50.98303],[6.01736,50.9834],[6.01735,50.98343],[6.01726,50.98361],[6.01722,50.98368],[6.01772,50.98373],[6.01846,50.98381],[6.0187,50.98382],[6.02027,50.98369],[6.0212,50.98359],[6.02243,50.98337],[6.02283,50.98328],[6.02293,50.98327],[6.02569,50.9832],[6.02651,50.98327],[6.02654,50.98313],[6.0265,50.98307],[6.02664,50.98258],[6.02673,50.98218],[6.02678,50.9817],[6.02679,50.98169],[6.02682,50.98165],[6.02689,50.98164],[6.0268,50.98131],[6.02627,50.98038],[6.02615,50.98017],[6.02588,50.97971],[6.02573,50.97944],[6.0257,50.97939],[6.02478,50.97778],[6.02381,50.97608],[6.02363,50.97575],[6.02339,50.97533],[6.02264,50.97402],[6.02208,50.97279],[6.02198,50.97259],[6.02178,50.9722],[6.02147,50.9716],[6.02116,50.971],[6.02104,50.97086],[6.02077,50.97053],[6.01945,50.96895],[6.01878,50.96795],[6.01857,50.96755],[6.01838,50.96722],[6.01815,50.9668],[6.01743,50.9655],[6.0173,50.96527],[6.01716,50.96508],[6.01686,50.96468],[6.01659,50.96432],[6.0163,50.96394],[6.01594,50.96347],[6.01585,50.96334],[6.01557,50.96292],[6.01527,50.96246],[6.01525,50.96244],[6.0152,50.96236],[6.01483,50.962],[6.01433,50.96153],[6.01406,50.96127],[6.01323,50.96063],[6.01302,50.96042],[6.013,50.9604],[6.01294,50.96039],[6.01189,50.96024],[6.01127,50.96013],[6.01115,50.96011],[6.01068,50.96003],[6.00987,50.95979],[6.00908,50.95948],[6.00805,50.95898],[6.00773,50.95882],[6.00664,50.95806],[6.00618,50.95772],[6.00519,50.95678],[6.00523,50.95676],[6.00526,50.95675],[6.00727,50.95596],[6.00733,50.95594],[6.00938,50.95521],[6.00939,50.95524],[6.00951,50.95522],[6.00985,50.95509],[6.01002,50.95503],[6.01042,50.95489],[6.01046,50.95486],[6.01058,50.95481],[6.01061,50.95479],[6.01122,50.95458],[6.0114,50.95451],[6.01153,50.95447],[6.0118,50.9543],[6.01223,50.95418],[6.01222,50.95416],[6.01248,50.95408],[6.01282,50.95398],[6.01285,50.95397],[6.01319,50.95388],[6.01435,50.95346],[6.0154,50.95308],[6.0159,50.95289],[6.016,50.95286],[6.01607,50.95283],[6.01648,50.95268],[6.01685,50.95264],[6.01508,50.94788],[6.01583,50.94469],[6.01586,50.9446],[6.01642,50.94219],[6.01646,50.94205],[6.01716,50.93906],[6.01778,50.93648],[6.01819,50.93474],[6.0182,50.9347],[6.01957,50.93444],[6.02021,50.93432],[6.02246,50.9339],[6.02333,50.93373],[6.02349,50.9337],[6.02449,50.93351],[6.0246,50.9335],[6.02471,50.93347],[6.02547,50.93333],[6.02566,50.9333],[6.02588,50.93325],[6.02928,50.93261],[6.03001,50.93248],[6.03027,50.93243],[6.03185,50.93213],[6.03197,50.93211],[6.03338,50.93184],[6.03411,50.93171],[6.0381,50.93095],[6.03859,50.93086],[6.03926,50.93086],[6.03965,50.93085],[6.03974,50.93085],[6.03979,50.93085],[6.03998,50.93079],[6.04144,50.93035],[6.04164,50.93029],[6.04179,50.93024],[6.04352,50.9297],[6.04415,50.92945],[6.04441,50.92934],[6.04473,50.92915],[6.04485,50.92905],[6.04489,50.92906],[6.0449,50.92905],[6.045,50.92895],[6.04504,50.92887],[6.04531,50.92851],[6.04557,50.92809],[6.04558,50.92808],[6.04694,50.92834],[6.04719,50.92842],[6.04752,50.92857],[6.04859,50.92905],[6.04915,50.92938],[6.04958,50.92953],[6.05087,50.9299],[6.05134,50.92965],[6.05325,50.92864],[6.05533,50.92754],[6.05615,50.92716],[6.05607,50.92697],[6.05569,50.9261],[6.05569,50.92609],[6.05565,50.92599],[6.0547,50.92381],[6.05466,50.9237],[6.05465,50.92368],[6.0542,50.92266],[6.05402,50.92225],[6.05527,50.92209],[6.05604,50.92199],[6.05673,50.9219],[6.05684,50.92189],[6.05688,50.92188],[6.05699,50.92187],[6.05704,50.92186],[6.05707,50.92186],[6.05785,50.92176],[6.05853,50.92167],[6.05957,50.92153],[6.06179,50.92124],[6.06181,50.92124],[6.062,50.92142],[6.06228,50.92164],[6.06238,50.92171],[6.06256,50.92182],[6.06296,50.92204],[6.06299,50.92202],[6.06319,50.92193],[6.06328,50.92188],[6.06344,50.92183],[6.06393,50.92165],[6.06448,50.92145],[6.06576,50.92106],[6.06638,50.92089],[6.06682,50.92075],[6.06707,50.92074],[6.06737,50.92073],[6.06819,50.92065],[6.06821,50.92067],[6.07003,50.92193],[6.07178,50.92313],[6.07495,50.92277],[6.07545,50.92275],[6.07558,50.92275],[6.07746,50.92258],[6.0777,50.92253],[6.08213,50.92154],[6.08314,50.92118],[6.08384,50.92093],[6.0839,50.9209],[6.08437,50.92065],[6.08538,50.9201],[6.08626,50.91966],[6.08631,50.91963],[6.08662,50.91948],[6.08683,50.91937],[6.08714,50.91926],[6.08739,50.91918],[6.08764,50.9191],[6.08825,50.9189],[6.08943,50.91853],[6.09016,50.91957],[6.09025,50.91961],[6.09033,50.91965],[6.09046,50.91971],[6.09255,50.92068],[6.09347,50.92111],[6.0936,50.92117],[6.09361,50.92118],[6.09366,50.9212],[6.09368,50.92121],[6.09373,50.92123],[6.09399,50.92094],[6.09408,50.92083],[6.09415,50.9207],[6.09418,50.92057],[6.09418,50.92044],[6.09417,50.92037],[6.09416,50.92031],[6.09415,50.92029],[6.0941,50.92018],[6.09405,50.92009],[6.09354,50.91922],[6.09331,50.91886],[6.09303,50.91851],[6.0928,50.91825],[6.09274,50.91817],[6.09236,50.91773],[6.09233,50.9177],[6.09231,50.91767],[6.09215,50.91751],[6.09197,50.91736],[6.09178,50.91722],[6.09155,50.91709],[6.0913,50.91697],[6.09104,50.91687],[6.09028,50.9166],[6.08987,50.91645],[6.08956,50.91634],[6.08934,50.91623],[6.08917,50.9161],[6.08894,50.91592],[6.08869,50.91571],[6.08867,50.91569],[6.08852,50.91557],[6.08777,50.91492],[6.08764,50.91481],[6.0871,50.91435],[6.08699,50.91425],[6.08684,50.91409],[6.08674,50.91391],[6.08671,50.91372],[6.08674,50.91352],[6.08677,50.91342],[6.08678,50.91338],[6.0868,50.91328],[6.08681,50.91325],[6.08681,50.91322],[6.08681,50.91319],[6.08681,50.91315],[6.08681,50.91312],[6.08681,50.91308],[6.08681,50.91305],[6.0868,50.91301],[6.08679,50.91298],[6.08679,50.91295],[6.08678,50.91292],[6.08677,50.91288],[6.08676,50.91285],[6.08675,50.91282],[6.08673,50.91279],[6.08672,50.91275],[6.0867,50.91272],[6.08668,50.91269],[6.08667,50.91265],[6.08665,50.91262],[6.08663,50.91259],[6.0866,50.91255],[6.08658,50.91251],[6.08655,50.91248],[6.08653,50.91244],[6.0865,50.91241],[6.08647,50.91238],[6.08644,50.91235],[6.08641,50.91232],[6.08638,50.91229],[6.08635,50.91226],[6.08631,50.91222],[6.08627,50.91219],[6.08622,50.91215],[6.08618,50.91212],[6.08613,50.91208],[6.08609,50.91205],[6.08604,50.91202],[6.086,50.91199],[6.08595,50.91196],[6.08591,50.91193],[6.08586,50.91191],[6.08582,50.91188],[6.08297,50.91044],[6.0829,50.9104],[6.08283,50.91037],[6.08276,50.91033],[6.08269,50.91029],[6.08263,50.91025],[6.08256,50.91021],[6.08252,50.91019],[6.08247,50.91016],[6.08243,50.91013],[6.08234,50.91007],[6.08229,50.91004],[6.08224,50.91],[6.08219,50.90997],[6.08215,50.90993],[6.08212,50.90991],[6.08205,50.90986],[6.08199,50.90982],[6.08194,50.90977],[6.08188,50.90973],[6.08183,50.90968],[6.08178,50.90963],[6.08173,50.90958],[6.08168,50.90953],[6.08163,50.90948],[6.08158,50.90943],[6.08153,50.90938],[6.08149,50.90933],[6.08144,50.90929],[6.0814,50.90923],[6.08136,50.90918],[6.08132,50.90913],[6.08128,50.90908],[6.08125,50.90904],[6.08121,50.90898],[6.08118,50.90893],[6.08115,50.90889],[6.08112,50.90884],[6.0811,50.90879],[6.08107,50.90875],[6.08085,50.90836],[6.08056,50.9078],[6.08035,50.90734],[6.08022,50.90702],[6.08009,50.90666],[6.07997,50.90629],[6.07974,50.90553],[6.07973,50.9055],[6.07972,50.90547],[6.07972,50.90543],[6.07971,50.9054],[6.07971,50.90537],[6.07971,50.90534],[6.07971,50.90531],[6.07971,50.90528],[6.07971,50.90526],[6.07971,50.90523],[6.07972,50.9052],[6.07972,50.90517],[6.07973,50.90514],[6.07974,50.90512],[6.07975,50.90509],[6.07976,50.90506],[6.0798,50.90495],[6.07982,50.90492],[6.07994,50.90474],[6.07996,50.90461],[6.08,50.90445],[6.08014,50.9041],[6.08018,50.90389],[6.08011,50.90371],[6.08001,50.90363],[6.07991,50.90352],[6.07989,50.90337],[6.07994,50.90332],[6.07998,50.90319],[6.0799,50.90294],[6.07979,50.90274],[6.0796,50.9025],[6.07939,50.90217],[6.07921,50.9019],[6.07872,50.90132],[6.07862,50.90118],[6.07813,50.90045],[6.0778,50.89992],[6.0777,50.89976],[6.07739,50.8991],[6.07736,50.89886],[6.07737,50.89858],[6.07737,50.89815],[6.07735,50.89776],[6.07727,50.89724],[6.07733,50.89706],[6.07727,50.89696],[6.07724,50.89692],[6.07722,50.89687],[6.07676,50.89644],[6.07672,50.8964],[6.07671,50.89639],[6.0767,50.89638],[6.0767,50.89637],[6.07669,50.89636],[6.07669,50.89635],[6.07669,50.89634],[6.07669,50.89633],[6.0767,50.89631],[6.07672,50.89611],[6.07668,50.89594],[6.07663,50.89579],[6.07656,50.89554],[6.07651,50.89537],[6.07646,50.89503],[6.07646,50.89502],[6.07645,50.89501],[6.07645,50.895],[6.07644,50.895],[6.07644,50.89499],[6.07644,50.89498],[6.07643,50.89498],[6.07643,50.89497],[6.07643,50.89496],[6.07643,50.89495],[6.07643,50.89494],[6.07644,50.89494],[6.07644,50.89493],[6.07645,50.89492],[6.07646,50.8949],[6.07648,50.89488],[6.07649,50.89487],[6.07651,50.89485],[6.07652,50.89483],[6.07653,50.89481],[6.07654,50.8948],[6.07656,50.89478],[6.07656,50.89476],[6.07657,50.89475],[6.07657,50.89474],[6.07658,50.89473],[6.07658,50.89471],[6.07658,50.8947],[6.07658,50.89469],[6.07658,50.89468],[6.07658,50.89467],[6.07658,50.89465],[6.07658,50.89464],[6.07657,50.89463],[6.07657,50.89462],[6.07656,50.89462],[6.07656,50.89461],[6.07655,50.89461],[6.07655,50.8946],[6.07654,50.8946],[6.07653,50.89459],[6.07652,50.89459],[6.07651,50.89459],[6.0765,50.89459],[6.07649,50.89459],[6.07648,50.89459],[6.07647,50.89459],[6.07646,50.89459],[6.07645,50.89459],[6.07643,50.89459],[6.07641,50.89459],[6.07639,50.8946],[6.07637,50.8946],[6.07633,50.8946],[6.07632,50.89461],[6.0763,50.89461],[6.07629,50.89461],[6.07628,50.89461],[6.07626,50.89461],[6.07625,50.89461],[6.07623,50.89461],[6.07622,50.89461],[6.07621,50.89461],[6.0762,50.89461],[6.07619,50.89461],[6.07619,50.8946],[6.07618,50.8946],[6.07617,50.8946],[6.07617,50.89459],[6.07616,50.89459],[6.07615,50.89458],[6.07614,50.89457],[6.07614,50.89456],[6.07613,50.89455],[6.07613,50.89454],[6.07613,50.89453],[6.07613,50.89452],[6.07613,50.89451],[6.07613,50.8945],[6.07613,50.89449],[6.07614,50.89448],[6.07614,50.89447],[6.07615,50.89446],[6.07616,50.89444],[6.07617,50.89442],[6.07618,50.89441],[6.07619,50.89439],[6.0762,50.89438],[6.07622,50.89436],[6.07625,50.89431],[6.07626,50.8943],[6.07626,50.89429],[6.07626,50.89428],[6.07626,50.89427],[6.07626,50.89426],[6.07626,50.89425],[6.07625,50.89424],[6.07624,50.89423],[6.07623,50.89422],[6.07622,50.89422],[6.07621,50.89421],[6.0762,50.89421],[6.07619,50.89421],[6.07617,50.8942],[6.07616,50.8942],[6.07612,50.89419],[6.07605,50.89416],[6.07592,50.89413],[6.0759,50.89412],[6.07589,50.89412],[6.07588,50.89412],[6.07587,50.89412],[6.07586,50.89411],[6.07584,50.89411],[6.07583,50.8941],[6.07582,50.8941],[6.07582,50.89409],[6.07581,50.89409],[6.0758,50.89409],[6.0758,50.89408],[6.07579,50.89407],[6.07579,50.89406],[6.07579,50.89405],[6.07579,50.89404],[6.07579,50.89403],[6.0758,50.89401],[6.07581,50.89399],[6.07581,50.89398],[6.07582,50.89396],[6.07583,50.89394],[6.07584,50.89392],[6.07586,50.89391],[6.07587,50.89389],[6.07589,50.89387],[6.07591,50.89385],[6.07592,50.89384],[6.07592,50.89383],[6.07593,50.89382],[6.07594,50.89381],[6.07594,50.8938],[6.07595,50.89379],[6.07595,50.89378],[6.07595,50.89377],[6.07595,50.89376],[6.07595,50.89375],[6.07595,50.89374],[6.07595,50.89373],[6.07595,50.89372],[6.07594,50.89371],[6.07594,50.8937],[6.07593,50.89369],[6.07592,50.89368],[6.07591,50.89367],[6.07587,50.89362],[6.07562,50.89339],[6.07561,50.89336],[6.07559,50.89334],[6.07557,50.89332],[6.07555,50.89329],[6.07553,50.89327],[6.07551,50.89325],[6.07548,50.89322],[6.07546,50.8932],[6.07544,50.89318],[6.07542,50.89316],[6.0754,50.89314],[6.07537,50.89313],[6.07535,50.89311],[6.07533,50.89309],[6.07531,50.89308],[6.0753,50.89308],[6.07529,50.89307],[6.07528,50.89306],[6.07527,50.89305],[6.07526,50.89304],[6.07525,50.89303],[6.07524,50.89302],[6.07523,50.893],[6.07522,50.89299],[6.07521,50.89298],[6.0752,50.89297],[6.07519,50.89295],[6.07518,50.89294],[6.07518,50.89286],[6.07519,50.8928],[6.07521,50.89276],[6.07528,50.8927],[6.0753,50.89269],[6.07532,50.89267],[6.07534,50.89266],[6.07536,50.89264],[6.07538,50.89263],[6.0754,50.89262],[6.07543,50.8926],[6.07546,50.89259],[6.07548,50.89258],[6.07551,50.89257],[6.07552,50.89256],[6.07555,50.89255],[6.07556,50.89255],[6.07559,50.89254],[6.0756,50.89254],[6.07561,50.89254],[6.07562,50.89253],[6.07563,50.89253],[6.07564,50.89253],[6.07564,50.89252],[6.07565,50.89251],[6.07566,50.89251],[6.07569,50.89248],[6.07576,50.89243],[6.07579,50.89241],[6.07612,50.89215],[6.07613,50.89215],[6.07614,50.89214],[6.07615,50.89213],[6.07616,50.89212],[6.07616,50.89211],[6.07617,50.8921],[6.07618,50.89209],[6.07618,50.89208],[6.07619,50.89207],[6.0762,50.89205],[6.0762,50.89204],[6.07621,50.89202],[6.07621,50.892],[6.07622,50.89199],[6.07622,50.89197],[6.07622,50.89196],[6.07622,50.89193],[6.07621,50.89191],[6.07621,50.89188],[6.07621,50.89186],[6.07621,50.89183],[6.07621,50.89181],[6.07621,50.89178],[6.07622,50.89176],[6.07622,50.89173],[6.07623,50.89171],[6.07623,50.89168],[6.07624,50.89166],[6.07625,50.89164],[6.07631,50.89157],[6.07631,50.89156],[6.07632,50.89156],[6.07632,50.89155],[6.07632,50.89154],[6.07632,50.89153],[6.07631,50.89152],[6.07631,50.89151],[6.0763,50.8915],[6.07629,50.89149],[6.07628,50.89148],[6.07627,50.89147],[6.07626,50.89147],[6.07625,50.89146],[6.07624,50.89146],[6.07623,50.89145],[6.07621,50.89145],[6.07612,50.89142],[6.07593,50.89136],[6.07573,50.89129],[6.07559,50.89123],[6.07545,50.89117],[6.07541,50.89115],[6.0754,50.89114],[6.0754,50.89113],[6.07538,50.89103],[6.07539,50.89093],[6.0754,50.89084],[6.07541,50.89075],[6.0754,50.89067],[6.07538,50.89059],[6.07538,50.89057],[6.07539,50.89055],[6.07542,50.89053],[6.07545,50.89051],[6.07548,50.89049],[6.07551,50.89045],[6.07553,50.89041],[6.07553,50.89038],[6.07554,50.89036],[6.07555,50.89034],[6.07557,50.89032],[6.0756,50.89029],[6.07564,50.89026],[6.07568,50.89021],[6.07571,50.89018],[6.07573,50.89014],[6.07576,50.89008],[6.07577,50.89006],[6.07579,50.89005],[6.07582,50.89003],[6.07587,50.89001],[6.07593,50.88998],[6.07599,50.88994],[6.07603,50.88991],[6.07606,50.88988],[6.07612,50.88983],[6.07616,50.88979],[6.07619,50.88975],[6.07622,50.88971],[6.07626,50.88965],[6.07629,50.88959],[6.07631,50.88952],[6.07632,50.88948],[6.07634,50.88941],[6.07635,50.88934],[6.07635,50.88929],[6.07635,50.88923],[6.07635,50.88917],[6.07635,50.8891],[6.07637,50.88903],[6.07639,50.88896],[6.07643,50.88888],[6.07646,50.88881],[6.07649,50.88877],[6.07654,50.88872],[6.07659,50.88866],[6.07664,50.88862],[6.07671,50.88856],[6.07676,50.88852],[6.07682,50.88849],[6.07683,50.88848],[6.07687,50.88843],[6.0769,50.88839],[6.07693,50.88834],[6.07695,50.8883],[6.07696,50.88826],[6.07698,50.8882],[6.07699,50.88814],[6.077,50.8881],[6.07703,50.88802],[6.07706,50.88794],[6.07711,50.88786],[6.07715,50.88781],[6.07718,50.88778],[6.07722,50.88774],[6.07726,50.8877],[6.07731,50.88766],[6.07734,50.88763],[6.07737,50.88762],[6.07739,50.8876],[6.07742,50.88759],[6.07746,50.88757],[6.07749,50.88755],[6.07752,50.88755],[6.07756,50.88754],[6.07759,50.88754],[6.07761,50.88755],[6.07764,50.88755],[6.07766,50.88756],[6.07768,50.88757],[6.0777,50.88759],[6.07772,50.88761],[6.07774,50.88766],[6.07775,50.88768],[6.07775,50.88773],[6.07775,50.88778],[6.07773,50.88781],[6.07771,50.88787],[6.0777,50.8879],[6.0777,50.88794],[6.07771,50.88797],[6.07774,50.888],[6.07778,50.88802],[6.07782,50.88804],[6.07787,50.88805],[6.07791,50.88805],[6.07796,50.88806],[6.07799,50.88805],[6.07806,50.88804],[6.07813,50.88802],[6.0782,50.888],[6.07826,50.88797],[6.07832,50.88793],[6.07836,50.88791],[6.07843,50.88787],[6.07849,50.88784],[6.07853,50.88781],[6.07858,50.88777],[6.07863,50.88773],[6.07866,50.88769],[6.07871,50.88764],[6.07876,50.88758],[6.07879,50.88753],[6.07882,50.88749],[6.07884,50.88746],[6.07885,50.88743],[6.07887,50.88739],[6.07888,50.88736],[6.07889,50.88732],[6.07889,50.88728],[6.07889,50.88725],[6.07888,50.88723],[6.07887,50.88721],[6.07884,50.88716],[6.07883,50.88712],[6.07881,50.88707],[6.0788,50.88701],[6.0788,50.887],[6.07881,50.88698],[6.07881,50.88696],[6.07883,50.88694],[6.07884,50.88693],[6.07887,50.88692],[6.07897,50.88687],[6.07901,50.88686],[6.07906,50.88685],[6.07911,50.88685],[6.07916,50.88683],[6.07921,50.88682],[6.07926,50.88681],[6.07929,50.88679],[6.07931,50.88678],[6.07932,50.88676],[6.07933,50.88674],[6.07933,50.88672],[6.07932,50.88671],[6.07931,50.88669],[6.0793,50.88667],[6.07924,50.88662],[6.07918,50.88656],[6.07911,50.88651],[6.07909,50.88649],[6.07907,50.88647],[6.07906,50.88645],[6.07906,50.88643],[6.07905,50.88641],[6.07906,50.88638],[6.07907,50.88637],[6.07911,50.88634],[6.07914,50.88631],[6.07919,50.88627],[6.07923,50.88623],[6.07934,50.88613],[6.07935,50.8861],[6.07934,50.88606],[6.07933,50.88601],[6.0793,50.88597],[6.07928,50.88593],[6.07925,50.8859],[6.07919,50.88584],[6.07915,50.88581],[6.07909,50.88576],[6.07906,50.88574],[6.079,50.8857],[6.07896,50.88566],[6.07894,50.88564],[6.0789,50.88561],[6.07888,50.88559],[6.07884,50.88556],[6.0788,50.88554],[6.07875,50.88552],[6.07868,50.88551],[6.07864,50.8855],[6.07854,50.88546],[6.07844,50.88542],[6.07834,50.88537],[6.07828,50.88533],[6.07826,50.88531],[6.07824,50.88528],[6.07822,50.88523],[6.07821,50.8852],[6.07821,50.88517],[6.07821,50.88515],[6.07824,50.8851],[6.07826,50.88505],[6.07827,50.88499],[6.07828,50.88494],[6.07829,50.88492],[6.0783,50.88491],[6.07831,50.88489],[6.07832,50.88488],[6.07835,50.88488],[6.07838,50.88488],[6.07842,50.88489],[6.07844,50.8849],[6.07847,50.88491],[6.0785,50.88491],[6.07852,50.8849],[6.07855,50.88489],[6.07861,50.88487],[6.07864,50.88486],[6.07868,50.88486],[6.07871,50.88485],[6.07874,50.88485],[6.07875,50.88485],[6.07876,50.88484],[6.07877,50.88483],[6.07878,50.88481],[6.0788,50.88473],[6.07884,50.88465],[6.07884,50.88459],[6.07885,50.88454],[6.07886,50.8845],[6.07887,50.88446],[6.0789,50.88443],[6.07893,50.8844],[6.07895,50.88436],[6.07898,50.88432],[6.07901,50.88429],[6.07903,50.88426],[6.07906,50.88424],[6.07908,50.88422],[6.0791,50.88421],[6.07913,50.88419],[6.07915,50.88418],[6.07921,50.88414],[6.07927,50.88408],[6.07932,50.88403],[6.07938,50.88398],[6.07948,50.88388],[6.07951,50.88384],[6.07955,50.8838],[6.07959,50.88374],[6.07962,50.88371],[6.07964,50.88367],[6.07966,50.88363],[6.07968,50.88359],[6.0797,50.88354],[6.07971,50.8835],[6.07972,50.88345],[6.07973,50.8834],[6.07972,50.88335],[6.07972,50.88331],[6.07971,50.88326],[6.07968,50.88321],[6.07965,50.88316],[6.0796,50.88312],[6.07956,50.88308],[6.07951,50.88304],[6.07948,50.88301],[6.07946,50.88298],[6.07944,50.88294],[6.07943,50.88292],[6.07942,50.88287],[6.0794,50.88283],[6.0794,50.8828],[6.07939,50.88275],[6.07939,50.88271],[6.07939,50.88265],[6.0794,50.8826],[6.07941,50.88255],[6.07942,50.88252],[6.07944,50.88249],[6.07946,50.88244],[6.07952,50.88238],[6.07958,50.88232],[6.07963,50.88225],[6.07968,50.88219],[6.0797,50.88218],[6.07972,50.88217],[6.07975,50.88216],[6.07977,50.88216],[6.0798,50.88216],[6.07982,50.88216],[6.07984,50.88217],[6.0799,50.88219],[6.07995,50.88221],[6.07998,50.88222],[6.08001,50.88224],[6.08003,50.88226],[6.08005,50.88229],[6.08005,50.88232],[6.08005,50.88236],[6.08005,50.88239],[6.08005,50.88243],[6.08005,50.88246],[6.08006,50.88249],[6.08007,50.88251],[6.08009,50.88255],[6.08011,50.88258],[6.08014,50.88261],[6.08017,50.88264],[6.08022,50.88267],[6.08027,50.88269],[6.08033,50.88271],[6.0804,50.88273],[6.08048,50.88273],[6.08054,50.88274],[6.0806,50.88273],[6.08067,50.88272],[6.0807,50.8827],[6.08073,50.88268],[6.08076,50.88266],[6.0808,50.88262],[6.08084,50.88258],[6.08089,50.88249],[6.08092,50.88245],[6.08095,50.88241],[6.08098,50.88238],[6.08102,50.88234],[6.08105,50.88231],[6.0811,50.88227],[6.08116,50.88223],[6.08121,50.8822],[6.08126,50.88218],[6.08131,50.88217],[6.08135,50.88216],[6.0814,50.88216],[6.08145,50.88217],[6.08152,50.88219],[6.08159,50.88221],[6.08166,50.88224],[6.08172,50.88227],[6.08178,50.8823],[6.08182,50.88234],[6.08187,50.88237],[6.08192,50.88241],[6.08196,50.88245],[6.08199,50.88246],[6.08202,50.88248],[6.08205,50.88249],[6.08211,50.88252],[6.08217,50.88253],[6.08223,50.88254],[6.08229,50.88255],[6.08235,50.88255],[6.0824,50.88254],[6.08245,50.88253],[6.08251,50.88252],[6.08257,50.8825],[6.08264,50.88246],[6.08269,50.88243],[6.08275,50.88239],[6.08279,50.88236],[6.08283,50.88232],[6.08288,50.88228],[6.0829,50.88226],[6.08293,50.88222],[6.08295,50.88219],[6.08296,50.88217],[6.08297,50.88214],[6.08297,50.88212],[6.08296,50.8821],[6.08296,50.88207],[6.08294,50.88204],[6.08291,50.88202],[6.08288,50.882],[6.08286,50.88199],[6.08283,50.88198],[6.08276,50.88197],[6.08269,50.88196],[6.08262,50.88194],[6.08256,50.88192],[6.08252,50.8819],[6.08249,50.88189],[6.08245,50.88187],[6.08242,50.88185],[6.0824,50.88183],[6.08236,50.88181],[6.08235,50.88178],[6.08231,50.88174],[6.08227,50.8817],[6.08225,50.88166],[6.08225,50.88165],[6.08228,50.88164],[6.0823,50.88163],[6.08234,50.88164],[6.08236,50.88163],[6.08241,50.88162],[6.0825,50.8816],[6.08259,50.88157],[6.08264,50.88155],[6.08271,50.88153],[6.08275,50.88151],[6.08279,50.88149],[6.08284,50.88146],[6.08287,50.88143],[6.0829,50.88141],[6.08293,50.88138],[6.08296,50.88136],[6.083,50.88133],[6.08304,50.8813],[6.08307,50.88128],[6.08311,50.88126],[6.08315,50.88124],[6.0832,50.88122],[6.08323,50.88121],[6.08327,50.8812],[6.08336,50.88116],[6.08341,50.88114],[6.08344,50.88112],[6.08348,50.88111],[6.08357,50.88107],[6.08366,50.88102],[6.08369,50.88101],[6.08375,50.88099],[6.0838,50.88098],[6.08386,50.88097],[6.08391,50.88096],[6.08398,50.88095],[6.08404,50.88094],[6.08409,50.88093],[6.08414,50.88092],[6.08418,50.8809],[6.08422,50.88089],[6.08425,50.88087],[6.08428,50.88086],[6.08433,50.88084],[6.08438,50.88083],[6.08443,50.88082],[6.08448,50.8808],[6.08452,50.88079],[6.08457,50.88077],[6.08461,50.88076],[6.08464,50.88074],[6.08468,50.88072],[6.08473,50.88069],[6.08479,50.88066],[6.08484,50.88063],[6.08487,50.88061],[6.0849,50.88058],[6.08493,50.88054],[6.08495,50.88051],[6.08496,50.88048],[6.08497,50.88045],[6.08497,50.88042],[6.08496,50.8804],[6.08496,50.88037],[6.08496,50.88036],[6.08495,50.88032],[6.08495,50.88031],[6.08495,50.88029],[6.08495,50.88027],[6.08497,50.88024],[6.08499,50.88021],[6.08503,50.88019],[6.08506,50.88017],[6.0851,50.88016],[6.08513,50.88015],[6.08524,50.88014],[6.08535,50.88012],[6.08546,50.88009],[6.08551,50.88008],[6.08558,50.88006],[6.08561,50.88005],[6.08565,50.88003],[6.08569,50.88002],[6.08572,50.88001],[6.08577,50.87999],[6.08582,50.87998],[6.08588,50.87996],[6.08595,50.87994],[6.08603,50.87993],[6.08608,50.87992],[6.08613,50.87992],[6.08619,50.87991],[6.08622,50.87991],[6.08627,50.8799],[6.0863,50.87989],[6.08633,50.87987],[6.08634,50.87986],[6.08645,50.87975],[6.08648,50.8797],[6.08661,50.87954],[6.08664,50.8795],[6.08667,50.87946],[6.0867,50.87941],[6.08673,50.87937],[6.08676,50.87933],[6.08678,50.87928],[6.08681,50.87924],[6.08683,50.8792],[6.08721,50.87847],[6.08718,50.87842],[6.08713,50.87832],[6.08712,50.87829],[6.08711,50.87828],[6.0871,50.87826],[6.08703,50.87812],[6.08654,50.87755],[6.08633,50.87744],[6.08507,50.87637],[6.08569,50.87585],[6.08576,50.87579],[6.08603,50.87554],[6.08632,50.87518],[6.08665,50.87463],[6.08666,50.87461],[6.08673,50.87456],[6.0873,50.87341],[6.0881,50.87242],[6.08807,50.8723],[6.08807,50.87229],[6.08803,50.87227],[6.08797,50.87225],[6.08782,50.87219],[6.08737,50.87201],[6.08735,50.872],[6.08718,50.87193],[6.08716,50.87192],[6.08687,50.87181],[6.08683,50.87179],[6.08653,50.87167],[6.08625,50.87156],[6.08615,50.87148],[6.08614,50.87147],[6.08619,50.87142],[6.08624,50.87135],[6.08629,50.87128],[6.08635,50.87121],[6.08654,50.87106],[6.08659,50.871],[6.08662,50.87093],[6.08665,50.87083],[6.08668,50.87072],[6.08672,50.87044],[6.08673,50.87036],[6.08673,50.87027],[6.08673,50.87016],[6.08671,50.86988],[6.08664,50.8696],[6.08654,50.86933],[6.08648,50.8692],[6.08641,50.86906],[6.08624,50.8688],[6.08621,50.86876],[6.08577,50.86817],[6.08569,50.86806],[6.0856,50.86794],[6.08549,50.8678],[6.08539,50.86765],[6.08529,50.86752],[6.08525,50.86746],[6.08522,50.86744],[6.08521,50.86741],[6.08512,50.8673],[6.08488,50.86695],[6.08486,50.86693],[6.08459,50.86654],[6.08417,50.86594],[6.08375,50.86534],[6.08347,50.86493],[6.0834,50.86483],[6.08309,50.8648],[6.08304,50.86479],[6.08303,50.86479],[6.08271,50.86475],[6.08241,50.8647],[6.08213,50.86466],[6.08194,50.86464],[6.08185,50.86463],[6.08171,50.86461],[6.08158,50.8646],[6.08154,50.86459],[6.08103,50.86455],[6.08102,50.86421],[6.08102,50.86413],[6.08102,50.86399],[6.08102,50.86375],[6.08101,50.86344],[6.08101,50.86336],[6.08101,50.86332],[6.08101,50.86307],[6.081,50.86285],[6.081,50.86283],[6.081,50.86281],[6.081,50.8628],[6.08101,50.86277],[6.08104,50.86268],[6.08104,50.86267],[6.08104,50.86256],[6.08096,50.86253],[6.08082,50.86247],[6.08073,50.86243],[6.08061,50.86238],[6.08048,50.86232],[6.08047,50.86232],[6.07872,50.86156],[6.07783,50.86118],[6.07779,50.86116],[6.07775,50.86114],[6.07771,50.86112],[6.07768,50.8611],[6.07764,50.86108],[6.07761,50.86106],[6.07757,50.86104],[6.07754,50.86102],[6.07751,50.86099],[6.07748,50.86097],[6.07746,50.86094],[6.07743,50.86092],[6.07742,50.86091],[6.0774,50.86088],[6.07738,50.86086],[6.07736,50.86083],[6.07734,50.86081],[6.07732,50.86078],[6.0773,50.86075],[6.07729,50.86072],[6.07727,50.8607],[6.07726,50.86067],[6.07725,50.86064],[6.07724,50.86061],[6.07724,50.86058],[6.0771,50.85998],[6.07704,50.85973],[6.07701,50.85962],[6.07693,50.85927],[6.07689,50.85906],[6.07684,50.85888],[6.07667,50.85812],[6.07645,50.85719],[6.07605,50.85544],[6.07593,50.85487],[6.0759,50.85473],[6.07588,50.85463],[6.07546,50.85262],[6.0754,50.85235],[6.07539,50.85228],[6.07537,50.85218],[6.0752,50.85137],[6.07495,50.85014],[6.07494,50.85011],[6.0749,50.84991],[6.07476,50.84923],[6.07457,50.84833],[6.07433,50.84716],[6.07427,50.84689],[6.07426,50.84683],[6.07424,50.84674],[6.07424,50.84673],[6.07422,50.84667],[6.07417,50.84655],[6.07417,50.84654],[6.07408,50.84655],[6.07407,50.84655],[6.07405,50.84656],[6.07404,50.84656],[6.07403,50.84656],[6.07379,50.84666],[6.07373,50.84669],[6.07351,50.84678],[6.07348,50.84679],[6.07336,50.84685],[6.07314,50.84694],[6.0731,50.84696],[6.07302,50.847],[6.07299,50.84701],[6.0727,50.84714],[6.07269,50.84714],[6.07268,50.84714],[6.07261,50.84718],[6.07241,50.84726],[6.07214,50.84735],[6.07175,50.84749],[6.07116,50.84766],[6.07107,50.84769],[6.07101,50.84771],[6.07083,50.84778],[6.07057,50.84787],[6.06988,50.8481],[6.06973,50.84813],[6.06949,50.8482],[6.06937,50.84824],[6.06892,50.84838],[6.06888,50.84839],[6.06886,50.8484],[6.06881,50.84841],[6.06857,50.84848],[6.06845,50.84851],[6.06844,50.84852],[6.06793,50.84866],[6.06753,50.84877],[6.06711,50.84893],[6.06694,50.84899],[6.06669,50.84906],[6.06595,50.84927],[6.06594,50.84928],[6.06593,50.84928],[6.06506,50.84952],[6.06429,50.84981],[6.06423,50.84983],[6.0641,50.84987],[6.06404,50.84988],[6.0639,50.84991],[6.06386,50.84996],[6.06364,50.85002],[6.06351,50.85017],[6.06325,50.85027],[6.06298,50.85031],[6.06291,50.85031],[6.06288,50.85031],[6.0628,50.85031],[6.06262,50.85026],[6.06256,50.85027],[6.06251,50.85036],[6.06249,50.85036],[6.06246,50.85037],[6.0624,50.85034],[6.06238,50.85034],[6.06233,50.85033],[6.06224,50.85032],[6.0622,50.85034],[6.06217,50.85041],[6.06203,50.85048],[6.06193,50.85047],[6.0619,50.85048],[6.06181,50.85049],[6.06167,50.85052],[6.06154,50.85054],[6.06133,50.85057],[6.06131,50.85054],[6.06126,50.85051],[6.06108,50.85052],[6.06091,50.85059],[6.06082,50.85059],[6.06077,50.85064],[6.06068,50.85072],[6.06052,50.85074],[6.0605,50.85074],[6.06046,50.85073],[6.0604,50.85072],[6.06036,50.85072],[6.06036,50.85075],[6.06032,50.85076],[6.06029,50.85076],[6.06024,50.85079],[6.06023,50.8508],[6.05992,50.85095],[6.05991,50.85095],[6.0598,50.85092],[6.05978,50.85092],[6.05977,50.85092],[6.05969,50.85091],[6.05958,50.8509],[6.05957,50.85095],[6.05957,50.85096],[6.05956,50.85096],[6.05953,50.85097],[6.05948,50.85096],[6.05946,50.85096],[6.05943,50.85096],[6.05936,50.851],[6.05933,50.85102],[6.05931,50.85104],[6.05929,50.85104],[6.05924,50.85106],[6.05916,50.85105],[6.05913,50.85105],[6.05906,50.85106],[6.05901,50.85106],[6.05842,50.85107],[6.05784,50.85107],[6.05758,50.85105],[6.05751,50.85104],[6.05674,50.85107],[6.05671,50.85108],[6.05679,50.85124],[6.05651,50.85136],[6.05664,50.85155],[6.05675,50.85153],[6.05683,50.85155],[6.05695,50.85158],[6.05679,50.85188],[6.05721,50.85202],[6.05722,50.85202],[6.05721,50.8521],[6.05714,50.8522],[6.0571,50.85229],[6.0571,50.85235],[6.05712,50.85243],[6.05708,50.85247],[6.05705,50.85258],[6.05696,50.85283],[6.05696,50.85285],[6.05691,50.85295],[6.05708,50.85408],[6.05709,50.85412],[6.05709,50.85414],[6.05708,50.85431],[6.05701,50.85441],[6.05687,50.85443],[6.05678,50.85437],[6.05661,50.85435],[6.05658,50.85436],[6.0566,50.85455],[6.05661,50.85459],[6.05665,50.85464],[6.05663,50.85468],[6.05664,50.85471],[6.05664,50.85479],[6.05665,50.85488],[6.05666,50.85495],[6.0567,50.85502],[6.05678,50.8551],[6.0568,50.85511],[6.05681,50.85512],[6.05694,50.85527],[6.05699,50.85533],[6.05711,50.85546],[6.05714,50.85551],[6.05713,50.85555],[6.05713,50.85556],[6.05711,50.85563],[6.05709,50.85568],[6.05706,50.85577],[6.05703,50.85586],[6.05701,50.85596],[6.05699,50.85603],[6.05691,50.8563],[6.05687,50.85643],[6.05684,50.85656],[6.0568,50.85672],[6.05669,50.8569],[6.05655,50.85711],[6.05651,50.85713],[6.05641,50.85717],[6.05638,50.85719],[6.05636,50.85719],[6.05634,50.8572],[6.05627,50.85721],[6.05586,50.85722],[6.05544,50.85724],[6.05539,50.85725],[6.05508,50.85726],[6.05507,50.85725],[6.05492,50.85722],[6.05484,50.85719],[6.05482,50.85718],[6.05474,50.85715],[6.05451,50.85705],[6.05446,50.85703],[6.05433,50.85698],[6.05416,50.85691],[6.05411,50.8569],[6.05409,50.8569],[6.05407,50.85691],[6.05406,50.85691],[6.05405,50.85691],[6.05404,50.85691],[6.054,50.85693],[6.05396,50.85695],[6.05393,50.85692],[6.05375,50.85676],[6.05364,50.8567],[6.05351,50.8566],[6.0534,50.8565],[6.05335,50.85643],[6.05332,50.85642],[6.05333,50.85641],[6.05336,50.85638],[6.05334,50.85635],[6.05334,50.85631],[6.05333,50.85629],[6.05326,50.85627],[6.05323,50.85626],[6.05313,50.85622],[6.05309,50.85621],[6.05297,50.85615],[6.05296,50.85612],[6.05292,50.85611],[6.05288,50.85608],[6.0528,50.85607],[6.05273,50.85605],[6.05269,50.85603],[6.05266,50.856],[6.05255,50.85595],[6.05252,50.85595],[6.05242,50.85586],[6.05241,50.85584],[6.05231,50.8557],[6.05228,50.85565],[6.05225,50.85563],[6.05224,50.8556],[6.0522,50.85557],[6.05218,50.85553],[6.05215,50.85552],[6.0521,50.85551],[6.05198,50.8555],[6.05195,50.8555],[6.05189,50.85549],[6.05188,50.85549],[6.05185,50.85548],[6.05182,50.85547],[6.05175,50.85544],[6.05172,50.85545],[6.05171,50.85545],[6.0516,50.85543],[6.05157,50.85543],[6.05152,50.85542],[6.05147,50.85542],[6.0514,50.85539],[6.05137,50.85537],[6.05123,50.85537],[6.05118,50.85537],[6.05114,50.85536],[6.0511,50.85533],[6.05107,50.85534],[6.051,50.85537],[6.05096,50.85537],[6.05093,50.85536],[6.0509,50.85537],[6.05087,50.85539],[6.0508,50.85537],[6.05072,50.85533],[6.05067,50.85532],[6.05061,50.85528],[6.05061,50.85527],[6.05063,50.85525],[6.05064,50.85524],[6.05064,50.85519],[6.05061,50.85516],[6.05056,50.85514],[6.05054,50.85513],[6.0505,50.85511],[6.05046,50.85505],[6.05045,50.85504],[6.05043,50.85501],[6.05038,50.85499],[6.05034,50.85498],[6.05033,50.85496],[6.05026,50.85491],[6.05027,50.85487],[6.05027,50.85486],[6.05031,50.85479],[6.05031,50.85475],[6.05032,50.85468],[6.05033,50.85462],[6.05034,50.85456],[6.05032,50.85454],[6.05029,50.85453],[6.05025,50.85449],[6.05026,50.85445],[6.05022,50.85441],[6.05017,50.8544],[6.05014,50.85439],[6.0501,50.85436],[6.0501,50.85433],[6.05013,50.85425],[6.05013,50.85424],[6.0501,50.85422],[6.05,50.85419],[6.04997,50.85418],[6.04986,50.85416],[6.04979,50.85409],[6.04969,50.85408],[6.04951,50.85401],[6.04947,50.854],[6.04942,50.85398],[6.04936,50.85395],[6.04933,50.85395],[6.04928,50.85396],[6.04915,50.85394],[6.04908,50.85394],[6.04905,50.85394],[6.04901,50.85394],[6.04895,50.85394],[6.0489,50.85394],[6.04886,50.85392],[6.04871,50.85391],[6.04862,50.85388],[6.0486,50.85386],[6.0485,50.8538],[6.04842,50.85378],[6.04836,50.85375],[6.04825,50.85371],[6.04822,50.85371],[6.04816,50.85369],[6.04814,50.85369],[6.04813,50.85368],[6.0481,50.85369],[6.048,50.85367],[6.04796,50.85367],[6.04793,50.85366],[6.04789,50.85366],[6.04775,50.85362],[6.04755,50.85359],[6.04752,50.85357],[6.04743,50.85347],[6.0473,50.85338],[6.0472,50.85334],[6.04715,50.85334],[6.04709,50.8533],[6.04706,50.85329],[6.047,50.85328],[6.04686,50.85322],[6.04684,50.85319],[6.04682,50.85317],[6.04681,50.85315],[6.04679,50.85313],[6.04677,50.8531],[6.04677,50.85307],[6.04674,50.85304],[6.04673,50.85304],[6.04671,50.85303],[6.04667,50.853],[6.04665,50.85297],[6.04664,50.85295],[6.04663,50.85293],[6.04661,50.85293],[6.04656,50.85291],[6.04653,50.85288],[6.04649,50.85286],[6.04639,50.85284],[6.04636,50.85284],[6.04627,50.8528],[6.04625,50.85281],[6.04625,50.85282],[6.04625,50.85283],[6.04623,50.85285],[6.04617,50.85286],[6.04609,50.85288],[6.04602,50.85288],[6.04595,50.85284],[6.04591,50.85284],[6.04589,50.85282],[6.04589,50.85276],[6.04585,50.85277],[6.04583,50.85277],[6.0458,50.8528],[6.04565,50.85281],[6.04563,50.8528],[6.04562,50.85278],[6.04564,50.85276],[6.04568,50.85275],[6.0457,50.85275],[6.04565,50.8527],[6.04556,50.85272],[6.04555,50.85274],[6.04552,50.85276],[6.0455,50.85276],[6.04543,50.85274],[6.04542,50.85273],[6.04541,50.85272],[6.04537,50.85272],[6.04534,50.85273],[6.04526,50.85264],[6.04521,50.8526],[6.0452,50.85256],[6.04515,50.85248],[6.04511,50.8524],[6.04508,50.85238],[6.04503,50.85237],[6.045,50.85237],[6.04491,50.85242],[6.04486,50.85244],[6.04483,50.85244],[6.04479,50.85244],[6.04477,50.85246],[6.04478,50.85248],[6.04478,50.85251],[6.04477,50.85253],[6.04476,50.85253],[6.04471,50.85251],[6.0447,50.85253],[6.0447,50.85256],[6.04469,50.85258],[6.04469,50.85259],[6.04472,50.85262],[6.04469,50.85266],[6.04465,50.8527],[6.04458,50.85272],[6.04456,50.85273],[6.04451,50.85274],[6.04444,50.85272],[6.04437,50.85267],[6.04432,50.85263],[6.04429,50.85261],[6.04428,50.85257],[6.04428,50.85255],[6.04421,50.85248],[6.04413,50.85249],[6.04407,50.85254],[6.04404,50.85255],[6.04399,50.85255],[6.04396,50.85255],[6.0439,50.85252],[6.04389,50.85251],[6.04388,50.85246],[6.0439,50.85244],[6.04393,50.8524],[6.04395,50.85238],[6.04398,50.85239],[6.044,50.85239],[6.04401,50.85239],[6.04402,50.85237],[6.04396,50.8523],[6.04395,50.8523],[6.04394,50.85229],[6.04393,50.85229],[6.04391,50.85229],[6.0439,50.85229],[6.04388,50.85229],[6.04387,50.85228],[6.04386,50.85229],[6.04384,50.85231],[6.04382,50.85231],[6.0438,50.85231],[6.04378,50.85229],[6.04377,50.85228],[6.04377,50.85224],[6.04372,50.85219],[6.04372,50.85218],[6.04374,50.85216],[6.0438,50.85214],[6.04384,50.85215],[6.04384,50.85214],[6.04385,50.85212],[6.04376,50.85207],[6.04374,50.85203],[6.0437,50.852],[6.04369,50.85198],[6.04366,50.85198],[6.04363,50.85199],[6.04359,50.85199],[6.04345,50.85196],[6.04334,50.85198],[6.04329,50.85195],[6.04319,50.85194],[6.04312,50.85192],[6.04309,50.85189],[6.04309,50.85188],[6.04303,50.85187],[6.04301,50.85185],[6.04297,50.85183],[6.04292,50.85183],[6.04288,50.85181],[6.04287,50.8518],[6.04286,50.85179],[6.04284,50.85177],[6.04283,50.85177],[6.04268,50.85172],[6.04264,50.85165],[6.04263,50.85162],[6.04257,50.85161],[6.04244,50.85151],[6.04239,50.85148],[6.04238,50.85147],[6.04236,50.85142],[6.04234,50.85138],[6.04235,50.85133],[6.04215,50.85129],[6.04211,50.85125],[6.04209,50.85123],[6.04204,50.85124],[6.04201,50.85126],[6.04201,50.85129],[6.042,50.85131],[6.0419,50.85131],[6.04177,50.85133],[6.0417,50.85132],[6.04162,50.85132],[6.04153,50.85133],[6.04151,50.85132],[6.04149,50.85129],[6.04151,50.85123],[6.0414,50.85117],[6.04131,50.85115],[6.04124,50.85115],[6.04112,50.85114],[6.041,50.85115],[6.04095,50.85114],[6.04084,50.85115],[6.04075,50.85114],[6.0407,50.85113],[6.04067,50.85112],[6.04061,50.8511],[6.04059,50.85108],[6.04053,50.85109],[6.04047,50.85111],[6.04044,50.85111],[6.04035,50.8511],[6.04023,50.85108],[6.04016,50.85105],[6.04012,50.85103],[6.04006,50.85103],[6.04004,50.85102],[6.03996,50.85102],[6.03995,50.85108],[6.03992,50.85111],[6.0399,50.85116],[6.03988,50.85117],[6.03975,50.85116],[6.03965,50.85114],[6.03959,50.85111],[6.03952,50.85109],[6.0395,50.85107],[6.03948,50.85103],[6.03946,50.85097],[6.0394,50.8509],[6.03938,50.85086],[6.03937,50.85086],[6.03892,50.85091],[6.03883,50.85091],[6.03876,50.85092],[6.03864,50.85094],[6.03826,50.85098],[6.03816,50.85098],[6.03775,50.851],[6.03765,50.85098],[6.0375,50.85096],[6.03722,50.85085],[6.037,50.85076],[6.03688,50.85071],[6.03662,50.85062],[6.03631,50.8505],[6.03616,50.85046],[6.03605,50.85046],[6.0359,50.8505],[6.03565,50.85049],[6.03554,50.85048],[6.03544,50.8505],[6.03511,50.85047],[6.03488,50.85046],[6.03471,50.85046],[6.03395,50.85041],[6.03378,50.85035],[6.03336,50.85022],[6.03326,50.85019],[6.0331,50.85021],[6.03277,50.85008],[6.03256,50.85],[6.03246,50.84994],[6.0324,50.84986],[6.03235,50.8498],[6.03217,50.84971],[6.032,50.8496],[6.03189,50.84953],[6.03164,50.84941],[6.03166,50.8494],[6.03172,50.84935],[6.0312,50.84909],[6.03064,50.84885],[6.03005,50.84859],[6.02932,50.84824],[6.02917,50.84817],[6.02898,50.84808],[6.02809,50.84771],[6.02801,50.84767],[6.02784,50.84763],[6.02753,50.84755],[6.02734,50.84751],[6.02686,50.8474],[6.02604,50.84724],[6.02565,50.84772],[6.02439,50.84729],[6.02374,50.84707],[6.0237,50.84706],[6.02322,50.84689],[6.02321,50.84689],[6.02319,50.84688],[6.02303,50.8468],[6.023,50.84678],[6.02294,50.84675],[6.02283,50.84669],[6.02279,50.84667],[6.02272,50.84663],[6.02265,50.84659],[6.0224,50.8465],[6.02221,50.84647],[6.02199,50.84639],[6.02161,50.84637],[6.02103,50.84639],[6.02088,50.84636],[6.01977,50.84629],[6.0191,50.84627],[6.01907,50.84627],[6.019,50.84626],[6.01898,50.84626],[6.01894,50.84626],[6.01893,50.84623],[6.01889,50.84614],[6.01888,50.84612],[6.01883,50.84599],[6.01874,50.84579],[6.01874,50.84578],[6.01856,50.84533],[6.01839,50.84489],[6.01827,50.84458],[6.01809,50.84413],[6.018,50.84391],[6.01796,50.84382],[6.01795,50.84378],[6.0179,50.84367],[6.01777,50.84334],[6.01747,50.84259],[6.01746,50.84256],[6.01738,50.84235],[6.01736,50.84231],[6.01731,50.84219],[6.01731,50.84217],[6.01728,50.84211],[6.01727,50.84209],[6.01726,50.84205],[6.01724,50.842],[6.01712,50.8417],[6.01683,50.841],[6.01593,50.83879],[6.01711,50.83814],[6.01742,50.83796],[6.01779,50.83774],[6.01819,50.83748],[6.0182,50.83748],[6.01843,50.83733],[6.0184,50.83727],[6.01839,50.83725],[6.0183,50.83711],[6.01829,50.83709],[6.01758,50.83594],[6.01723,50.83537],[6.0172,50.83533],[6.01711,50.83519],[6.01706,50.8351],[6.01676,50.83461],[6.01631,50.83388],[6.01631,50.83387],[6.01641,50.8337],[6.01669,50.83323],[6.01679,50.83306],[6.01711,50.83252],[6.01714,50.83248],[6.0172,50.83236],[6.01723,50.83232],[6.01755,50.83178],[6.01797,50.83106],[6.01801,50.83099],[6.01808,50.83087],[6.01811,50.83082],[6.01854,50.83009],[6.01864,50.82992],[6.01872,50.82979],[6.01871,50.82979],[6.01868,50.82977],[6.01874,50.82972],[6.01877,50.82969],[6.01902,50.82957],[6.0192,50.82952],[6.01977,50.82936],[6.01987,50.82934],[6.02058,50.82914],[6.02067,50.82911],[6.02098,50.82902],[6.02257,50.82858],[6.02258,50.82857],[6.02264,50.82856],[6.02288,50.82849],[6.02293,50.82848],[6.02307,50.82844],[6.02415,50.82814],[6.02428,50.8281],[6.02484,50.82794],[6.02499,50.8279],[6.02503,50.82789],[6.02506,50.82788],[6.02527,50.82782],[6.02526,50.82778],[6.02523,50.82777],[6.02476,50.82752],[6.02454,50.82741],[6.02452,50.82742],[6.0228,50.82663],[6.02275,50.8266],[6.02293,50.82637],[6.02395,50.8251],[6.02427,50.82383],[6.02451,50.8223],[6.02453,50.8222],[6.02455,50.82215],[6.02455,50.82212],[6.02458,50.82204],[6.0246,50.82195],[6.02463,50.82185],[6.0247,50.82159],[6.025,50.82155],[6.02513,50.82145],[6.02623,50.82037],[6.02636,50.82023],[6.02638,50.82012],[6.02635,50.82003],[6.02631,50.81995],[6.02604,50.81965],[6.02602,50.81962],[6.026,50.8196],[6.02564,50.81918],[6.02541,50.81909],[6.02536,50.81907],[6.02525,50.81903],[6.025,50.81892],[6.02499,50.81892],[6.0249,50.81888],[6.02487,50.81887],[6.02483,50.81885],[6.02478,50.81883],[6.02473,50.81881],[6.02466,50.81878],[6.02463,50.81877],[6.02458,50.81875],[6.02448,50.81871],[6.02444,50.81869],[6.02434,50.81865],[6.02409,50.81855],[6.02397,50.8185],[6.02389,50.81847],[6.02385,50.81845],[6.02372,50.8184],[6.02377,50.81826],[6.02359,50.81816],[6.02313,50.81787],[6.02229,50.81707],[6.02225,50.81703],[6.02213,50.81688],[6.0221,50.81681],[6.02247,50.8167],[6.0227,50.81663],[6.02314,50.81648],[6.02339,50.81639],[6.02411,50.81611],[6.02449,50.81592],[6.02433,50.81574],[6.02421,50.81557],[6.02409,50.81541],[6.02377,50.81506],[6.02353,50.81465],[6.02384,50.81454],[6.02503,50.81413],[6.02502,50.81412],[6.02498,50.81409],[6.02476,50.81389],[6.02442,50.81369],[6.02432,50.81365],[6.02411,50.81356],[6.02407,50.81354],[6.02402,50.81351],[6.02382,50.81342],[6.02371,50.81337],[6.02346,50.81325],[6.02333,50.81315],[6.02229,50.8127],[6.02164,50.81233],[6.02104,50.81206],[6.01977,50.81143],[6.01908,50.81107],[6.018,50.81058],[6.01717,50.81015],[6.0165,50.80978],[6.01539,50.80902],[6.01525,50.80891],[6.01497,50.8087],[6.0148,50.80856],[6.01451,50.80831],[6.01403,50.80785],[6.01386,50.80767],[6.01358,50.8073],[6.01325,50.80684],[6.01313,50.80668],[6.01271,50.80642],[6.01196,50.80575],[6.01142,50.80524],[6.01139,50.80521],[6.01127,50.80511],[6.01056,50.80441],[6.01013,50.80408],[6.00999,50.80399],[6.00968,50.80383],[6.00874,50.80336],[6.00843,50.80319],[6.00826,50.80311],[6.00789,50.80291],[6.00763,50.80275],[6.007,50.80258],[6.00618,50.80233],[6.00526,50.80204],[6.00475,50.80187],[6.00369,50.80147],[6.00357,50.80145],[6.00237,50.80218],[6.00065,50.80321],[6.00043,50.80334],[5.99994,50.8036],[5.99891,50.80412],[5.99894,50.80418],[5.99893,50.80418],[5.99889,50.8042],[5.99884,50.80421],[5.99716,50.80492],[5.99541,50.80569],[5.99501,50.80588],[5.9942,50.80628],[5.99381,50.80648],[5.99305,50.80691],[5.99278,50.80712],[5.99204,50.80755],[5.9918,50.80771],[5.99158,50.80788],[5.99138,50.80804],[5.99068,50.80838],[5.99016,50.80862],[5.98945,50.80893],[5.98943,50.80894],[5.98927,50.809],[5.98751,50.80964],[5.98691,50.80988],[5.98682,50.8099],[5.98637,50.81014],[5.98565,50.81052],[5.98551,50.81057],[5.98489,50.81042],[5.98472,50.81036],[5.98436,50.81022],[5.98349,50.80971],[5.98342,50.80967],[5.98286,50.80933],[5.98234,50.80906],[5.98193,50.80888],[5.98169,50.80876],[5.98137,50.80859],[5.98145,50.80851],[5.98143,50.8085],[5.98114,50.80818],[5.98104,50.80808],[5.98089,50.80793],[5.9807,50.80778],[5.98038,50.80747],[5.98025,50.80728],[5.98021,50.80719],[5.98017,50.80712],[5.98015,50.80685],[5.98014,50.80673],[5.98015,50.80657],[5.98016,50.80622],[5.9802,50.80579],[5.98014,50.80573],[5.97984,50.80551],[5.97939,50.80517],[5.97902,50.80495],[5.9787,50.80467],[5.97842,50.80481],[5.97793,50.80505],[5.9779,50.80506],[5.97751,50.80452],[5.97734,50.80428],[5.97703,50.80377],[5.97686,50.80353],[5.97668,50.80337],[5.97655,50.80324],[5.97629,50.80301],[5.97601,50.80271],[5.97574,50.80235],[5.97567,50.80205],[5.97563,50.80192],[5.97567,50.80143],[5.97564,50.80115],[5.97554,50.80072],[5.97547,50.80046],[5.97547,50.80023],[5.97536,50.79982],[5.97529,50.7995],[5.97521,50.79916],[5.97514,50.79864],[5.97514,50.79849],[5.97512,50.79846],[5.97498,50.79817],[5.97495,50.79809],[5.97494,50.79809],[5.9749,50.79806],[5.97487,50.79804],[5.97497,50.798],[5.97501,50.79798],[5.97507,50.79797],[5.97512,50.79796],[5.97514,50.79797],[5.97518,50.79796],[5.9752,50.79794],[5.97524,50.79794],[5.97527,50.79794],[5.9754,50.79788],[5.97545,50.79785],[5.97546,50.79784],[5.97548,50.79781],[5.97551,50.7978],[5.97554,50.79779],[5.97558,50.79778],[5.97561,50.79778],[5.97567,50.79776],[5.97575,50.79773],[5.97583,50.7977],[5.97593,50.79766],[5.97596,50.79764],[5.97597,50.79762],[5.976,50.79758],[5.97603,50.79754],[5.97605,50.79751],[5.97606,50.79749],[5.97612,50.79747],[5.97618,50.79745],[5.97636,50.79739],[5.97638,50.79739],[5.97639,50.79737],[5.97644,50.79736],[5.97646,50.79734],[5.97649,50.79731],[5.97664,50.79716],[5.97672,50.79713],[5.97686,50.79708],[5.97689,50.79706],[5.97698,50.79701],[5.977,50.79699],[5.97701,50.79696],[5.97697,50.79693],[5.97696,50.79691],[5.97697,50.7969],[5.97701,50.79685],[5.97715,50.79672],[5.97719,50.79669],[5.97723,50.79669],[5.97726,50.79669],[5.97728,50.79669],[5.97731,50.7967],[5.97734,50.79674],[5.97736,50.79676],[5.97738,50.79678],[5.9774,50.79679],[5.97744,50.7968],[5.97753,50.79683],[5.97759,50.79682],[5.97764,50.79681],[5.97767,50.79685],[5.97769,50.79687],[5.97775,50.7969],[5.97779,50.7969],[5.97783,50.79689],[5.97788,50.79685],[5.97789,50.79685],[5.978,50.79678],[5.97803,50.79678],[5.97808,50.79677],[5.97809,50.79671],[5.97811,50.79664],[5.97813,50.79662],[5.97815,50.79662],[5.97823,50.7966],[5.97823,50.79652],[5.97829,50.79648],[5.97833,50.79649],[5.9784,50.79649],[5.97846,50.79648],[5.97853,50.79646],[5.97862,50.79642],[5.97865,50.79641],[5.97871,50.79639],[5.97877,50.79639],[5.97883,50.7964],[5.97886,50.7964],[5.97903,50.79637],[5.9791,50.79632],[5.97915,50.7963],[5.97916,50.79628],[5.97914,50.79625],[5.9791,50.79625],[5.97906,50.79625],[5.97905,50.79623],[5.97906,50.7962],[5.97907,50.79617],[5.9791,50.79614],[5.97908,50.79603],[5.97908,50.79601],[5.97909,50.79599],[5.97912,50.79598],[5.97914,50.79599],[5.97928,50.796],[5.97931,50.796],[5.97933,50.79599],[5.97934,50.79597],[5.97933,50.79595],[5.9793,50.79591],[5.97928,50.79589],[5.97923,50.79586],[5.97924,50.79585],[5.97925,50.79583],[5.97936,50.79583],[5.9794,50.79584],[5.97943,50.79585],[5.97948,50.79582],[5.97951,50.79573],[5.97955,50.79568],[5.97961,50.79562],[5.97963,50.7956],[5.97968,50.79559],[5.9797,50.7956],[5.97975,50.79565],[5.97977,50.79564],[5.97981,50.79559],[5.97983,50.79555],[5.97986,50.79552],[5.97994,50.79546],[5.97996,50.79544],[5.97999,50.79541],[5.98005,50.79531],[5.98003,50.79526],[5.97995,50.79521],[5.97995,50.79518],[5.98016,50.79511],[5.98024,50.7951],[5.98031,50.7951],[5.98054,50.79513],[5.98061,50.79516],[5.98064,50.79518],[5.98068,50.79517],[5.98089,50.79509],[5.98097,50.79507],[5.98107,50.79507],[5.98116,50.79509],[5.9812,50.79509],[5.98129,50.79503],[5.98134,50.79502],[5.98142,50.79501],[5.98149,50.79501],[5.98151,50.79501],[5.98159,50.79518],[5.98163,50.79519],[5.98168,50.79518],[5.98185,50.79505],[5.98187,50.79503],[5.98192,50.79505],[5.98199,50.79514],[5.98203,50.79521],[5.98207,50.79523],[5.98212,50.79523],[5.98213,50.79523],[5.98218,50.79521],[5.98222,50.79514],[5.98226,50.79512],[5.98234,50.79514],[5.98246,50.7952],[5.98252,50.79521],[5.98256,50.79522],[5.9826,50.79523],[5.98266,50.79523],[5.98273,50.79521],[5.98279,50.79521],[5.98289,50.79518],[5.98293,50.79517],[5.98303,50.79512],[5.98309,50.79503],[5.9831,50.79493],[5.98312,50.79492],[5.98315,50.79491],[5.98329,50.79489],[5.9834,50.79489],[5.98347,50.79487],[5.98357,50.79486],[5.98363,50.79483],[5.98369,50.79483],[5.9838,50.79487],[5.98385,50.79486],[5.98395,50.79485],[5.98399,50.79483],[5.98399,50.79481],[5.98401,50.79476],[5.98405,50.79476],[5.9841,50.79477],[5.98414,50.79478],[5.9842,50.79482],[5.98423,50.79483],[5.98424,50.79486],[5.98424,50.79489],[5.98425,50.79494],[5.98427,50.79497],[5.9843,50.79499],[5.98435,50.79498],[5.98445,50.7949],[5.9845,50.79487],[5.98452,50.79485],[5.98455,50.79481],[5.98458,50.79479],[5.98465,50.7948],[5.98469,50.79484],[5.98466,50.79487],[5.98472,50.79486],[5.98494,50.79486],[5.98497,50.79485],[5.98509,50.7948],[5.98512,50.79479],[5.98514,50.79478],[5.98516,50.79476],[5.98515,50.79475],[5.98508,50.7947],[5.98505,50.79468],[5.98502,50.79467],[5.98499,50.79465],[5.98499,50.79463],[5.98501,50.7946],[5.98505,50.79459],[5.98511,50.79459],[5.98518,50.79458],[5.98515,50.79454],[5.98513,50.79452],[5.98511,50.79451],[5.98517,50.79437],[5.9852,50.79427],[5.98521,50.79425],[5.98526,50.79423],[5.98533,50.79425],[5.98536,50.79431],[5.98535,50.79433],[5.98534,50.79435],[5.98534,50.79437],[5.98536,50.79439],[5.9854,50.79442],[5.98542,50.79441],[5.98551,50.79434],[5.98555,50.7943],[5.98559,50.79422],[5.9856,50.7942],[5.98563,50.79421],[5.9857,50.79422],[5.98574,50.79422],[5.98575,50.79419],[5.9857,50.79416],[5.98571,50.79411],[5.98575,50.79408],[5.98578,50.79408],[5.98574,50.79402],[5.98566,50.79392],[5.98567,50.79389],[5.98569,50.79387],[5.98578,50.79384],[5.98586,50.79383],[5.98611,50.79383],[5.98624,50.79384],[5.98631,50.79384],[5.98633,50.79384],[5.98637,50.79383],[5.9864,50.79384],[5.98648,50.79388],[5.98651,50.79388],[5.98655,50.79388],[5.98657,50.79388],[5.98666,50.79382],[5.98671,50.79379],[5.98673,50.79378],[5.98675,50.79378],[5.98678,50.79379],[5.98683,50.79382],[5.9869,50.79385],[5.98691,50.79385],[5.98697,50.79386],[5.98698,50.79386],[5.9871,50.7939],[5.98713,50.79391],[5.98716,50.79392],[5.98722,50.79395],[5.98729,50.79404],[5.98735,50.79409],[5.9874,50.79408],[5.9875,50.79407],[5.98755,50.79403],[5.98758,50.79402],[5.98761,50.79401],[5.98763,50.794],[5.98769,50.79403],[5.98774,50.79406],[5.98784,50.79409],[5.98796,50.7941],[5.98806,50.7941],[5.98812,50.79408],[5.9882,50.79407],[5.98827,50.79405],[5.98832,50.79402],[5.98858,50.79387],[5.98885,50.79372],[5.98908,50.79359],[5.98919,50.79354],[5.9893,50.79349],[5.98936,50.79346],[5.98939,50.79343],[5.9895,50.79335],[5.98956,50.79332],[5.98963,50.79328],[5.98986,50.79316],[5.98993,50.79314],[5.99004,50.79308],[5.99013,50.79303],[5.99026,50.793],[5.99032,50.79292],[5.99057,50.79277],[5.99061,50.79274],[5.99083,50.79263],[5.99095,50.79256],[5.99106,50.7925],[5.99123,50.7924],[5.99135,50.79233],[5.99155,50.79222],[5.99179,50.79209],[5.99191,50.79202],[5.99199,50.79198],[5.99205,50.79196],[5.9922,50.79188],[5.99229,50.79185],[5.99243,50.79176],[5.99263,50.79164],[5.99274,50.79157],[5.99282,50.79154],[5.99311,50.79138],[5.99322,50.7913],[5.99341,50.79119],[5.99348,50.79113],[5.99355,50.79111],[5.99373,50.79102],[5.99383,50.79096],[5.99393,50.79091],[5.99409,50.79081],[5.99448,50.79061],[5.99461,50.79054],[5.99467,50.79049],[5.99472,50.79044],[5.99482,50.7904],[5.99489,50.79037],[5.99494,50.79034],[5.99499,50.79031],[5.99509,50.7903],[5.99511,50.79029],[5.99524,50.79029],[5.99538,50.79025],[5.99558,50.79016],[5.99568,50.79013],[5.99574,50.79011],[5.99583,50.79008],[5.99588,50.79005],[5.9959,50.79002],[5.99593,50.78999],[5.99592,50.78996],[5.99594,50.78994],[5.99594,50.7899],[5.99594,50.78987],[5.99593,50.78981],[5.99591,50.78975],[5.99591,50.7897],[5.99588,50.78951],[5.99587,50.78944],[5.99585,50.78932],[5.99586,50.7893],[5.99581,50.7892],[5.9958,50.78909],[5.99577,50.78889],[5.99574,50.78879],[5.99574,50.7887],[5.99576,50.78867],[5.99577,50.78867],[5.99578,50.7886],[5.99578,50.78857],[5.99571,50.78846],[5.99572,50.78841],[5.99572,50.78826],[5.99575,50.78807],[5.99575,50.78794],[5.99575,50.78792],[5.99573,50.78785],[5.99574,50.78776],[5.99574,50.7876],[5.99573,50.78755],[5.99578,50.78747],[5.99584,50.78741],[5.99589,50.78739],[5.99598,50.78733],[5.99605,50.7873],[5.99615,50.78725],[5.99624,50.78722],[5.99632,50.78719],[5.99644,50.78717],[5.99671,50.78706],[5.99683,50.78706],[5.9969,50.78706],[5.99695,50.78703],[5.99705,50.78695],[5.99707,50.78687],[5.99707,50.78682],[5.99707,50.78678],[5.99718,50.78672],[5.99743,50.78659],[5.99746,50.78656],[5.99748,50.78658],[5.99749,50.78659],[5.99755,50.78661],[5.99769,50.78669],[5.9979,50.78674],[5.99798,50.78675],[5.99821,50.78686],[5.99837,50.78692],[5.99847,50.78697],[5.9985,50.78698],[5.99851,50.78698],[5.99858,50.78693],[5.99863,50.7869],[5.99883,50.7868],[5.99897,50.78675],[5.99904,50.78669],[5.99906,50.78663],[5.99902,50.78654],[5.99917,50.78646],[5.99918,50.78645],[5.99923,50.78644],[5.99936,50.78641],[5.99943,50.78633],[5.99938,50.78614],[5.9995,50.78606],[5.99957,50.78601],[5.99978,50.78585],[5.99984,50.78579],[5.99984,50.78577],[5.99984,50.78566],[5.99982,50.78564],[5.9998,50.78562],[5.99977,50.7856],[5.99979,50.78557],[5.99981,50.78556],[5.99994,50.78559],[6.00002,50.78561],[6.00005,50.7856],[6.0001,50.78556],[6.00015,50.78552],[6.00025,50.7855],[6.00027,50.78549],[6.00021,50.78537],[6.00022,50.78536],[6.00034,50.78537],[6.00039,50.78537],[6.00044,50.78533],[6.00051,50.78529],[6.00058,50.78527],[6.00062,50.78529],[6.00064,50.78529],[6.00066,50.7853],[6.00068,50.78527],[6.00094,50.78516],[6.00092,50.78507],[6.00093,50.78505],[6.00094,50.78502],[6.00095,50.78499],[6.00096,50.78499],[6.00097,50.78497],[6.00099,50.78497],[6.00104,50.78496],[6.0011,50.78496],[6.00113,50.78495],[6.00116,50.78493],[6.00115,50.78487],[6.00122,50.78486],[6.00128,50.78482],[6.00128,50.78476],[6.00143,50.78471],[6.00147,50.7847],[6.00162,50.78472],[6.00168,50.78471],[6.00176,50.78467],[6.00183,50.78465],[6.00183,50.78458],[6.00189,50.7845],[6.0019,50.78449],[6.002,50.78443],[6.00204,50.78438],[6.00201,50.78433],[6.00206,50.78428],[6.00209,50.78424],[6.00213,50.78419],[6.00226,50.78417],[6.00248,50.78421],[6.00255,50.78419],[6.0026,50.78414],[6.00262,50.78412],[6.00262,50.78407],[6.00267,50.78405],[6.0028,50.78401],[6.00285,50.784],[6.00304,50.78407],[6.00315,50.78409],[6.00327,50.78406],[6.0034,50.78401],[6.00352,50.78399],[6.00358,50.78393],[6.00374,50.78386],[6.00376,50.78386],[6.00401,50.78393],[6.00409,50.78387],[6.00424,50.78381],[6.00425,50.78379],[6.00418,50.78376],[6.00416,50.78374],[6.00416,50.78373],[6.0042,50.7837],[6.00429,50.78368],[6.00434,50.7837],[6.00436,50.78371],[6.00443,50.78373],[6.00454,50.78374],[6.00466,50.78361],[6.00467,50.78358],[6.0047,50.78351],[6.00473,50.78351],[6.00485,50.78348],[6.00493,50.78345],[6.005,50.78343],[6.00503,50.78342],[6.00523,50.7835],[6.00533,50.78346],[6.00551,50.78337],[6.00555,50.7833],[6.00556,50.78326],[6.00559,50.78321],[6.00561,50.78311],[6.00579,50.78305],[6.00582,50.78297],[6.0059,50.78291],[6.006,50.78289],[6.00603,50.78285],[6.00605,50.7828],[6.00613,50.78274],[6.00618,50.78269],[6.00619,50.78266],[6.00614,50.78262],[6.00614,50.7826],[6.0063,50.78252],[6.00631,50.78248],[6.0063,50.78242],[6.00635,50.78234],[6.00656,50.78232],[6.00661,50.7823],[6.00664,50.78225],[6.00662,50.78221],[6.00652,50.78218],[6.00651,50.78217],[6.00648,50.78212],[6.00654,50.78206],[6.00658,50.78197],[6.00655,50.78191],[6.00656,50.7819],[6.00663,50.78187],[6.00672,50.78186],[6.00676,50.78186],[6.00686,50.78189],[6.00689,50.7819],[6.00696,50.7819],[6.00701,50.78189],[6.00712,50.78182],[6.00721,50.78173],[6.00722,50.7817],[6.00735,50.78162],[6.00742,50.78157],[6.00746,50.78156],[6.00756,50.78157],[6.00759,50.78157],[6.00776,50.78152],[6.00787,50.78145],[6.00805,50.78136],[6.00816,50.78132],[6.00839,50.7813],[6.00847,50.78127],[6.00853,50.78125],[6.00858,50.78123],[6.00865,50.78122],[6.0087,50.7812],[6.00886,50.78115],[6.00906,50.7811],[6.00911,50.78106],[6.00912,50.78103],[6.00914,50.78102],[6.00916,50.781],[6.00924,50.78097],[6.00935,50.78097],[6.00957,50.78096],[6.00961,50.78088],[6.00964,50.78081],[6.00972,50.78074],[6.00969,50.78067],[6.00978,50.78062],[6.00981,50.78059],[6.00982,50.78058],[6.00994,50.78048],[6.00999,50.78045],[6.0101,50.78043],[6.01016,50.78047],[6.01021,50.7805],[6.01028,50.7805],[6.01037,50.7805],[6.01054,50.78042],[6.01055,50.78041],[6.01055,50.78038],[6.01049,50.78036],[6.0105,50.78027],[6.01053,50.78026],[6.01056,50.78025],[6.01061,50.78023],[6.01065,50.78024],[6.01066,50.78024],[6.0107,50.78024],[6.01073,50.78024],[6.01074,50.78022],[6.01077,50.78019],[6.01086,50.78016],[6.01092,50.7802],[6.01102,50.78023],[6.01104,50.78024],[6.01108,50.78025],[6.0111,50.78026],[6.01126,50.78025],[6.01134,50.78026],[6.01141,50.78026],[6.01145,50.78025],[6.01149,50.78024],[6.01152,50.78021],[6.01153,50.7802],[6.01156,50.78016],[6.01164,50.78015],[6.01166,50.78015],[6.01176,50.78017],[6.01182,50.78016],[6.01189,50.7802],[6.01192,50.78021],[6.01208,50.78022],[6.01213,50.78012],[6.01214,50.78011],[6.0122,50.78011],[6.01228,50.78012],[6.01237,50.78011],[6.0124,50.7801],[6.01245,50.78009],[6.0125,50.78008],[6.01252,50.78008],[6.01255,50.78004],[6.01257,50.78003],[6.01261,50.78003],[6.01263,50.78003],[6.0127,50.78004],[6.01271,50.78004],[6.01275,50.78005],[6.01281,50.78],[6.01283,50.77999],[6.01292,50.77998],[6.01298,50.77998],[6.01302,50.77997],[6.01306,50.77994],[6.01309,50.77989],[6.01314,50.77987],[6.01322,50.77988],[6.01325,50.77987],[6.01329,50.77985],[6.01333,50.7798],[6.01338,50.77977],[6.01342,50.77974],[6.01345,50.7797],[6.01344,50.77967],[6.0134,50.77964],[6.01339,50.77963],[6.01341,50.77954],[6.01339,50.7795],[6.01344,50.77947],[6.01372,50.7795],[6.01386,50.77953],[6.01406,50.77953],[6.01427,50.77953],[6.01431,50.77953],[6.01433,50.77953],[6.01437,50.77955],[6.01443,50.77957],[6.01446,50.77953],[6.01446,50.77951],[6.01443,50.77947],[6.01443,50.77945],[6.01447,50.77944],[6.01448,50.77944],[6.01453,50.77943],[6.01454,50.77942],[6.01458,50.77939],[6.01463,50.77935],[6.01466,50.7793],[6.01467,50.77928],[6.01468,50.77927],[6.01475,50.77924],[6.01484,50.77918],[6.01491,50.77913],[6.01494,50.7791],[6.01495,50.77908],[6.01501,50.77906],[6.01507,50.77903],[6.01511,50.77899],[6.01515,50.77898],[6.01524,50.77895],[6.01527,50.77894],[6.01531,50.77895],[6.01536,50.77895],[6.01541,50.77894],[6.01543,50.77893],[6.01546,50.7789],[6.0155,50.77886],[6.01555,50.77882],[6.01564,50.7788],[6.01571,50.77878],[6.01572,50.77878],[6.01576,50.77878],[6.01589,50.77882],[6.01593,50.77882],[6.01601,50.77879],[6.01607,50.77877],[6.01609,50.77875],[6.01621,50.7787],[6.01626,50.77871],[6.0163,50.77871],[6.01636,50.77868],[6.01655,50.7786],[6.01656,50.77859],[6.01659,50.77859],[6.01661,50.77858],[6.01666,50.77862],[6.0167,50.77863],[6.01692,50.77864],[6.01695,50.77864],[6.017,50.77863],[6.01702,50.77863],[6.01704,50.77862],[6.01706,50.77862],[6.01708,50.77862],[6.01712,50.77867],[6.01714,50.77868],[6.01715,50.77868],[6.01725,50.77864],[6.01729,50.77862],[6.01734,50.7786],[6.01738,50.77859],[6.01742,50.77856],[6.01744,50.77849],[6.01744,50.77843],[6.01746,50.77841],[6.0175,50.77841],[6.01754,50.77841],[6.01755,50.7784],[6.01757,50.77837],[6.01756,50.77828],[6.01756,50.77824],[6.01758,50.77822],[6.01761,50.7782],[6.01763,50.77819],[6.01766,50.77813],[6.01766,50.77809],[6.01766,50.77806],[6.01762,50.77803],[6.01765,50.778],[6.01772,50.77797],[6.01778,50.77796],[6.01782,50.77795],[6.01787,50.77795],[6.01793,50.77795],[6.01795,50.77793],[6.01796,50.77785],[6.01798,50.77784],[6.01803,50.77783],[6.01807,50.77782],[6.01811,50.7778],[6.01824,50.7778],[6.01829,50.77779],[6.01835,50.77777],[6.01844,50.77773],[6.01854,50.77771],[6.01858,50.7777],[6.0186,50.77769],[6.01866,50.77768],[6.01868,50.77768],[6.01869,50.77771],[6.01874,50.77772],[6.01883,50.7777],[6.01891,50.77769],[6.01896,50.77767],[6.01902,50.77761],[6.01906,50.77759],[6.0191,50.77756],[6.01907,50.77753],[6.019,50.77749],[6.019,50.77747],[6.01904,50.77744],[6.01916,50.7774],[6.01923,50.77739],[6.01931,50.77738],[6.01939,50.77736],[6.01951,50.77733],[6.01953,50.77732],[6.01956,50.77731],[6.01957,50.77731],[6.01966,50.77729],[6.01969,50.7773],[6.0198,50.77728],[6.01985,50.77725],[6.01991,50.77719],[6.01995,50.77718],[6.02008,50.77717],[6.02014,50.77716],[6.02016,50.77715],[6.02014,50.77712],[6.02012,50.7771],[6.02014,50.77709],[6.02023,50.7771],[6.02024,50.77709],[6.02021,50.77695],[6.02032,50.77691],[6.02037,50.7769],[6.02045,50.77689],[6.02049,50.77689],[6.02053,50.77686],[6.02053,50.77685],[6.02044,50.7768],[6.02041,50.77676],[6.02041,50.77672],[6.02039,50.77668],[6.02035,50.77664],[6.02031,50.77664],[6.02025,50.77664],[6.02022,50.77661],[6.02024,50.77658],[6.02029,50.77651],[6.02033,50.77649],[6.02042,50.77646],[6.02053,50.77646],[6.02069,50.77643],[6.02079,50.77639],[6.02084,50.77637],[6.02085,50.77637],[6.02087,50.77641],[6.02088,50.7764],[6.02094,50.77639],[6.02096,50.77639],[6.02101,50.7763],[6.02105,50.77628],[6.02109,50.7763],[6.02115,50.77625],[6.02121,50.77626],[6.02127,50.77625],[6.02128,50.77625],[6.02131,50.77628],[6.02133,50.7763],[6.02136,50.77632],[6.0214,50.77632],[6.02143,50.77633],[6.0215,50.77636],[6.02151,50.77634],[6.02152,50.77633],[6.02153,50.7763],[6.02148,50.77628],[6.02151,50.77625],[6.02153,50.77623],[6.02158,50.77623],[6.0216,50.77622],[6.02169,50.77621],[6.02175,50.77622],[6.02179,50.7762],[6.02187,50.7762],[6.02193,50.77619],[6.02195,50.7762],[6.02197,50.77619],[6.02201,50.77617],[6.02207,50.77616],[6.0221,50.77615],[6.02213,50.7761],[6.02214,50.77608],[6.02216,50.77604],[6.02217,50.77602],[6.02221,50.77601],[6.02228,50.77605],[6.0224,50.77608],[6.02248,50.77608],[6.02253,50.7761],[6.02255,50.77611],[6.02258,50.77611],[6.02267,50.77611],[6.02273,50.77611],[6.02277,50.77613],[6.02284,50.77606],[6.02286,50.77606],[6.02291,50.77604],[6.02301,50.77606],[6.02312,50.77606],[6.02318,50.77606],[6.02327,50.77603],[6.02336,50.77601],[6.02342,50.776],[6.02348,50.77597],[6.02355,50.77597],[6.02358,50.77596],[6.02362,50.77596],[6.02365,50.77595],[6.02368,50.77596],[6.02372,50.77598],[6.02379,50.77603],[6.0238,50.77603],[6.02385,50.77604],[6.0239,50.77604],[6.02394,50.77603],[6.02396,50.77603],[6.02403,50.77605],[6.02408,50.77604],[6.02409,50.77602],[6.02409,50.776],[6.02409,50.77598],[6.02412,50.77597],[6.02413,50.77596],[6.0242,50.77599],[6.02422,50.77597],[6.02425,50.77594],[6.02426,50.7759],[6.02429,50.77587],[6.02436,50.77583],[6.02437,50.77582],[6.02439,50.7758],[6.02442,50.77575],[6.02445,50.77574],[6.02448,50.77575],[6.02453,50.77573],[6.02458,50.7757],[6.02463,50.77568],[6.02472,50.77565],[6.02474,50.77564],[6.02479,50.77562],[6.02484,50.77563],[6.02489,50.77563],[6.02494,50.77561],[6.02496,50.77559],[6.025,50.77558],[6.02502,50.7756],[6.02509,50.77559],[6.02516,50.77557],[6.02529,50.77554],[6.02536,50.77555],[6.0254,50.77558],[6.02542,50.77559],[6.02547,50.77559],[6.02553,50.77558],[6.02561,50.77555],[6.02571,50.7755],[6.02575,50.77549],[6.02577,50.77548],[6.02579,50.77547],[6.02582,50.77545],[6.02583,50.77545],[6.02603,50.77553],[6.02605,50.77554],[6.02608,50.77554],[6.02612,50.77553],[6.02613,50.77551],[6.02614,50.77547],[6.02615,50.77542],[6.02616,50.77541],[6.02616,50.7754],[6.02616,50.77539],[6.02615,50.77538],[6.02621,50.77533],[6.02624,50.77531],[6.02624,50.77529],[6.02627,50.77524],[6.02639,50.77519],[6.02643,50.77516],[6.02647,50.77512],[6.02651,50.77504],[6.02653,50.77502],[6.02654,50.77502],[6.02661,50.77502],[6.02677,50.77494],[6.02682,50.7749],[6.02685,50.77487],[6.02688,50.77486],[6.0269,50.77486],[6.0269,50.77483],[6.0269,50.77477],[6.02692,50.77475],[6.02692,50.77471],[6.02692,50.77467],[6.02691,50.77461],[6.0269,50.77457],[6.02692,50.77454],[6.02691,50.7745],[6.02689,50.77445],[6.02688,50.77443],[6.02688,50.77441],[6.02699,50.7744],[6.02699,50.77437],[6.02695,50.7743],[6.02699,50.77424],[6.02705,50.77421],[6.0271,50.77421],[6.02719,50.77422],[6.02724,50.77421],[6.02738,50.77419],[6.02743,50.7742],[6.02756,50.77421],[6.02759,50.77421],[6.02764,50.77418],[6.02766,50.77416],[6.02764,50.77412],[6.0276,50.77407],[6.02761,50.77406],[6.02766,50.77405],[6.02772,50.77398],[6.02773,50.77395],[6.02775,50.77392],[6.02774,50.7739],[6.02773,50.77388],[6.02771,50.77386],[6.02771,50.77384],[6.02776,50.77386],[6.0278,50.77386],[6.02784,50.77385],[6.02786,50.77384],[6.02786,50.77381],[6.02784,50.7737],[6.02786,50.77366],[6.02787,50.77365],[6.02789,50.77363],[6.02789,50.77361],[6.02791,50.77357],[6.02793,50.7735],[6.02789,50.77348],[6.02776,50.77342],[6.02757,50.77333],[6.02724,50.77317],[6.02718,50.77314],[6.02713,50.77311],[6.02708,50.77308],[6.02702,50.77305],[6.02697,50.77302],[6.02692,50.77298],[6.02687,50.77295],[6.02682,50.77292],[6.02677,50.77289],[6.02673,50.77285],[6.02668,50.77282],[6.02664,50.77278],[6.0266,50.77275],[6.02655,50.77271],[6.02651,50.77267],[6.02647,50.77263],[6.02644,50.7726],[6.0264,50.77256],[6.02636,50.77252],[6.02633,50.77248],[6.02609,50.77219],[6.02585,50.77191],[6.02547,50.77146],[6.02515,50.77108],[6.02514,50.77107],[6.02511,50.77106],[6.025,50.77099],[6.02498,50.77098],[6.02497,50.77097],[6.02496,50.77097],[6.0249,50.7709],[6.02484,50.77083],[6.02479,50.77078],[6.02455,50.77054],[6.02452,50.77051],[6.02449,50.77047],[6.02444,50.77042],[6.02442,50.7704],[6.02439,50.77036],[6.02434,50.7703],[6.02429,50.77024],[6.02424,50.77019],[6.0242,50.77014],[6.02416,50.77009],[6.02411,50.77003],[6.02405,50.76996],[6.02401,50.76991],[6.02397,50.76987],[6.02391,50.7698],[6.02384,50.76972],[6.0238,50.76967],[6.02373,50.76959],[6.02346,50.7693],[6.02334,50.76912],[6.02326,50.76899],[6.02325,50.76898],[6.02325,50.76896],[6.02324,50.76888],[6.02323,50.76886],[6.02325,50.76885],[6.02326,50.76884],[6.02327,50.76882],[6.02325,50.76877],[6.02313,50.76861],[6.02292,50.76843],[6.02274,50.76849],[6.02259,50.76822],[6.02222,50.76753],[6.02214,50.7674],[6.02169,50.76657],[6.02152,50.76638],[6.02141,50.76623],[6.02122,50.76606],[6.02097,50.76588],[6.02086,50.7658],[6.02077,50.76567],[6.02062,50.76552],[6.02036,50.7653],[6.01975,50.7649],[6.01961,50.7648],[6.01919,50.76453],[6.01906,50.76441],[6.01872,50.76385],[6.0186,50.76369],[6.01841,50.76342],[6.01836,50.76336],[6.0184,50.76319],[6.01847,50.76305],[6.01853,50.76282],[6.01861,50.76263],[6.01865,50.76244],[6.01873,50.76227],[6.01875,50.76216],[6.01878,50.76173],[6.01885,50.76156],[6.01888,50.76133],[6.01896,50.76107],[6.01898,50.76092],[6.01905,50.76065],[6.01918,50.76031],[6.01922,50.75997],[6.01936,50.75957],[6.01943,50.75945],[6.01951,50.75916],[6.01959,50.7587],[6.01964,50.75858],[6.01967,50.75837],[6.01986,50.75777],[6.01997,50.75759],[6.02009,50.75734],[6.02024,50.75697],[6.02032,50.75672],[6.02044,50.7563],[6.02049,50.75605],[6.02059,50.75583],[6.02066,50.75552],[6.02082,50.75499],[6.02088,50.75469],[6.02101,50.75429],[6.02104,50.75413],[6.0211,50.75401],[6.02119,50.75385],[6.02124,50.75373],[6.02133,50.75351],[6.02138,50.75347],[6.02141,50.75342],[6.02149,50.75334],[6.02176,50.75317],[6.02218,50.75303],[6.02295,50.75273],[6.02385,50.75235],[6.02456,50.7521],[6.02557,50.75171],[6.02649,50.75125],[6.02699,50.75102],[6.02733,50.75083],[6.02794,50.75059],[6.02839,50.75041],[6.02906,50.75014],[6.0291,50.75013],[6.02907,50.75011],[6.02885,50.74997],[6.02878,50.74993],[6.0285,50.74968],[6.02816,50.74915],[6.02755,50.74801],[6.02818,50.74778],[6.02841,50.74819],[6.02893,50.74891],[6.02982,50.74979],[6.03055,50.74948],[6.03109,50.74924],[6.03155,50.74906],[6.03195,50.7489],[6.03233,50.74874],[6.03308,50.7484],[6.03339,50.74828],[6.03403,50.74803],[6.03421,50.74799],[6.03448,50.74788],[6.03507,50.74767],[6.03544,50.74751],[6.03569,50.74743],[6.03607,50.74726],[6.03642,50.74711],[6.03657,50.74708],[6.03716,50.74679],[6.03825,50.74634],[6.03857,50.74626],[6.03865,50.74623],[6.03871,50.7462],[6.03873,50.74619],[6.03902,50.7461],[6.03926,50.74603],[6.0394,50.74594],[6.03973,50.74581],[6.0403,50.74558],[6.04044,50.7455],[6.04029,50.74506],[6.04016,50.74465],[6.04001,50.74421],[6.03987,50.74377],[6.03979,50.74352],[6.03963,50.74303],[6.03963,50.74302],[6.03943,50.74237],[6.03942,50.74237],[6.03948,50.7423],[6.03991,50.74172],[6.04043,50.74101],[6.04072,50.74041],[6.04037,50.73943],[6.03996,50.73827],[6.03995,50.73823],[6.03984,50.73794],[6.03967,50.73747],[6.03798,50.73642],[6.03723,50.73597],[6.03669,50.73552],[6.0363,50.7352],[6.03622,50.73514],[6.036,50.73495],[6.03575,50.73475],[6.03546,50.7345],[6.03525,50.73433],[6.03486,50.73401],[6.03475,50.73392],[6.03423,50.73348],[6.03419,50.73345],[6.03427,50.73335],[6.03464,50.73288],[6.03469,50.73281],[6.03483,50.7327],[6.03493,50.73257],[6.03499,50.73245],[6.035,50.73242],[6.03492,50.73189],[6.03479,50.73173],[6.03468,50.73164],[6.03459,50.73157],[6.03419,50.73136],[6.03413,50.73133],[6.03397,50.73127],[6.03365,50.73116],[6.03358,50.73113],[6.03336,50.73106],[6.03322,50.73101],[6.03318,50.73098],[6.03315,50.73096],[6.03315,50.73093],[6.03315,50.7309],[6.03319,50.7308],[6.0332,50.73077],[6.03323,50.7307],[6.03319,50.73066],[6.03335,50.7303],[6.03338,50.73025],[6.03345,50.73016],[6.03351,50.73009],[6.03366,50.72995],[6.03382,50.72981],[6.03402,50.72966],[6.03415,50.72957],[6.03424,50.72952],[6.03428,50.72952],[6.03431,50.72951],[6.03438,50.72945],[6.03429,50.72923],[6.03423,50.72909],[6.03426,50.72899],[6.03428,50.72887],[6.03429,50.72883],[6.03432,50.72871],[6.03429,50.72818],[6.03428,50.72807],[6.03424,50.72796],[6.0342,50.72791],[6.03387,50.72767],[6.03364,50.72746],[6.03337,50.72716],[6.03331,50.72708],[6.03324,50.72698],[6.03323,50.72685],[6.03331,50.72658],[6.03331,50.72629],[6.03331,50.72627],[6.03331,50.72623],[6.03333,50.72622],[6.03339,50.72617],[6.03343,50.72614],[6.03351,50.72618],[6.03388,50.72642],[6.03392,50.72639],[6.03404,50.7263],[6.03442,50.72604],[6.0345,50.72599],[6.03451,50.72598],[6.03454,50.72596],[6.03453,50.72589],[6.03446,50.7259],[6.03439,50.72586],[6.03437,50.7258],[6.03434,50.72576],[6.03437,50.72573],[6.03435,50.7257],[6.03435,50.72569],[6.0343,50.72567],[6.03429,50.72568],[6.03428,50.72569],[6.03427,50.72571],[6.03424,50.7257],[6.03423,50.72568],[6.03424,50.72566],[6.03425,50.72565],[6.03425,50.72564],[6.03429,50.72563],[6.03431,50.72561],[6.03429,50.72559],[6.03428,50.72556],[6.03424,50.72555],[6.03424,50.72558],[6.03423,50.72559],[6.03421,50.72558],[6.03418,50.72557],[6.0342,50.72556],[6.03422,50.72555],[6.03418,50.72547],[6.03426,50.72547],[6.03427,50.72545],[6.03431,50.7254],[6.03428,50.72538],[6.03427,50.72536],[6.03421,50.72535],[6.03419,50.72534],[6.0342,50.72534],[6.0343,50.7253],[6.03431,50.72529],[6.03536,50.72484],[6.03538,50.72483],[6.03542,50.72481],[6.03544,50.7248],[6.03547,50.72478],[6.03551,50.72476],[6.03563,50.72472],[6.03572,50.72467],[6.0359,50.72464],[6.03597,50.7246],[6.03606,50.72451],[6.03616,50.72455],[6.03621,50.72457],[6.03623,50.72457],[6.03628,50.72458],[6.03635,50.7246],[6.03666,50.72468],[6.03679,50.72468],[6.03707,50.72476],[6.03734,50.72482],[6.03756,50.72487],[6.03761,50.72487],[6.03778,50.7248],[6.03736,50.72425],[6.03719,50.72402],[6.03715,50.72389],[6.03704,50.72349],[6.037,50.72337],[6.03697,50.72325],[6.03692,50.72297],[6.0369,50.72284],[6.03687,50.72266],[6.0368,50.72179],[6.0368,50.72178],[6.0368,50.72169],[6.0368,50.72168],[6.03681,50.72166],[6.03681,50.72152],[6.03684,50.72138],[6.03677,50.72024],[6.03675,50.72],[6.03679,50.71999],[6.037,50.71992],[6.03704,50.71991],[6.03718,50.71977],[6.03724,50.71969],[6.03738,50.71955],[6.03754,50.71946],[6.03758,50.71945],[6.03762,50.71942],[6.03781,50.71932],[6.03813,50.71914],[6.03875,50.71877],[6.0389,50.71869],[6.03944,50.71838],[6.0395,50.71836],[6.03957,50.71833],[6.0397,50.71828],[6.03971,50.71828],[6.03987,50.71828],[6.03992,50.71831],[6.03999,50.71832],[6.04007,50.71832],[6.04023,50.71834],[6.04029,50.71832],[6.04046,50.71836],[6.04056,50.71837],[6.04085,50.71839],[6.04093,50.7184],[6.04101,50.71842],[6.04115,50.71847],[6.0412,50.71848],[6.04131,50.71851],[6.04138,50.71853],[6.0414,50.71853],[6.04148,50.7188],[6.04162,50.71951],[6.04177,50.72001],[6.04178,50.72003],[6.04178,50.72004],[6.04183,50.72033],[6.0419,50.72063],[6.04194,50.72077],[6.04193,50.72086],[6.04194,50.72089],[6.04195,50.72094],[6.04213,50.72143],[6.04225,50.72174],[6.04236,50.72196],[6.04251,50.72221],[6.04273,50.7227],[6.04273,50.72272],[6.04276,50.72279],[6.04272,50.7235],[6.04271,50.72363],[6.04275,50.72366],[6.04281,50.7237],[6.04293,50.724],[6.04295,50.72405],[6.04296,50.72407],[6.04318,50.72485],[6.04329,50.72503],[6.04341,50.72517],[6.04348,50.7253],[6.04349,50.72533],[6.04351,50.72538],[6.04355,50.72548],[6.04358,50.72569],[6.04359,50.72585],[6.04358,50.7259],[6.04361,50.72596],[6.04378,50.72609],[6.04391,50.72628],[6.04395,50.7264],[6.04395,50.72658],[6.0439,50.72703],[6.04414,50.72732],[6.04415,50.72733],[6.04414,50.72736],[6.04411,50.7276],[6.04414,50.72766],[6.04421,50.72781],[6.04428,50.72792],[6.04446,50.72843],[6.04463,50.72841],[6.04465,50.7284],[6.04475,50.72838],[6.04482,50.72836],[6.04496,50.72832],[6.04522,50.72822],[6.04568,50.7281],[6.04582,50.72806],[6.04617,50.72795],[6.04643,50.72788],[6.04671,50.72777],[6.04676,50.72775],[6.04687,50.72763],[6.04698,50.72755],[6.04719,50.72747],[6.04735,50.72737],[6.04748,50.72723],[6.04753,50.7272],[6.04761,50.72717],[6.0479,50.72698],[6.04801,50.72696],[6.04818,50.72693],[6.04826,50.72689],[6.0486,50.7267],[6.04902,50.72647],[6.04908,50.72643],[6.04929,50.72628],[6.04949,50.72615],[6.04977,50.72603],[6.04982,50.726],[6.04994,50.72601],[6.05031,50.72595],[6.05065,50.72588],[6.05128,50.72579],[6.05177,50.72566],[6.05246,50.72543],[6.05289,50.72534],[6.05403,50.72514],[6.05499,50.72493],[6.05562,50.72476],[6.05574,50.72473],[6.05655,50.72458],[6.05723,50.72443],[6.05787,50.72431],[6.0582,50.72425],[6.05898,50.72408],[6.05954,50.72397],[6.05993,50.7239],[6.06068,50.72374],[6.06078,50.72371],[6.06124,50.72362],[6.06161,50.72354],[6.06189,50.72349],[6.06341,50.7232],[6.06344,50.72319],[6.06347,50.72319],[6.06384,50.72311],[6.06414,50.72305],[6.06446,50.72298],[6.0651,50.72285],[6.06618,50.72261],[6.06662,50.72251],[6.06726,50.72237],[6.0675,50.72232],[6.06822,50.72215],[6.06872,50.72203],[6.07004,50.72174],[6.07042,50.72165],[6.07046,50.72164],[6.07116,50.72147],[6.07118,50.72147],[6.07315,50.72101],[6.07317,50.72096],[6.07331,50.72094],[6.07364,50.72097],[6.07369,50.72097],[6.07389,50.72099],[6.07667,50.72113],[6.07705,50.72115],[6.07872,50.72122],[6.07874,50.72123],[6.08022,50.7213],[6.08046,50.7213],[6.08066,50.72132],[6.08087,50.72134],[6.08179,50.72138],[6.08193,50.72138],[6.08361,50.72144],[6.08405,50.72145],[6.08427,50.72146],[6.08498,50.72144],[6.08546,50.72142],[6.08594,50.72142],[6.08663,50.72142],[6.08722,50.72143],[6.08725,50.72143],[6.08729,50.72143],[6.0876,50.72144],[6.08767,50.72144],[6.08778,50.72144],[6.0879,50.72144],[6.08796,50.72144],[6.08811,50.72143],[6.08841,50.72154],[6.0891,50.72183],[6.08961,50.72206],[6.09,50.72221],[6.09003,50.72223],[6.09009,50.72225],[6.0902,50.72229],[6.09021,50.72229],[6.09023,50.72231],[6.09027,50.72232],[6.09028,50.72232],[6.09033,50.72234],[6.09165,50.72287],[6.09171,50.72271],[6.09182,50.72257],[6.09191,50.72247],[6.09249,50.72204],[6.09251,50.72203],[6.09266,50.72191],[6.09321,50.72147],[6.09424,50.7207],[6.09482,50.72027],[6.09485,50.72026],[6.09499,50.72038],[6.09535,50.72076],[6.09568,50.72112],[6.09571,50.72115],[6.09585,50.72128],[6.09615,50.72158],[6.09667,50.72214],[6.09701,50.72242],[6.0972,50.72257],[6.09755,50.7228],[6.09781,50.72302],[6.09792,50.72314],[6.09804,50.72319],[6.09811,50.72321],[6.0983,50.72323],[6.09931,50.72331],[6.1,50.72336],[6.10046,50.72334],[6.10073,50.72331],[6.10123,50.72329],[6.10145,50.72329],[6.10242,50.72326],[6.10263,50.72324],[6.1029,50.72322],[6.10331,50.72324],[6.10342,50.72324],[6.10547,50.72317],[6.10584,50.72315],[6.10615,50.72314],[6.1068,50.72312],[6.10714,50.7231],[6.1075,50.72309],[6.10765,50.72308],[6.10834,50.72304],[6.10945,50.72297],[6.10973,50.72295],[6.11067,50.72289],[6.11073,50.72351],[6.11131,50.7233],[6.1114,50.72327],[6.11278,50.72279],[6.11283,50.72278],[6.11284,50.72277],[6.1129,50.72276],[6.11291,50.72275],[6.11295,50.72274],[6.11348,50.7226],[6.1138,50.72251],[6.11424,50.7224],[6.11469,50.72228],[6.11473,50.72223],[6.11502,50.72206],[6.11537,50.72191],[6.11579,50.72165],[6.11588,50.72161],[6.11593,50.72158],[6.11603,50.72149],[6.11609,50.72142],[6.11627,50.7212],[6.11646,50.72102],[6.11656,50.72093],[6.1167,50.72086],[6.1169,50.72077],[6.11703,50.72072],[6.11742,50.72055],[6.11758,50.72047],[6.11768,50.72043],[6.11786,50.72033],[6.11792,50.7203],[6.11824,50.72019],[6.11829,50.72013],[6.1184,50.71999],[6.11846,50.71995],[6.11867,50.7197],[6.11873,50.71966],[6.11893,50.71983],[6.11932,50.71959],[6.11946,50.71941],[6.11965,50.71917],[6.11951,50.71919],[6.11963,50.71908],[6.11991,50.71884],[6.11997,50.71879],[6.12036,50.71845],[6.12044,50.71838],[6.12048,50.71835],[6.12054,50.71829],[6.12062,50.71823],[6.121,50.71789],[6.12112,50.71779],[6.12139,50.71755],[6.12141,50.71753],[6.1214,50.7175],[6.12125,50.71751],[6.1211,50.71751],[6.12101,50.7175],[6.12095,50.71749],[6.12085,50.71746],[6.12117,50.71683],[6.12131,50.71653],[6.12179,50.71549],[6.12183,50.71539],[6.1219,50.71533],[6.12182,50.71522],[6.12168,50.71506],[6.1216,50.71492],[6.12181,50.7144],[6.12184,50.71433],[6.12189,50.71426],[6.12229,50.71382],[6.12311,50.71281],[6.12314,50.71278],[6.12317,50.71274],[6.12319,50.71273],[6.1232,50.71273],[6.12331,50.71269],[6.12337,50.71273],[6.12349,50.71267],[6.1236,50.71259],[6.12368,50.71251],[6.12422,50.71187],[6.12458,50.71142],[6.12461,50.71143],[6.12483,50.71112],[6.12487,50.71094],[6.12491,50.71055],[6.12493,50.71038],[6.12492,50.71027],[6.12493,50.70995],[6.12494,50.70987],[6.12498,50.7096],[6.12496,50.70955],[6.12487,50.70941],[6.1248,50.70933],[6.12471,50.70921],[6.12428,50.70866],[6.12402,50.70833],[6.1238,50.70803],[6.12365,50.70784],[6.12328,50.70735],[6.12327,50.70731],[6.12327,50.70727],[6.12327,50.70722],[6.12329,50.70718],[6.12332,50.70714],[6.12344,50.70697],[6.12362,50.7068],[6.12415,50.70636],[6.12475,50.70584],[6.12666,50.70423],[6.12803,50.70307],[6.12805,50.70306],[6.12857,50.70262],[6.1296,50.70176],[6.12991,50.70148],[6.13002,50.70136],[6.13033,50.7011],[6.13034,50.70109],[6.13084,50.70063],[6.13169,50.69991],[6.13172,50.69988],[6.13177,50.69983],[6.13198,50.69965],[6.13215,50.69954],[6.13266,50.69925],[6.1329,50.69911],[6.13306,50.69895],[6.13316,50.69882],[6.13321,50.69871],[6.13321,50.6986],[6.1331,50.69778],[6.13317,50.69739],[6.1332,50.69722],[6.13332,50.69647],[6.13335,50.69629],[6.13339,50.69625],[6.13426,50.69561],[6.13427,50.6956],[6.13437,50.69553],[6.13442,50.6955],[6.1347,50.6953],[6.13524,50.69493],[6.13602,50.69466],[6.13635,50.69454],[6.13693,50.69434],[6.13697,50.69433],[6.13703,50.69431],[6.13929,50.6936],[6.13944,50.69356],[6.13951,50.6935],[6.13956,50.69344],[6.13949,50.69319],[6.13943,50.693],[6.13942,50.69284],[6.13937,50.69263],[6.13935,50.69255],[6.13928,50.69238],[6.13919,50.69224],[6.1393,50.69221],[6.13933,50.6922],[6.13944,50.69217],[6.13949,50.69214],[6.13941,50.69202],[6.14106,50.6904],[6.1411,50.69038],[6.14115,50.69035],[6.1412,50.69041],[6.14128,50.6905],[6.14141,50.69051],[6.14158,50.69046],[6.14168,50.69041],[6.14192,50.69027],[6.14205,50.69033],[6.14241,50.69006],[6.14252,50.68998],[6.14265,50.68984],[6.14262,50.68982],[6.14283,50.68964],[6.14286,50.68956],[6.14278,50.68953],[6.14272,50.68953],[6.14276,50.68947],[6.14306,50.68923],[6.14318,50.68911],[6.14329,50.68906],[6.14339,50.68895],[6.14361,50.68882],[6.14365,50.68877],[6.14346,50.68854],[6.14337,50.68845],[6.14222,50.68693],[6.14224,50.68688],[6.14224,50.68687],[6.14225,50.68686],[6.14229,50.68677],[6.14309,50.68524],[6.14312,50.68519],[6.14314,50.68516],[6.14315,50.68513],[6.14352,50.68449],[6.14446,50.68279],[6.14411,50.68158],[6.14415,50.68157],[6.14422,50.68155],[6.1443,50.68154],[6.1451,50.68145],[6.14511,50.68145],[6.14512,50.68145],[6.14544,50.68144],[6.14556,50.68141],[6.14573,50.68133],[6.14618,50.68086],[6.14684,50.68013],[6.1469,50.68011],[6.14769,50.67993],[6.14777,50.67986],[6.1482,50.67942],[6.14822,50.6793],[6.14838,50.6783],[6.14839,50.67821],[6.14847,50.67814],[6.1486,50.678],[6.14867,50.67793],[6.14886,50.67774],[6.14934,50.67756],[6.15198,50.67657],[6.15204,50.67655],[6.15218,50.6765],[6.15226,50.67647],[6.15231,50.67645],[6.15247,50.67639],[6.15268,50.67631],[6.15477,50.67554],[6.15479,50.67554],[6.15484,50.67552],[6.15612,50.67504],[6.15667,50.67483],[6.15672,50.67481],[6.15674,50.6748],[6.15676,50.67479],[6.15674,50.67475],[6.15672,50.67462],[6.1567,50.67461],[6.15669,50.67461],[6.15665,50.6746],[6.15656,50.67465],[6.15647,50.67454],[6.15641,50.6745],[6.15641,50.67446],[6.15648,50.67442],[6.15647,50.67439],[6.1564,50.67433],[6.15636,50.67431],[6.15631,50.6742],[6.1565,50.67422],[6.15651,50.67424],[6.15656,50.67425],[6.15661,50.67422],[6.15663,50.67421],[6.15665,50.6742],[6.15669,50.67418],[6.15672,50.67416],[6.15674,50.67415],[6.15668,50.67403],[6.15669,50.674],[6.15679,50.67403],[6.15685,50.67402],[6.15689,50.67394],[6.15685,50.67382],[6.15691,50.67382],[6.15697,50.67378],[6.15701,50.67375],[6.15702,50.67373],[6.157,50.67371],[6.15684,50.67365],[6.15679,50.67365],[6.15675,50.67362],[6.15679,50.67355],[6.15693,50.67344],[6.15702,50.67345],[6.15708,50.67341],[6.15711,50.67329],[6.15711,50.67317],[6.15715,50.67314],[6.15725,50.67318],[6.15748,50.6732],[6.15749,50.67316],[6.15746,50.67313],[6.15755,50.67306],[6.15756,50.67301],[6.15748,50.67299],[6.15748,50.67296],[6.15752,50.67295],[6.15754,50.67296],[6.15756,50.67299],[6.15763,50.67301],[6.15772,50.67297],[6.15773,50.67291],[6.15786,50.67286],[6.15787,50.67282],[6.1578,50.67277],[6.1578,50.67273],[6.15783,50.67272],[6.15789,50.67274],[6.15795,50.67278],[6.15801,50.6728],[6.15811,50.67279],[6.15815,50.67277],[6.15814,50.67269],[6.15809,50.67264],[6.15805,50.67265],[6.158,50.67266],[6.15797,50.67266],[6.15796,50.67263],[6.15801,50.67257],[6.15828,50.67247],[6.15839,50.67246],[6.1585,50.67245],[6.15862,50.67244],[6.15882,50.6725],[6.15889,50.67247],[6.159,50.67238],[6.15899,50.67236],[6.15896,50.67233],[6.15898,50.67229],[6.15903,50.67226],[6.15904,50.67223],[6.15899,50.67212],[6.15899,50.6721],[6.15902,50.67208],[6.15923,50.67213],[6.15924,50.67223],[6.15932,50.67225],[6.15951,50.67218],[6.15958,50.67213],[6.1596,50.67206],[6.15966,50.67211],[6.15981,50.67208],[6.15999,50.67209],[6.16004,50.6721],[6.16012,50.67206],[6.16027,50.67208],[6.16035,50.67205],[6.16036,50.67202],[6.16036,50.67201],[6.16031,50.67197],[6.16035,50.67195],[6.16048,50.67196],[6.16064,50.67191],[6.16064,50.67186],[6.16059,50.67184],[6.16049,50.67182],[6.16041,50.67184],[6.16037,50.67182],[6.16038,50.6718],[6.16049,50.67174],[6.16058,50.67172],[6.16065,50.67171],[6.16068,50.67171],[6.16073,50.6718],[6.16081,50.6718],[6.16087,50.67172],[6.16099,50.67169],[6.16114,50.67172],[6.16119,50.67168],[6.16128,50.67168],[6.1613,50.67168],[6.16126,50.67174],[6.16126,50.67177],[6.16137,50.6718],[6.16146,50.67184],[6.16156,50.67173],[6.16168,50.6718],[6.16175,50.67181],[6.16181,50.67179],[6.16184,50.67177],[6.16177,50.67171],[6.16178,50.67167],[6.16182,50.67168],[6.1619,50.67174],[6.16198,50.67172],[6.162,50.67172],[6.162,50.6717],[6.16201,50.67162],[6.16207,50.67158],[6.16208,50.67157],[6.16209,50.67156],[6.16212,50.67151],[6.16209,50.67141],[6.16213,50.67138],[6.16219,50.6714],[6.16224,50.67146],[6.16231,50.67143],[6.16234,50.67136],[6.16241,50.67133],[6.16248,50.67134],[6.16254,50.67131],[6.16249,50.67127],[6.16243,50.67125],[6.16243,50.67124],[6.1625,50.67123],[6.1626,50.67119],[6.16267,50.67118],[6.16274,50.67119],[6.1627,50.67124],[6.1627,50.67126],[6.16275,50.67128],[6.16281,50.67127],[6.16294,50.67118],[6.16295,50.67114],[6.1629,50.6711],[6.16291,50.67096],[6.16296,50.67092],[6.16296,50.67088],[6.16296,50.67087],[6.16295,50.6708],[6.16294,50.6707],[6.16289,50.67065],[6.16284,50.67058],[6.16278,50.67053],[6.16283,50.67046],[6.16289,50.67045],[6.16291,50.67043],[6.16291,50.67038],[6.16286,50.67036],[6.16281,50.67035],[6.16276,50.67037],[6.16254,50.67031],[6.16245,50.67026],[6.16244,50.67024],[6.16245,50.67024],[6.16247,50.67024],[6.1625,50.67022],[6.1625,50.67019],[6.16247,50.67016],[6.16237,50.67013],[6.16239,50.67011],[6.16242,50.67011],[6.16245,50.6701],[6.16246,50.67008],[6.16246,50.67006],[6.16244,50.67004],[6.1624,50.67003],[6.16243,50.67],[6.16249,50.66997],[6.16249,50.66993],[6.16242,50.66991],[6.16235,50.6699],[6.16225,50.66996],[6.16218,50.66997],[6.16217,50.66996],[6.16226,50.66989],[6.16226,50.66985],[6.16222,50.66981],[6.16214,50.66981],[6.16206,50.66984],[6.16205,50.6699],[6.16202,50.66989],[6.162,50.66986],[6.16195,50.66983],[6.16188,50.66985],[6.16184,50.66986],[6.16181,50.6698],[6.16185,50.66978],[6.16195,50.66976],[6.16197,50.66973],[6.16196,50.66971],[6.16189,50.66967],[6.16176,50.66966],[6.16171,50.66968],[6.16158,50.66974],[6.16152,50.66971],[6.16152,50.6697],[6.16154,50.66968],[6.16179,50.66934],[6.16184,50.66928],[6.16202,50.66904],[6.16207,50.66894],[6.16239,50.66833],[6.1624,50.6683],[6.16243,50.66823],[6.16366,50.66553],[6.16477,50.66338],[6.1649,50.66313],[6.16572,50.66226],[6.16583,50.66214],[6.16651,50.66225],[6.16766,50.66235],[6.16904,50.66247],[6.17044,50.6626],[6.1714,50.66268],[6.17216,50.66271],[6.17235,50.66271],[6.17272,50.6627],[6.17367,50.66265],[6.17386,50.66264],[6.17388,50.66264],[6.1747,50.66261],[6.17523,50.66265],[6.17605,50.66273],[6.17745,50.66288],[6.17882,50.66302],[6.17888,50.66303],[6.17894,50.66303],[6.18025,50.66317],[6.1807,50.66322],[6.18125,50.66328],[6.18127,50.66328],[6.18136,50.66329],[6.1822,50.66338],[6.18298,50.6635],[6.18378,50.6637],[6.18528,50.66418],[6.18596,50.66436],[6.18625,50.66442],[6.18666,50.66449],[6.18741,50.66457],[6.18786,50.66465],[6.18791,50.66465],[6.18797,50.66466],[6.18802,50.66467],[6.1881,50.66449],[6.1883,50.66449],[6.18834,50.66449],[6.18829,50.66464],[6.18831,50.66464],[6.18885,50.66458],[6.18967,50.6645],[6.18996,50.66449],[6.19121,50.66443],[6.19178,50.66438],[6.19195,50.66435],[6.19242,50.66427],[6.19306,50.66408],[6.19356,50.66388],[6.19402,50.66363],[6.19444,50.66334],[6.19475,50.66305],[6.19504,50.66268],[6.19523,50.66233],[6.19542,50.6619],[6.19554,50.6616],[6.1957,50.66128],[6.19571,50.66127],[6.19579,50.66111],[6.19602,50.66051],[6.1961,50.66032],[6.19647,50.65946],[6.19658,50.65913],[6.19661,50.65889],[6.19662,50.65881],[6.19657,50.6588],[6.19655,50.65847],[6.19649,50.6582],[6.19637,50.65791],[6.19623,50.65763],[6.19616,50.65765],[6.19595,50.65738],[6.19581,50.65722],[6.19575,50.65716],[6.19546,50.65691],[6.19509,50.65667],[6.19457,50.65635],[6.19363,50.6558],[6.19358,50.65577],[6.19354,50.65575],[6.1935,50.65573],[6.19349,50.65572],[6.19353,50.65564],[6.19323,50.65553],[6.1932,50.65556],[6.19228,50.65502],[6.19184,50.65476],[6.19154,50.65459],[6.19116,50.65437],[6.19082,50.65418],[6.19043,50.65395],[6.19038,50.65391],[6.19015,50.65375],[6.18981,50.65357],[6.18938,50.65332],[6.18913,50.65318],[6.18873,50.65293],[6.18876,50.65291],[6.18796,50.65234],[6.18793,50.65232],[6.18785,50.65226],[6.18769,50.65215],[6.18745,50.65197],[6.18744,50.65196],[6.18698,50.65163],[6.18683,50.65151],[6.18668,50.6514],[6.18653,50.65128],[6.18657,50.65127],[6.18648,50.65098],[6.18639,50.6509],[6.18634,50.65091],[6.18611,50.65057],[6.18608,50.65052],[6.18606,50.6505],[6.1861,50.65047],[6.18618,50.65044],[6.18627,50.65038],[6.18638,50.65035],[6.18624,50.65025],[6.18601,50.65011],[6.18571,50.64988],[6.18555,50.64964],[6.1856,50.64965],[6.18557,50.64956],[6.18544,50.64935],[6.18539,50.64926],[6.18506,50.64872],[6.18513,50.64869],[6.18498,50.6487],[6.18497,50.64868],[6.18493,50.64859],[6.18492,50.64856],[6.18506,50.64857],[6.18537,50.64856],[6.18535,50.64814],[6.18516,50.64814],[6.18467,50.64812],[6.18433,50.64762],[6.18431,50.64763],[6.18414,50.64774],[6.18406,50.64767],[6.18405,50.64763],[6.18404,50.64759],[6.18382,50.64723],[6.18372,50.647],[6.18371,50.64697],[6.18369,50.64693],[6.18368,50.64691],[6.18362,50.64667],[6.18361,50.64656],[6.18359,50.6463],[6.18361,50.6461],[6.18363,50.64598],[6.18367,50.64587],[6.18372,50.64573],[6.18378,50.64552],[6.1838,50.64551],[6.18392,50.64521],[6.18401,50.64495],[6.18404,50.64489],[6.18409,50.64474],[6.1841,50.6447],[6.1841,50.64465],[6.1841,50.64461],[6.1842,50.64431],[6.18428,50.64406],[6.1844,50.64372],[6.18449,50.64344],[6.18458,50.64315],[6.18465,50.64292],[6.1847,50.64278],[6.18472,50.64277],[6.18476,50.64265],[6.18481,50.6425],[6.1849,50.64231],[6.18512,50.64196],[6.18528,50.64177],[6.18546,50.64156],[6.18553,50.6415],[6.18562,50.64141],[6.18568,50.64133],[6.18576,50.64127],[6.1859,50.64115],[6.18608,50.64102],[6.18612,50.64099],[6.1864,50.6408],[6.18655,50.64072],[6.18667,50.64065],[6.18692,50.64053],[6.18697,50.6405],[6.18705,50.64047],[6.18708,50.64046],[6.18715,50.64043],[6.18734,50.64033],[6.18761,50.64024],[6.1882,50.64005],[6.18832,50.64002],[6.18883,50.63989],[6.18885,50.63991],[6.18906,50.63987],[6.18911,50.63987],[6.18919,50.63985],[6.18923,50.63984],[6.18933,50.63982],[6.18941,50.63981],[6.18954,50.63985],[6.18965,50.63978],[6.18998,50.63976],[6.19068,50.63974],[6.19074,50.63974],[6.19079,50.63974],[6.1909,50.63975],[6.19097,50.63975],[6.19124,50.63977],[6.19134,50.63977],[6.19139,50.63978],[6.19156,50.6398],[6.19161,50.6398],[6.19175,50.63982],[6.19188,50.63984],[6.19209,50.63988],[6.19221,50.6399],[6.19228,50.63992],[6.19246,50.63996],[6.19252,50.63997],[6.19266,50.64],[6.19282,50.64004],[6.19314,50.64014],[6.19341,50.64024],[6.19387,50.6404],[6.19388,50.6404],[6.1939,50.64041],[6.19398,50.64044],[6.19408,50.64047],[6.19411,50.64048],[6.19461,50.64064],[6.19494,50.64072],[6.19523,50.64079],[6.19532,50.6408],[6.19556,50.64083],[6.19582,50.64088],[6.19597,50.64089],[6.19619,50.64092],[6.19632,50.64093],[6.19643,50.64094],[6.19666,50.64095],[6.19679,50.64095],[6.19688,50.64095],[6.19713,50.64095],[6.19749,50.64093],[6.19769,50.64092],[6.19788,50.6409],[6.19845,50.64084],[6.19857,50.64081],[6.19913,50.64069],[6.19915,50.64069],[6.19963,50.64054],[6.20003,50.64039],[6.20043,50.64022],[6.20047,50.64022],[6.20109,50.63996],[6.20131,50.63987],[6.2015,50.63981],[6.20189,50.63973],[6.20229,50.63964],[6.20233,50.63964],[6.20235,50.63963],[6.20243,50.63962],[6.20246,50.63961],[6.20254,50.6396],[6.20311,50.63955],[6.20362,50.63953],[6.20391,50.63954],[6.20411,50.63955],[6.20507,50.63961],[6.20544,50.63965],[6.20586,50.63968],[6.20612,50.6397],[6.2063,50.63971],[6.20645,50.63972],[6.20687,50.63975],[6.20698,50.63976],[6.20712,50.63979],[6.20717,50.6398],[6.20719,50.63981],[6.20728,50.63983],[6.20743,50.63986],[6.2075,50.63986],[6.2075,50.63983],[6.20757,50.63982],[6.20802,50.63986],[6.20834,50.63988],[6.20842,50.63988],[6.20846,50.63986],[6.20901,50.6399],[6.20908,50.6399],[6.20971,50.63995],[6.21004,50.63998],[6.21031,50.64],[6.2105,50.64001],[6.21079,50.64003],[6.21097,50.64005],[6.211,50.64005],[6.21102,50.64005],[6.21111,50.64006],[6.21114,50.64007],[6.21118,50.64007],[6.21123,50.64008],[6.21111,50.64018],[6.21115,50.64022],[6.21122,50.64026],[6.21152,50.64043],[6.21178,50.64011],[6.21183,50.64012],[6.21202,50.64012],[6.21212,50.64013],[6.2124,50.64014],[6.21259,50.64016],[6.21281,50.64016],[6.21299,50.64017],[6.21307,50.64017],[6.21308,50.64019],[6.21327,50.6402],[6.2133,50.6402],[6.21339,50.64018],[6.21343,50.64017],[6.21344,50.64017],[6.21346,50.64016],[6.21434,50.64015],[6.21448,50.64015],[6.21454,50.64015],[6.21506,50.64015],[6.21518,50.64015],[6.21585,50.64015],[6.21654,50.64018],[6.21653,50.64022],[6.21664,50.64023],[6.21674,50.64024],[6.21681,50.64025],[6.21689,50.64026],[6.21698,50.64026],[6.21701,50.64026],[6.21702,50.64026],[6.21712,50.64025],[6.21717,50.64025],[6.21778,50.6403],[6.21793,50.64034],[6.21816,50.64036],[6.21866,50.64039],[6.21888,50.6404],[6.21888,50.64044],[6.21975,50.64051],[6.22052,50.64056],[6.22105,50.64062],[6.22115,50.64064],[6.2216,50.64072],[6.22219,50.64088],[6.22235,50.64093],[6.22264,50.64104],[6.22288,50.64114],[6.22292,50.64115],[6.22312,50.64124],[6.22329,50.64133],[6.22353,50.64147],[6.22386,50.64167],[6.22419,50.64194],[6.2246,50.64233],[6.22509,50.64278],[6.22537,50.6431],[6.22557,50.64344],[6.2257,50.64376],[6.22578,50.6441],[6.2258,50.64443],[6.22578,50.64472],[6.22578,50.64475],[6.22577,50.64478],[6.22568,50.64528],[6.22559,50.64572],[6.22558,50.64608],[6.22563,50.64647],[6.22567,50.64661],[6.22567,50.64662],[6.22574,50.64684],[6.22594,50.6472],[6.22619,50.64754],[6.22651,50.64786],[6.22687,50.64816],[6.22725,50.64841],[6.22764,50.64862],[6.22815,50.64883],[6.22869,50.64901],[6.22922,50.64914],[6.22979,50.64923],[6.23038,50.64929],[6.23102,50.6493],[6.23159,50.64927],[6.23219,50.64918],[6.23273,50.64907],[6.23327,50.6489],[6.23375,50.64872],[6.23425,50.64848],[6.23466,50.64822],[6.23504,50.64791],[6.23538,50.64757],[6.23564,50.64723],[6.23585,50.64686],[6.23612,50.64638],[6.2364,50.6459],[6.23663,50.64559],[6.2369,50.64531],[6.23728,50.64501],[6.23766,50.64477],[6.2381,50.64455],[6.23855,50.64438],[6.23914,50.64416],[6.23975,50.64394],[6.24021,50.64374],[6.24067,50.64348],[6.24109,50.64319],[6.24158,50.64276],[6.24205,50.64234],[6.24233,50.64213],[6.24234,50.64212],[6.24244,50.64204],[6.24283,50.64179],[6.24324,50.64156],[6.24365,50.64137],[6.24419,50.64116],[6.24464,50.64101],[6.24515,50.64088],[6.24567,50.64077],[6.24617,50.6407],[6.24623,50.6407],[6.24625,50.64069],[6.24672,50.64065],[6.24728,50.64062],[6.24782,50.64062],[6.24835,50.64066],[6.24856,50.64068],[6.24861,50.64069],[6.24885,50.64072],[6.24941,50.64079],[6.25021,50.64092],[6.25105,50.64105],[6.25117,50.64107],[6.25135,50.6411],[6.2514,50.64111],[6.25187,50.64118],[6.25236,50.64126],[6.25237,50.64126],[6.25268,50.64131],[6.25352,50.64145],[6.2543,50.64157],[6.25522,50.64172],[6.25547,50.64177],[6.25564,50.6418],[6.25621,50.6419],[6.25673,50.64202],[6.25725,50.64216],[6.25798,50.6424],[6.25858,50.64259],[6.2586,50.6426],[6.25925,50.64282],[6.25938,50.64286],[6.25988,50.64303],[6.26042,50.64316],[6.26099,50.64326],[6.26158,50.64334],[6.26229,50.64336],[6.26255,50.64336],[6.2628,50.64335],[6.26336,50.6433],[6.26389,50.64322],[6.26425,50.64313],[6.26431,50.64311],[6.26464,50.64301],[6.26477,50.64297],[6.26522,50.6428],[6.26585,50.64246],[6.26598,50.64237],[6.2662,50.6422],[6.2663,50.64214],[6.26638,50.64208],[6.2667,50.64169],[6.26679,50.64159],[6.26685,50.64145],[6.26696,50.64124],[6.26743,50.64041],[6.26777,50.63982],[6.26808,50.63925],[6.26814,50.63915],[6.26842,50.63866],[6.26863,50.63827],[6.26871,50.63813],[6.26883,50.63793],[6.2689,50.63782],[6.26903,50.63761],[6.26917,50.6374],[6.26932,50.63717],[6.26937,50.63709],[6.26938,50.63707],[6.26941,50.63702],[6.26957,50.63678],[6.26968,50.6366],[6.26967,50.6366],[6.2697,50.63653],[6.26986,50.63657],[6.27011,50.63627],[6.27048,50.63585],[6.27062,50.63566],[6.27087,50.63545],[6.27074,50.63542],[6.27086,50.63523],[6.271,50.63501],[6.27132,50.63454],[6.27135,50.6345],[6.2714,50.63443],[6.2715,50.63427],[6.2716,50.63414],[6.27164,50.63407],[6.27169,50.634],[6.27183,50.63381],[6.27189,50.63373],[6.27214,50.6336],[6.27218,50.63356],[6.27221,50.63352],[6.27226,50.63342],[6.27234,50.6334],[6.27244,50.6334],[6.2725,50.63343],[6.27252,50.63336],[6.27254,50.63328],[6.27248,50.6333],[6.27239,50.63327],[6.27225,50.6332],[6.27227,50.63316],[6.27229,50.63313],[6.27238,50.63301],[6.27241,50.63301],[6.27245,50.63293],[6.27259,50.63295],[6.27267,50.63239],[6.27274,50.63189],[6.27278,50.63184],[6.27279,50.63182],[6.2728,50.63181],[6.27282,50.63178],[6.27285,50.63175],[6.273,50.63161],[6.27301,50.6316],[6.27303,50.63158],[6.27318,50.63154],[6.27332,50.63148],[6.27346,50.63141],[6.2735,50.63139],[6.27351,50.63137],[6.27348,50.63137],[6.27343,50.63136],[6.27334,50.63132],[6.2735,50.63117],[6.27363,50.63101],[6.2738,50.63077],[6.27383,50.63071],[6.27394,50.63048],[6.27403,50.63024],[6.27407,50.63003],[6.27408,50.63],[6.27409,50.62996],[6.2741,50.62991],[6.27411,50.62987],[6.27404,50.62975],[6.27406,50.62964],[6.27398,50.62938],[6.27393,50.62921],[6.27383,50.62898],[6.27376,50.62882],[6.27376,50.62881],[6.27366,50.62866],[6.27356,50.6285],[6.27352,50.62845],[6.27339,50.62833],[6.2732,50.62813],[6.27296,50.62796],[6.27285,50.62783],[6.27282,50.62782],[6.27266,50.62772],[6.27228,50.62752],[6.27228,50.62751],[6.27222,50.62748],[6.27218,50.62746],[6.2722,50.62745],[6.27186,50.62726],[6.27177,50.62721],[6.27157,50.62711],[6.27157,50.62708],[6.27141,50.62697],[6.27133,50.62692],[6.27108,50.62678],[6.27101,50.62677],[6.27069,50.62656],[6.27055,50.62647],[6.27042,50.62638],[6.27033,50.62631],[6.27032,50.62631],[6.27005,50.62605],[6.26971,50.62564],[6.26968,50.62558],[6.26966,50.62554],[6.26958,50.62538],[6.26957,50.62534],[6.26956,50.62534],[6.26955,50.62532],[6.26954,50.62529],[6.26946,50.62518],[6.26941,50.62504],[6.26938,50.6246],[6.26939,50.62409],[6.26939,50.62352],[6.26946,50.62318],[6.26946,50.62313],[6.26948,50.62306],[6.26944,50.62306],[6.26945,50.62263],[6.26946,50.62213],[6.26947,50.62154],[6.26947,50.6212],[6.26945,50.62087],[6.26941,50.62053],[6.26932,50.6202],[6.26932,50.62016],[6.26931,50.62014],[6.26919,50.61972],[6.26906,50.61936],[6.26904,50.61928],[6.26873,50.6187],[6.26843,50.61826],[6.26805,50.61779],[6.26762,50.61732],[6.26754,50.61723],[6.26742,50.61711],[6.26741,50.6171],[6.26709,50.61676],[6.26679,50.61645],[6.26654,50.6162],[6.26643,50.61609],[6.26634,50.61599],[6.26624,50.61595],[6.26607,50.61578],[6.26577,50.61549],[6.26567,50.61539],[6.26566,50.61538],[6.26554,50.61526],[6.26545,50.61517],[6.26506,50.61477],[6.26416,50.61385],[6.26373,50.61344],[6.26356,50.61327],[6.26333,50.61304],[6.26204,50.61177],[6.262,50.61173],[6.26197,50.61171],[6.26165,50.61139],[6.26158,50.61134],[6.26154,50.61129],[6.26145,50.6112],[6.2611,50.61087],[6.26083,50.61063],[6.26056,50.61039],[6.26006,50.61003],[6.25963,50.60971],[6.25914,50.60943],[6.25872,50.60919],[6.25813,50.60889],[6.25794,50.60877],[6.25719,50.60833],[6.2569,50.6082],[6.25644,50.60794],[6.25576,50.60757],[6.25534,50.60739],[6.25535,50.60736],[6.25518,50.60728],[6.25512,50.60728],[6.25495,50.6072],[6.25442,50.60697],[6.25399,50.6068],[6.25325,50.60655],[6.25294,50.60644],[6.25247,50.6063],[6.25167,50.60604],[6.25097,50.60581],[6.25082,50.60576],[6.25079,50.6057],[6.25077,50.60566],[6.25077,50.60558],[6.25028,50.60542],[6.24979,50.60526],[6.24931,50.60507],[6.24927,50.60505],[6.24887,50.60484],[6.24847,50.60455],[6.24817,50.60423],[6.24795,50.60392],[6.24781,50.60358],[6.2478,50.60352],[6.24779,50.6035],[6.24775,50.60322],[6.24761,50.60304],[6.24752,50.60302],[6.24741,50.603],[6.24742,50.60298],[6.24745,50.60287],[6.24746,50.60281],[6.2475,50.60264],[6.24751,50.60262],[6.24753,50.60253],[6.24782,50.60199],[6.24786,50.60191],[6.24798,50.60167],[6.24806,50.6015],[6.24829,50.60101],[6.24831,50.60098],[6.2484,50.60078],[6.24849,50.60059],[6.24873,50.60013],[6.2489,50.59977],[6.24895,50.59968],[6.24914,50.59928],[6.24939,50.59876],[6.24909,50.59882],[6.24909,50.59881],[6.24909,50.5988],[6.24909,50.59876],[6.24909,50.59875],[6.24909,50.59873],[6.24909,50.59868],[6.24928,50.59866],[6.24944,50.59863],[6.24949,50.59853],[6.24947,50.59852],[6.2496,50.59825],[6.24915,50.5982],[6.24914,50.5982],[6.24915,50.59815],[6.24911,50.59788],[6.24911,50.59787],[6.24898,50.59745],[6.24885,50.59718],[6.24877,50.59704],[6.24867,50.59691],[6.24859,50.59679],[6.24856,50.59676],[6.24855,50.59675],[6.24828,50.59639],[6.24817,50.59625],[6.24823,50.59623],[6.2482,50.59618],[6.24811,50.59607],[6.24805,50.59599],[6.24795,50.59588],[6.24785,50.59578],[6.24759,50.59548],[6.24739,50.59525],[6.24729,50.59513],[6.247,50.59474],[6.24664,50.59426],[6.2466,50.59421],[6.24656,50.59415],[6.2464,50.59395],[6.24638,50.59392],[6.24624,50.59379],[6.24606,50.59363],[6.2455,50.59317],[6.24543,50.59312],[6.24528,50.593],[6.24507,50.59286],[6.24479,50.59262],[6.24446,50.59235],[6.24411,50.59201],[6.24396,50.59186],[6.24387,50.59177],[6.24374,50.59164],[6.24357,50.59145],[6.24346,50.59133],[6.24342,50.59129],[6.24313,50.59091],[6.24305,50.59074],[6.24305,50.59073],[6.24299,50.59067],[6.24287,50.59053],[6.24269,50.59023],[6.24264,50.59015],[6.2426,50.59009],[6.2428,50.59003],[6.24286,50.59001],[6.24223,50.58912],[6.24206,50.58921],[6.24139,50.5881],[6.24135,50.58799],[6.24098,50.5874],[6.24096,50.58736],[6.24095,50.58735],[6.24091,50.58728],[6.24074,50.58701],[6.24059,50.58675],[6.2405,50.5866],[6.24042,50.58646],[6.24039,50.5864],[6.24033,50.58629],[6.24002,50.58565],[6.24002,50.58563],[6.24,50.58556],[6.23996,50.58551],[6.23983,50.58515],[6.23971,50.58475],[6.23964,50.58428],[6.23963,50.58427],[6.23961,50.58425],[6.2396,50.58412],[6.23956,50.58386],[6.2395,50.58358],[6.23951,50.58346],[6.2395,50.58334],[6.23942,50.58305],[6.2394,50.58306],[6.23938,50.58297],[6.23931,50.58257],[6.23924,50.58209],[6.23915,50.58167],[6.23912,50.58133],[6.23912,50.58129],[6.23912,50.58094],[6.23921,50.58038],[6.23921,50.58035],[6.2393,50.57982],[6.23937,50.57935],[6.2394,50.57915],[6.23945,50.57889],[6.23945,50.57886],[6.23945,50.57879],[6.23951,50.57851],[6.23952,50.57822],[6.23947,50.57763],[6.23933,50.57714],[6.23913,50.57658],[6.23891,50.57617],[6.2387,50.57568],[6.23848,50.57529],[6.2385,50.57525],[6.2385,50.57524],[6.23852,50.57521],[6.23843,50.57514],[6.23839,50.57511],[6.23831,50.57496],[6.23817,50.57475],[6.238,50.57452],[6.23788,50.57436],[6.23782,50.57431],[6.2376,50.57408],[6.2374,50.57378],[6.23734,50.57372],[6.23734,50.57371],[6.23712,50.57349],[6.23687,50.57322],[6.23686,50.5732],[6.23661,50.57292],[6.23646,50.57266],[6.23636,50.57242],[6.2363,50.57214],[6.23627,50.57193],[6.23626,50.57176],[6.23626,50.57175],[6.23626,50.57154],[6.23626,50.5714],[6.23626,50.57122],[6.23626,50.57114],[6.23626,50.57111],[6.23625,50.57101],[6.23626,50.57064],[6.23627,50.57063],[6.23632,50.57001],[6.23641,50.56993],[6.23638,50.56961],[6.23636,50.56952],[6.23645,50.56909],[6.2364,50.56907],[6.23655,50.56867],[6.23664,50.56844],[6.23658,50.56829],[6.23655,50.56822],[6.23655,50.5682],[6.23631,50.56755],[6.23631,50.56748],[6.23635,50.56726],[6.23635,50.56692],[6.23633,50.56685],[6.23622,50.56651],[6.23601,50.56616],[6.23575,50.56585],[6.23541,50.56555],[6.23516,50.5653],[6.2349,50.56508],[6.23471,50.56496],[6.23461,50.5649],[6.23458,50.56489],[6.23446,50.56481],[6.2343,50.56473],[6.23368,50.56448],[6.23365,50.56442],[6.23384,50.56423],[6.23411,50.56399],[6.23403,50.56396],[6.23394,50.56391],[6.23366,50.56384],[6.23339,50.5638],[6.23292,50.56376],[6.23263,50.56371],[6.23251,50.56387],[6.23221,50.56385],[6.23206,50.56384],[6.23143,50.56363],[6.23117,50.5635],[6.23115,50.5635],[6.23072,50.56331],[6.23053,50.56321],[6.23025,50.56312],[6.22997,50.56299],[6.22993,50.56297],[6.22981,50.56291],[6.22958,50.56279],[6.22915,50.56254],[6.22911,50.56251],[6.229,50.56243],[6.22898,50.56241],[6.22869,50.56226],[6.2283,50.56205],[6.22806,50.56194],[6.22756,50.56169],[6.22748,50.56151],[6.22766,50.56144],[6.22763,50.56132],[6.22755,50.56122],[6.22738,50.56111],[6.22718,50.56103],[6.22711,50.56094],[6.22703,50.56096],[6.22701,50.56086],[6.22696,50.56045],[6.2269,50.5598],[6.22687,50.55956],[6.22681,50.55874],[6.2268,50.55818],[6.22675,50.55778],[6.22675,50.5576],[6.22684,50.55726],[6.2269,50.55689],[6.22685,50.55667],[6.22672,50.55651],[6.22621,50.55606],[6.22598,50.55587],[6.22567,50.55565],[6.22562,50.55542],[6.22518,50.55514],[6.22481,50.55495],[6.2244,50.5548],[6.22411,50.55472],[6.22355,50.55461],[6.22294,50.55454],[6.22231,50.55452],[6.22185,50.55455],[6.22152,50.55458],[6.221,50.55465],[6.22053,50.55478],[6.22003,50.55496],[6.21948,50.55523],[6.21902,50.55548],[6.21866,50.55569],[6.21852,50.55574],[6.21855,50.5558],[6.21856,50.55581],[6.2185,50.55581],[6.21824,50.55581],[6.21823,50.55581],[6.21817,50.55583],[6.218,50.55591],[6.21782,50.55603],[6.21775,50.55605],[6.2177,50.55607],[6.21744,50.55617],[6.21714,50.55626],[6.21682,50.55633],[6.21651,50.55637],[6.21619,50.55639],[6.21569,50.55636],[6.21549,50.55631],[6.21548,50.55628],[6.21517,50.55624],[6.21484,50.55618],[6.2144,50.55606],[6.21397,50.55593],[6.21371,50.55592],[6.21367,50.55592],[6.21362,50.55573],[6.21354,50.55565],[6.21341,50.55561],[6.21339,50.5556],[6.21338,50.55559],[6.2131,50.5555],[6.21303,50.55548],[6.21297,50.55547],[6.21256,50.55537],[6.21236,50.55516],[6.2117,50.55481],[6.21133,50.55461],[6.21117,50.55451],[6.2111,50.55444],[6.21104,50.55442],[6.2108,50.55429],[6.21058,50.55411],[6.21046,50.55405],[6.2104,50.55399],[6.21037,50.55389],[6.21033,50.55393],[6.21042,50.55337],[6.20997,50.55325],[6.20991,50.5532],[6.20989,50.55318],[6.20989,50.55316],[6.20988,50.55296],[6.2099,50.55292],[6.20991,50.55288],[6.20991,50.55271],[6.20987,50.55267],[6.20987,50.55235],[6.20983,50.55195],[6.20982,50.55196],[6.20983,50.55182],[6.20993,50.5514],[6.20998,50.5512],[6.20999,50.55117],[6.20952,50.5507],[6.20924,50.55047],[6.20888,50.55029],[6.20865,50.55007],[6.20882,50.54995],[6.20867,50.54978],[6.20855,50.54965],[6.20847,50.54953],[6.20837,50.54938],[6.20826,50.54927],[6.20822,50.54917],[6.2082,50.54915],[6.20803,50.54897],[6.20791,50.54877],[6.20785,50.54848],[6.20774,50.54798],[6.20777,50.5474],[6.20774,50.54732],[6.20773,50.54722],[6.20771,50.54715],[6.20769,50.54697],[6.2077,50.54671],[6.20757,50.54659],[6.2075,50.5466],[6.20745,50.54657],[6.20726,50.54632],[6.20701,50.54607],[6.20667,50.54578],[6.20626,50.54553],[6.20611,50.54546],[6.20603,50.54542],[6.20601,50.5454],[6.20596,50.54538],[6.20581,50.54526],[6.20547,50.54503],[6.20489,50.54477],[6.20434,50.54475],[6.20432,50.54475],[6.20418,50.54475],[6.20389,50.54458],[6.20384,50.54455],[6.2038,50.54455],[6.20366,50.54453],[6.20356,50.54452],[6.20282,50.54433],[6.20208,50.54398],[6.20155,50.54359],[6.20122,50.54307],[6.20092,50.54257],[6.20056,50.54207],[6.20024,50.54159],[6.20012,50.54152],[6.19978,50.5412],[6.19924,50.54074],[6.19895,50.54052],[6.19899,50.54036],[6.19894,50.54018],[6.19884,50.54001],[6.19877,50.53989],[6.19874,50.53981],[6.19869,50.53967],[6.19868,50.53965],[6.19868,50.53963],[6.19867,50.5396],[6.19866,50.53956],[6.19864,50.53955],[6.19863,50.53953],[6.1985,50.53938],[6.19832,50.53947],[6.19831,50.53945],[6.1983,50.53939],[6.19825,50.5391],[6.19828,50.53905],[6.19825,50.53894],[6.19828,50.53868],[6.19834,50.53868],[6.19834,50.53867],[6.19835,50.53866],[6.19835,50.53865],[6.19845,50.5384],[6.19851,50.53811],[6.19851,50.53803],[6.19851,50.53793],[6.19851,50.53782],[6.1985,50.53772],[6.19865,50.53702],[6.19858,50.53691],[6.19852,50.53685],[6.19835,50.53676],[6.19838,50.53654],[6.1984,50.5363],[6.19839,50.53601],[6.19844,50.53599],[6.19844,50.53552],[6.19859,50.53548],[6.19868,50.53545],[6.19871,50.53542],[6.19874,50.53539],[6.19883,50.53534],[6.19868,50.535],[6.19847,50.53465],[6.19822,50.53435],[6.19796,50.53401],[6.19783,50.53384],[6.19749,50.53344],[6.19744,50.53334],[6.19734,50.53313],[6.19708,50.53275],[6.19695,50.53248],[6.1969,50.53215],[6.19683,50.53171],[6.19685,50.53131],[6.19696,50.53099],[6.19705,50.53041],[6.19731,50.53003],[6.19751,50.52957],[6.19778,50.52916],[6.19788,50.52911],[6.19816,50.52871],[6.19846,50.52832],[6.19862,50.52813],[6.19877,50.52795],[6.19916,50.52761],[6.19929,50.52747],[6.1996,50.52733],[6.2002,50.52713],[6.20079,50.52693],[6.20088,50.5269],[6.20093,50.52692],[6.20099,50.52695],[6.20152,50.52684],[6.20157,50.52682],[6.2017,50.52679],[6.20173,50.52679],[6.20176,50.52678],[6.20189,50.52676],[6.20244,50.52665],[6.20276,50.52656],[6.20289,50.52652],[6.20311,50.52644],[6.20322,50.52632],[6.2033,50.52629],[6.20385,50.52601],[6.2041,50.52585],[6.20437,50.52567],[6.20512,50.52505],[6.20571,50.52456],[6.20595,50.5244],[6.20619,50.52424],[6.2062,50.52422],[6.20623,50.52418],[6.20625,50.52416],[6.20628,50.52412],[6.20633,50.52409],[6.20651,50.52397],[6.20665,50.5238],[6.20687,50.52336],[6.20697,50.52307],[6.20731,50.52308],[6.20758,50.52256],[6.20719,50.52238],[6.20723,50.52195],[6.2071,50.52179],[6.20704,50.52175],[6.20703,50.52174],[6.20699,50.52168],[6.20697,50.52165],[6.20691,50.52155],[6.20689,50.5215],[6.20684,50.52141],[6.20683,50.52134],[6.20682,50.52126],[6.20681,50.52118],[6.20681,50.52115],[6.20664,50.52082],[6.20654,50.52062],[6.20657,50.52062],[6.20652,50.52044],[6.2065,50.52037],[6.20698,50.52022],[6.20697,50.52013],[6.20699,50.52002],[6.207,50.51998],[6.20705,50.51985],[6.20707,50.5198],[6.20711,50.51924],[6.20713,50.51899],[6.20721,50.51885],[6.20724,50.51881],[6.20732,50.51872],[6.20736,50.51863],[6.2075,50.51834],[6.2076,50.51819],[6.20773,50.51804],[6.20775,50.51801],[6.20787,50.51785],[6.20793,50.5178],[6.20799,50.5177],[6.20807,50.51751],[6.20809,50.51747],[6.20814,50.51741],[6.20826,50.51731],[6.20868,50.51702],[6.20896,50.5169],[6.20916,50.51686],[6.20945,50.51676],[6.20963,50.51668],[6.20984,50.51656],[6.21004,50.51649],[6.21012,50.51646],[6.21054,50.51637],[6.21072,50.51636],[6.21113,50.51629],[6.2114,50.51621],[6.2115,50.51618],[6.21186,50.51601],[6.21208,50.51586],[6.21216,50.51577],[6.21234,50.51566],[6.21242,50.51564],[6.21249,50.5156],[6.21252,50.51556],[6.21251,50.51556],[6.21245,50.51555],[6.21242,50.51554],[6.2124,50.51553],[6.21218,50.51547],[6.21215,50.51547],[6.21213,50.51546],[6.21211,50.51545],[6.21194,50.51541],[6.21108,50.51518],[6.2108,50.51511],[6.20913,50.51466],[6.20919,50.51459],[6.20923,50.5145],[6.20931,50.51435],[6.20944,50.51416],[6.20961,50.51391],[6.20966,50.51383],[6.21003,50.51327],[6.21014,50.51309],[6.21074,50.51314],[6.21121,50.51318],[6.21124,50.51314],[6.21125,50.51313],[6.21129,50.51307],[6.21195,50.51311],[6.21273,50.51312],[6.21284,50.51312],[6.21285,50.51312],[6.21286,50.51311],[6.21308,50.5128],[6.21316,50.51269],[6.21321,50.51261],[6.21333,50.51203],[6.21339,50.51186],[6.2136,50.51154],[6.21363,50.5115],[6.214,50.51105],[6.21447,50.51044],[6.21448,50.51043],[6.21451,50.5104],[6.21473,50.5101],[6.21482,50.51001],[6.21498,50.50984],[6.21506,50.50974],[6.2151,50.50963],[6.21511,50.50957],[6.21512,50.50952],[6.21513,50.50942],[6.21517,50.5091],[6.21519,50.50901],[6.2152,50.50893],[6.21524,50.50885],[6.21527,50.50879],[6.21536,50.50866],[6.21553,50.5085],[6.21565,50.50841],[6.21593,50.50825],[6.21608,50.50816],[6.21619,50.50807],[6.2163,50.50795],[6.21635,50.50781],[6.21639,50.50761],[6.21641,50.50747],[6.21641,50.50745],[6.2165,50.50728],[6.21656,50.50716],[6.21658,50.50713],[6.21667,50.50699],[6.21686,50.50679],[6.21707,50.5066],[6.21719,50.50652],[6.21746,50.50632],[6.21758,50.50625],[6.21792,50.50611],[6.21947,50.50556],[6.21967,50.50545],[6.2198,50.50535],[6.21981,50.50534],[6.21984,50.5053],[6.21989,50.50525],[6.21993,50.5051],[6.21999,50.50471],[6.22,50.50465],[6.22005,50.50447],[6.2202,50.50401],[6.22029,50.50384],[6.22039,50.50367],[6.22049,50.50352],[6.22065,50.50335],[6.22068,50.50332],[6.22069,50.50331],[6.22071,50.50329],[6.22071,50.50328],[6.22073,50.50326],[6.22075,50.50324],[6.22117,50.50266],[6.2213,50.50247],[6.22151,50.50231],[6.22205,50.50199],[6.22227,50.50181],[6.22246,50.50162],[6.22254,50.50151],[6.22263,50.50129],[6.22266,50.50112],[6.22265,50.50097],[6.22264,50.5009],[6.22262,50.50079],[6.22258,50.5007],[6.22257,50.50066],[6.22244,50.50038],[6.22234,50.50002],[6.2223,50.49993],[6.22212,50.49969],[6.22203,50.4996],[6.22189,50.49952],[6.22181,50.49949],[6.22162,50.49942],[6.22161,50.49943],[6.22157,50.49946],[6.22134,50.49963],[6.22078,50.4992],[6.2207,50.49914],[6.22012,50.4987],[6.2213,50.49778],[6.22145,50.49778],[6.22169,50.49788],[6.22235,50.49721],[6.22251,50.49705],[6.22299,50.49657],[6.223,50.49656],[6.22325,50.49631],[6.2245,50.49506],[6.22455,50.49503],[6.22462,50.495],[6.22473,50.49495],[6.22629,50.4946],[6.22662,50.49435],[6.2268,50.49473],[6.22702,50.49518],[6.22756,50.49494],[6.22759,50.49497],[6.22765,50.49502],[6.22808,50.49541],[6.22798,50.49545],[6.22816,50.4956],[6.22888,50.49618],[6.22897,50.49626],[6.22912,50.49639],[6.22926,50.49651],[6.22943,50.49666],[6.2295,50.49679],[6.23,50.49721],[6.22991,50.4974],[6.23029,50.49756],[6.2303,50.49755],[6.23033,50.49752],[6.23042,50.49744],[6.23098,50.49739],[6.23132,50.49748],[6.23185,50.49767],[6.2318,50.49778],[6.23224,50.49787],[6.23236,50.49789],[6.23307,50.49796],[6.23328,50.49788],[6.23335,50.49775],[6.23372,50.49769],[6.23393,50.49792],[6.23406,50.49813],[6.23405,50.49833],[6.23411,50.49832],[6.23425,50.4983],[6.23444,50.49843],[6.2348,50.49846],[6.23512,50.49847],[6.23551,50.49847],[6.23628,50.49843],[6.23716,50.49843],[6.23806,50.49846],[6.23813,50.49858],[6.23845,50.49864],[6.23889,50.49888],[6.23891,50.49894],[6.23894,50.49903],[6.23895,50.49906],[6.23896,50.49907],[6.23897,50.49907],[6.23903,50.49906],[6.23911,50.49904],[6.23942,50.49898],[6.23977,50.49903],[6.24082,50.49915],[6.24118,50.49912],[6.24153,50.49891],[6.24181,50.4994],[6.24214,50.49957],[6.24292,50.49979],[6.24296,50.49985],[6.24319,50.49995],[6.24366,50.50018],[6.24399,50.50033],[6.2441,50.5004],[6.24412,50.50041],[6.2446,50.50071],[6.24465,50.50074],[6.24473,50.50079],[6.24476,50.50081],[6.24504,50.50098],[6.24507,50.501],[6.24509,50.50101],[6.24532,50.50115],[6.24533,50.50116],[6.24545,50.50123],[6.24546,50.50124],[6.24561,50.50133],[6.24571,50.50137],[6.2458,50.50141],[6.24582,50.50142],[6.24588,50.50144],[6.24591,50.50145],[6.24625,50.5016],[6.24641,50.50166],[6.24643,50.50167],[6.24647,50.50168],[6.24648,50.50169],[6.24681,50.50182],[6.24684,50.50183],[6.24686,50.50184],[6.24692,50.50187],[6.24709,50.50194],[6.24724,50.502],[6.24757,50.50214],[6.24769,50.50219],[6.24775,50.50221],[6.248,50.50227],[6.24834,50.50242],[6.24843,50.50246],[6.24853,50.50251],[6.24875,50.50258],[6.24899,50.50265],[6.24902,50.50266],[6.24919,50.50271],[6.24922,50.50272],[6.24925,50.50272],[6.24926,50.50273],[6.24928,50.50273],[6.24934,50.50275],[6.24932,50.50279],[6.2493,50.50281],[6.24927,50.50286],[6.24923,50.50293],[6.24922,50.50294],[6.24951,50.50303],[6.24982,50.50308],[6.25047,50.50319],[6.25094,50.50324],[6.25118,50.50333],[6.25123,50.50335],[6.25162,50.5035],[6.2517,50.50353],[6.25211,50.50336],[6.25278,50.50313],[6.2534,50.50291],[6.25371,50.50276],[6.25392,50.50258],[6.25402,50.50241],[6.25413,50.50212],[6.25427,50.5018],[6.25442,50.50164],[6.25469,50.50147],[6.25473,50.50144],[6.25476,50.50142],[6.25453,50.50117],[6.2545,50.5011],[6.25455,50.50099],[6.25457,50.50095],[6.25456,50.50089],[6.25455,50.50083],[6.25457,50.50078],[6.25459,50.50069],[6.25457,50.50065],[6.25448,50.50061],[6.25439,50.50054],[6.25437,50.50046],[6.25435,50.50013],[6.25435,50.50009],[6.25436,50.50007],[6.25439,50.50005],[6.25446,50.50004],[6.25451,50.50005],[6.25455,50.50007],[6.25461,50.50012],[6.25468,50.50016],[6.2547,50.50018],[6.25476,50.50016],[6.2548,50.50012],[6.25481,50.50004],[6.25481,50.5],[6.25477,50.4999],[6.25475,50.49988],[6.25472,50.49985],[6.25471,50.49987],[6.25469,50.49986],[6.25465,50.49985],[6.25462,50.49981],[6.25456,50.49973],[6.25456,50.49969],[6.25455,50.49961],[6.25453,50.4995],[6.25453,50.49945],[6.25459,50.49942],[6.25463,50.4994],[6.25468,50.49937],[6.25472,50.49936],[6.25511,50.49915],[6.25513,50.49914],[6.2556,50.49908],[6.2562,50.49909],[6.25686,50.49918],[6.25698,50.4992],[6.25747,50.49919],[6.25829,50.49922],[6.25835,50.49925],[6.25851,50.49932],[6.2589,50.49927],[6.25974,50.49917],[6.26072,50.49887],[6.26156,50.49874],[6.26203,50.49888],[6.26243,50.49899],[6.26251,50.49906],[6.26265,50.4992],[6.26291,50.49944],[6.26287,50.49964],[6.26334,50.49978],[6.26348,50.5001],[6.26395,50.50035],[6.26456,50.50083],[6.26474,50.50103],[6.26483,50.50111],[6.26551,50.50155],[6.26563,50.50162],[6.2657,50.50167],[6.26584,50.50198],[6.26612,50.50218],[6.26616,50.5022],[6.26618,50.50221],[6.26632,50.5023],[6.26653,50.50242],[6.2669,50.50265],[6.26697,50.5027],[6.26726,50.50293],[6.26737,50.50301],[6.26764,50.5032],[6.26793,50.50331],[6.26816,50.50339],[6.26823,50.50341],[6.26829,50.5036],[6.2683,50.50362],[6.26831,50.50363],[6.26862,50.50384],[6.26907,50.50409],[6.26927,50.5042],[6.26965,50.50453],[6.26966,50.50454],[6.27014,50.50434],[6.27039,50.50424],[6.27131,50.50385],[6.27233,50.50342],[6.27367,50.50286],[6.27484,50.50223],[6.27622,50.50257],[6.27877,50.50314],[6.27888,50.50314],[6.27998,50.50313],[6.28147,50.50312],[6.28166,50.50312],[6.28167,50.5031],[6.28231,50.50231],[6.28281,50.50167],[6.28339,50.50093],[6.28389,50.5003],[6.28438,50.49967],[6.28477,50.49912],[6.28478,50.49908],[6.28492,50.49901],[6.28513,50.49889],[6.2853,50.49891],[6.28603,50.49884],[6.28734,50.49871],[6.28875,50.49857],[6.29067,50.49838],[6.29214,50.49822],[6.29325,50.49812],[6.29473,50.49798],[6.29515,50.49795],[6.2957,50.49795],[6.29644,50.49796],[6.29662,50.49791],[6.29687,50.49781],[6.29716,50.49758],[6.29734,50.49748],[6.29743,50.49746],[6.29754,50.49743],[6.29774,50.49751],[6.29905,50.49836],[6.29929,50.49845],[6.29994,50.49862],[6.30071,50.49882],[6.3014,50.49912],[6.30169,50.49925],[6.30196,50.49953],[6.30234,50.49979],[6.30245,50.49984],[6.30258,50.49983],[6.30249,50.49962],[6.30247,50.49942],[6.30259,50.49926],[6.30277,50.4992],[6.30296,50.49926],[6.30348,50.49963],[6.30389,50.4998],[6.30542,50.5003],[6.30713,50.50087],[6.30894,50.50147],[6.30897,50.50148],[6.30908,50.50142],[6.31088,50.5005],[6.31297,50.49943],[6.31422,50.49915],[6.31419,50.49907],[6.31401,50.49854],[6.31425,50.49786],[6.31465,50.4975],[6.31652,50.49646],[6.31668,50.49641],[6.31668,50.49639],[6.31671,50.49632],[6.31671,50.49629],[6.31743,50.49605],[6.3178,50.49591],[6.31899,50.49543],[6.31983,50.49511],[6.32027,50.49497],[6.32077,50.49482],[6.32117,50.4947],[6.32171,50.49486],[6.32198,50.49496],[6.3221,50.49481],[6.32244,50.49438],[6.32272,50.49408],[6.32306,50.4938],[6.32334,50.49375],[6.32365,50.49378],[6.32429,50.4937],[6.32467,50.49368],[6.32565,50.49362],[6.32633,50.49365],[6.32663,50.49362],[6.32682,50.49367],[6.32721,50.49354],[6.32731,50.49355],[6.32737,50.49351],[6.32766,50.49348],[6.32786,50.4934],[6.32808,50.49335],[6.32818,50.49338],[6.32833,50.4933],[6.3285,50.49323],[6.32874,50.49329],[6.3289,50.49319],[6.32896,50.4932],[6.32899,50.4932],[6.32933,50.49308],[6.32943,50.49308],[6.32959,50.49301],[6.33002,50.49288],[6.33016,50.49288],[6.33026,50.49284],[6.33041,50.49284],[6.33061,50.49279],[6.33088,50.49277],[6.33103,50.49273],[6.33131,50.49269],[6.33191,50.49246],[6.33198,50.4924],[6.33203,50.49232],[6.33215,50.49228],[6.33223,50.49228],[6.33236,50.49225],[6.33259,50.49222],[6.33287,50.492],[6.33308,50.49151],[6.33311,50.49107],[6.33336,50.49081],[6.33354,50.49054],[6.33377,50.49026],[6.33396,50.49004],[6.33416,50.48981],[6.33446,50.48968],[6.3346,50.48959],[6.33473,50.48954],[6.33467,50.48947],[6.3347,50.48934],[6.33474,50.48927],[6.33477,50.48919],[6.33477,50.48916],[6.33476,50.48914],[6.33488,50.48912],[6.33498,50.48906],[6.33517,50.48903],[6.33524,50.48907],[6.33534,50.48899],[6.3354,50.48899],[6.33542,50.489],[6.33542,50.48907],[6.3355,50.48913],[6.33554,50.48914],[6.33565,50.48913],[6.33571,50.48909],[6.33593,50.48906],[6.33596,50.48905],[6.33597,50.48898],[6.33603,50.48893],[6.3361,50.48892],[6.33625,50.48895],[6.33635,50.48898],[6.33642,50.48898],[6.33651,50.4889],[6.33673,50.48894],[6.33677,50.48895],[6.33682,50.48901],[6.33696,50.48901],[6.33699,50.48899],[6.33705,50.48902],[6.33716,50.48902],[6.33731,50.48898],[6.33745,50.48901],[6.33767,50.48908],[6.3379,50.48913],[6.33794,50.48914],[6.33796,50.48908],[6.33797,50.48908],[6.33818,50.48912],[6.33825,50.48922],[6.33832,50.48933],[6.33859,50.48933],[6.3387,50.48936],[6.33894,50.48937],[6.33919,50.48933],[6.33934,50.48926],[6.33939,50.48931],[6.33939,50.48936],[6.33959,50.48937],[6.3397,50.48931],[6.3398,50.48935],[6.33989,50.48934],[6.33995,50.48937],[6.34008,50.48934],[6.34022,50.48933],[6.34035,50.48934],[6.3404,50.48935],[6.34043,50.48944],[6.34047,50.48944],[6.34052,50.48947],[6.34054,50.48946],[6.34062,50.48939],[6.34082,50.48943],[6.34121,50.48944],[6.34124,50.48949],[6.34143,50.48954],[6.34151,50.48954],[6.34166,50.48948],[6.34179,50.48952],[6.34188,50.48951],[6.34191,50.48946],[6.34196,50.48945],[6.34205,50.48944],[6.34214,50.48939],[6.34229,50.48937],[6.34234,50.48939],[6.34242,50.4894],[6.34249,50.48938],[6.34256,50.48938],[6.34263,50.48933],[6.34259,50.48931],[6.34259,50.48929],[6.34269,50.48926],[6.34278,50.48928],[6.34299,50.48924],[6.34305,50.48923],[6.34308,50.48924],[6.34319,50.48932],[6.3433,50.48924],[6.3434,50.48922],[6.34341,50.48928],[6.34343,50.48929],[6.34361,50.48926],[6.34363,50.48922],[6.34361,50.48919],[6.34366,50.48918],[6.34377,50.48919],[6.34392,50.48922],[6.34409,50.48923],[6.34414,50.48928],[6.34417,50.48928],[6.34431,50.48924],[6.34434,50.48931],[6.34442,50.48929],[6.34444,50.48924],[6.34448,50.48924],[6.34457,50.48928],[6.3446,50.48926],[6.3447,50.48925],[6.34481,50.48929],[6.34506,50.48927],[6.34515,50.48928],[6.34525,50.48925],[6.34527,50.48923],[6.34533,50.48917],[6.34554,50.4892],[6.34565,50.48915],[6.34571,50.48922],[6.34593,50.48918],[6.34604,50.48917],[6.34604,50.48924],[6.34612,50.48926],[6.34614,50.48926],[6.34614,50.4892],[6.34622,50.48912],[6.34635,50.48916],[6.34646,50.48913],[6.34664,50.48913],[6.34672,50.4891],[6.34678,50.48905],[6.34682,50.48904],[6.34701,50.48902],[6.34718,50.4891],[6.34728,50.48918],[6.34758,50.4892],[6.34759,50.48927],[6.3477,50.48928],[6.34775,50.48924],[6.34793,50.48928],[6.3482,50.48923],[6.34816,50.48912],[6.34822,50.48911],[6.34827,50.48911],[6.3483,50.48906],[6.34847,50.48906],[6.34849,50.48899],[6.34858,50.48896],[6.34862,50.48901],[6.34886,50.48897],[6.34883,50.48893],[6.34886,50.48889],[6.34884,50.48885],[6.349,50.48882],[6.34905,50.48886],[6.34916,50.48883],[6.3492,50.48872],[6.34925,50.48871],[6.34931,50.48875],[6.34946,50.48874],[6.34957,50.48874],[6.3495,50.48866],[6.34969,50.4886],[6.34973,50.48861],[6.34973,50.48867],[6.34985,50.48864],[6.35005,50.48865],[6.35017,50.48862],[6.35017,50.48858],[6.35012,50.48851],[6.35017,50.4885],[6.35023,50.48853],[6.35035,50.4885],[6.35045,50.48854],[6.35054,50.48847],[6.35071,50.48846],[6.3509,50.48834],[6.35098,50.48832],[6.35102,50.48831],[6.3511,50.48829],[6.35121,50.48829],[6.35122,50.48829],[6.35125,50.48829],[6.35129,50.48829],[6.35126,50.48823],[6.3512,50.48816],[6.35118,50.48808],[6.35124,50.48796],[6.35123,50.48794],[6.35109,50.4879],[6.35087,50.48791],[6.35067,50.48785],[6.35044,50.48783],[6.35023,50.48785],[6.35,50.48788],[6.34984,50.48774],[6.34966,50.48752],[6.3496,50.48736],[6.34952,50.48727],[6.34936,50.4872],[6.3489,50.48704],[6.34879,50.48704],[6.34858,50.48696],[6.34818,50.48685],[6.34813,50.48686],[6.34795,50.48688],[6.34786,50.48685],[6.34762,50.48668],[6.34723,50.48657],[6.34685,50.4864],[6.34657,50.4863],[6.34642,50.48627],[6.34627,50.4862],[6.34615,50.48608],[6.3459,50.48595],[6.34576,50.48579],[6.34412,50.48463],[6.3439,50.48455],[6.34364,50.4845],[6.34336,50.48435],[6.3431,50.48431],[6.34297,50.48423],[6.34288,50.48408],[6.34272,50.48399],[6.34249,50.48391],[6.34223,50.48372],[6.34205,50.48375],[6.34163,50.48348],[6.3415,50.48324],[6.34144,50.48306],[6.34135,50.48292],[6.34129,50.48289],[6.34102,50.48274],[6.34098,50.48256],[6.3411,50.48244],[6.34112,50.48233],[6.34097,50.4822],[6.34094,50.48202],[6.3411,50.4819],[6.34114,50.48121],[6.34093,50.48106],[6.34086,50.48099],[6.34082,50.48099],[6.3408,50.48092],[6.3408,50.48081],[6.34087,50.48072],[6.34091,50.48057],[6.34103,50.48049],[6.34113,50.48034],[6.34115,50.47979],[6.34112,50.47971],[6.34102,50.47965],[6.34102,50.47962],[6.34108,50.47953],[6.34115,50.47945],[6.34126,50.47938],[6.3413,50.47926],[6.34124,50.4791],[6.34123,50.47898],[6.34131,50.47866],[6.34135,50.47855],[6.34138,50.47852],[6.34143,50.47841],[6.3414,50.47824],[6.34138,50.47817],[6.34136,50.4781],[6.3413,50.47808],[6.34109,50.47811],[6.34106,50.47809],[6.34101,50.47808],[6.34097,50.478],[6.34091,50.47771],[6.34099,50.47766],[6.34104,50.47762],[6.34111,50.47749],[6.34107,50.47735],[6.34096,50.47728],[6.34085,50.47726],[6.3408,50.47724],[6.34063,50.47715],[6.34041,50.47711],[6.34029,50.47703],[6.34026,50.47697],[6.34028,50.47694],[6.34046,50.4769],[6.34049,50.47679],[6.3404,50.47667],[6.34021,50.47663],[6.34009,50.47659],[6.3399,50.47647],[6.33976,50.47636],[6.33971,50.47623],[6.33957,50.47606],[6.33956,50.47595],[6.33945,50.47589],[6.33932,50.47591],[6.33906,50.47586],[6.33903,50.47584],[6.33895,50.47574],[6.33891,50.47567],[6.33886,50.47554],[6.33875,50.47549],[6.33854,50.47542],[6.33844,50.47538],[6.33827,50.47536],[6.3381,50.47531],[6.33802,50.4751],[6.33796,50.475],[6.33796,50.47492],[6.33786,50.47485],[6.33755,50.47475],[6.33746,50.47468],[6.33751,50.47459],[6.33786,50.47426],[6.33793,50.4742],[6.33799,50.47413],[6.33792,50.47384],[6.33794,50.47374],[6.33786,50.47363],[6.33791,50.4735],[6.33792,50.47346],[6.33791,50.47343],[6.33781,50.47344],[6.33774,50.47346],[6.33753,50.47342],[6.33749,50.47335],[6.33749,50.4733],[6.33752,50.47327],[6.33778,50.47323],[6.33781,50.47323],[6.3379,50.47317],[6.33794,50.47304],[6.33807,50.473],[6.33812,50.47294],[6.3381,50.47289],[6.33785,50.47284],[6.33778,50.47284],[6.3377,50.4728],[6.33766,50.47275],[6.3377,50.47261],[6.33775,50.47261],[6.33782,50.47269],[6.33791,50.4727],[6.338,50.47266],[6.33806,50.47259],[6.33812,50.47245],[6.33819,50.47237],[6.33843,50.47223],[6.33857,50.47212],[6.33892,50.47204],[6.33917,50.47205],[6.33966,50.47202],[6.33985,50.47198],[6.34026,50.47207],[6.34055,50.47206],[6.34114,50.47191],[6.34139,50.47179],[6.34175,50.47145],[6.34199,50.47093],[6.34238,50.47069],[6.34254,50.47052],[6.34256,50.47036],[6.34276,50.47021],[6.34296,50.47015],[6.34314,50.47006],[6.34321,50.46991],[6.3432,50.46981],[6.34305,50.46967],[6.34307,50.46951],[6.34334,50.46941],[6.34334,50.46939],[6.34333,50.46911],[6.34336,50.46902],[6.34366,50.46883],[6.34372,50.46883],[6.34383,50.46881],[6.34383,50.4688],[6.34383,50.46879],[6.34384,50.46877],[6.34382,50.46868],[6.34359,50.46814],[6.34341,50.46779],[6.34335,50.4676],[6.34329,50.46731],[6.34306,50.46708],[6.34288,50.46661],[6.34278,50.46645],[6.34268,50.46629],[6.34256,50.46598],[6.3422,50.46569],[6.34204,50.46546],[6.34191,50.46523],[6.34183,50.46505],[6.34176,50.46477],[6.34162,50.46459],[6.34148,50.46442],[6.34131,50.4643],[6.34093,50.46401],[6.34052,50.46361],[6.34039,50.46341],[6.34029,50.4631],[6.34022,50.46277],[6.34027,50.46261],[6.34038,50.46244],[6.34041,50.46226],[6.34067,50.46203],[6.34097,50.46181],[6.34144,50.46154],[6.34153,50.46149],[6.34171,50.46144],[6.34184,50.46135],[6.34212,50.46124],[6.34231,50.46118],[6.34265,50.46114],[6.34282,50.46104],[6.3431,50.46096],[6.34314,50.46094],[6.34359,50.46067],[6.34404,50.46037],[6.34412,50.46032],[6.34424,50.46024],[6.34428,50.46002],[6.34452,50.4597],[6.34462,50.45955],[6.34481,50.45943],[6.34501,50.45931],[6.34509,50.45923],[6.34517,50.45919],[6.34558,50.45896],[6.34606,50.45878],[6.34628,50.45871],[6.3465,50.45868],[6.3475,50.45862],[6.34811,50.4584],[6.34822,50.45843],[6.34862,50.45823],[6.34912,50.45791],[6.3494,50.45766],[6.34957,50.45734],[6.34968,50.45703],[6.34976,50.45693],[6.34994,50.45682],[6.3504,50.45663],[6.35091,50.45656],[6.35141,50.45652],[6.35169,50.45653],[6.35272,50.45654],[6.35279,50.45653],[6.35333,50.45641],[6.35345,50.45621],[6.35347,50.45618],[6.35388,50.45617],[6.35404,50.45619],[6.35419,50.45617],[6.35452,50.45616],[6.35469,50.45624],[6.35519,50.45645],[6.35533,50.45647],[6.3556,50.45646],[6.35626,50.45647],[6.35644,50.45653],[6.3568,50.45648],[6.35709,50.45631],[6.3579,50.45602],[6.35864,50.45557],[6.3593,50.45517],[6.36009,50.45475],[6.36071,50.45455],[6.36137,50.45434],[6.3624,50.45411],[6.36295,50.45379],[6.36298,50.45379],[6.36302,50.4538],[6.36434,50.45405],[6.36628,50.45443],[6.36809,50.45478],[6.36993,50.45514],[6.37182,50.45551],[6.37184,50.45549],[6.37252,50.45472],[6.37341,50.45371],[6.37438,50.45231],[6.37476,50.45133],[6.37514,50.45035],[6.37561,50.44858],[6.37573,50.44812],[6.37596,50.44725],[6.376,50.44711],[6.37605,50.44691],[6.37615,50.44652],[6.37623,50.44621],[6.37633,50.44584],[6.3764,50.44554],[6.37652,50.44505],[6.3766,50.44472],[6.37666,50.44447],[6.37681,50.44387],[6.37687,50.44359],[6.37694,50.44333],[6.37702,50.443],[6.37703,50.44293],[6.37731,50.44178],[6.37735,50.44161],[6.37738,50.44144],[6.37741,50.44135],[6.37743,50.44061],[6.37744,50.44034],[6.37639,50.43985],[6.37676,50.43972],[6.37727,50.43956],[6.37745,50.43955],[6.37746,50.43922],[6.37746,50.43887],[6.37746,50.43881],[6.37745,50.43874],[6.37739,50.43847],[6.3773,50.438],[6.37729,50.43796],[6.37715,50.43731],[6.37704,50.43678],[6.3768,50.43558],[6.37659,50.43464],[6.37655,50.43447],[6.37648,50.43404],[6.37642,50.43368],[6.37637,50.4335],[6.3763,50.43321],[6.37625,50.43304],[6.37616,50.43251],[6.37608,50.43203],[6.37596,50.43148],[6.37581,50.43124],[6.37571,50.43115],[6.37565,50.43111],[6.37534,50.4309],[6.37508,50.43073],[6.37449,50.43021],[6.37432,50.43006],[6.37426,50.43],[6.37412,50.42974],[6.37409,50.42968],[6.37394,50.42933],[6.37386,50.42897],[6.37391,50.4287],[6.37397,50.42845],[6.37397,50.42831],[6.37396,50.4283],[6.37384,50.42811],[6.37341,50.42756],[6.37336,50.42741],[6.37299,50.427],[6.37248,50.42644],[6.37224,50.42586],[6.37206,50.42543],[6.37125,50.42462],[6.37123,50.4246],[6.37074,50.42411],[6.37066,50.42403],[6.37014,50.4234],[6.36993,50.42315],[6.36959,50.42279],[6.36886,50.42203],[6.36831,50.42146],[6.36813,50.42125],[6.3674,50.42048],[6.36699,50.42001],[6.36677,50.41973],[6.36674,50.41956],[6.36673,50.41949],[6.36672,50.41946],[6.3667,50.41932],[6.36675,50.41905],[6.36687,50.41872],[6.36696,50.41846],[6.36719,50.41786],[6.3675,50.41697],[6.3678,50.41609],[6.36811,50.41521],[6.36843,50.41433],[6.36861,50.41386],[6.36863,50.4138],[6.36865,50.41375],[6.36924,50.41197],[6.36966,50.41083],[6.3699,50.41022],[6.36991,50.41017],[6.36992,50.41012],[6.37002,50.40973],[6.37006,50.40932],[6.37003,50.40911],[6.36996,50.4089],[6.3697,50.40839],[6.36959,50.40816],[6.36915,50.40741],[6.36899,50.4071],[6.36867,50.40656],[6.36818,50.40572],[6.36769,50.40487],[6.36693,50.40357],[6.36693,50.40356],[6.3669,50.40352],[6.36622,50.40234],[6.36562,50.40132],[6.3653,50.40096],[6.36506,50.40079],[6.36474,50.40056],[6.36403,50.40015],[6.36297,50.39955],[6.36193,50.39894],[6.36122,50.39854],[6.36088,50.39831],[6.36082,50.39826],[6.36079,50.39823],[6.36001,50.39756],[6.36,50.39755],[6.35998,50.39753],[6.3593,50.39691],[6.35842,50.39611],[6.35818,50.39589],[6.35799,50.39571],[6.35791,50.3956],[6.35787,50.39555],[6.35781,50.39527],[6.35779,50.39505],[6.35775,50.39437],[6.35771,50.39347],[6.35766,50.39256],[6.35758,50.39197],[6.3575,50.39167],[6.35723,50.39118],[6.35696,50.39074],[6.35686,50.39064],[6.35683,50.39062],[6.35658,50.39039],[6.35623,50.39015],[6.35523,50.38961],[6.35511,50.38954],[6.35306,50.38845],[6.35254,50.38817],[6.35208,50.38793],[6.35201,50.38789],[6.3513,50.38752],[6.35109,50.38742],[6.3498,50.38674],[6.34952,50.38659],[6.34871,50.38616],[6.34834,50.38597],[6.34829,50.38594],[6.34701,50.38527],[6.34685,50.38516],[6.34664,50.38492],[6.34596,50.38413],[6.34539,50.38344],[6.34511,50.3831],[6.34508,50.38307],[6.34437,50.3822],[6.34391,50.38165],[6.34388,50.38161],[6.34361,50.38129],[6.34342,50.38107],[6.34334,50.38098],[6.34331,50.38094],[6.34329,50.38091],[6.34303,50.38061],[6.34306,50.3806],[6.34314,50.38055],[6.34318,50.38054],[6.34294,50.38025],[6.34325,50.37975],[6.34327,50.37971],[6.34332,50.37963],[6.34334,50.37961],[6.34336,50.37957],[6.34444,50.37929],[6.34467,50.37923],[6.34501,50.37915],[6.34529,50.37909],[6.34608,50.37889],[6.34618,50.37886],[6.3463,50.37883],[6.34634,50.37882],[6.34704,50.37862],[6.34734,50.37853],[6.34759,50.37842],[6.34788,50.37824],[6.34884,50.3776],[6.34939,50.37722],[6.34948,50.37716],[6.35003,50.37679],[6.35054,50.37644],[6.35092,50.37617],[6.35124,50.37587],[6.35157,50.37539],[6.35194,50.37497],[6.35225,50.37454],[6.35252,50.37426],[6.35288,50.37397],[6.3532,50.37372],[6.3534,50.37359],[6.35383,50.37349],[6.35414,50.37347],[6.35461,50.37348],[6.35504,50.3735],[6.35548,50.37351],[6.35588,50.37346],[6.3562,50.37339],[6.35655,50.37327],[6.35683,50.37316],[6.35688,50.37314],[6.35692,50.37312],[6.35734,50.37294],[6.35822,50.37255],[6.359,50.37219],[6.35971,50.37187],[6.36039,50.37156],[6.36067,50.37143],[6.36087,50.37128],[6.36108,50.37106],[6.36164,50.37039],[6.36212,50.36982],[6.36215,50.36979],[6.36269,50.36915],[6.36291,50.36893],[6.36365,50.36829],[6.3637,50.36824],[6.36408,50.36791],[6.36412,50.36787],[6.36439,50.36763],[6.36443,50.36759],[6.36453,50.36751],[6.36401,50.36771],[6.36367,50.3678],[6.36354,50.36782],[6.36406,50.36727],[6.36459,50.36669],[6.36489,50.36638],[6.3662,50.36498],[6.36648,50.36469],[6.36652,50.36465],[6.36656,50.3646],[6.36659,50.36457],[6.36659,50.36455],[6.36671,50.36417],[6.36677,50.36397],[6.36683,50.36375],[6.36685,50.36369],[6.36694,50.36356],[6.36706,50.36342],[6.36713,50.36333],[6.36718,50.3632],[6.3672,50.36307],[6.36721,50.363],[6.36762,50.36268],[6.36827,50.36217],[6.3685,50.362],[6.36901,50.36164],[6.36931,50.36137],[6.36949,50.36123],[6.36977,50.36106],[6.36919,50.36064],[6.36871,50.36033],[6.36901,50.36017],[6.36812,50.35966],[6.36744,50.35925],[6.36748,50.35924],[6.36769,50.3592],[6.36703,50.35877],[6.36744,50.35855],[6.36775,50.35838],[6.36777,50.35837],[6.36788,50.35826],[6.368,50.35815],[6.36803,50.35813],[6.36806,50.35811],[6.36809,50.35809],[6.36827,50.3582],[6.36853,50.35834],[6.36874,50.35845],[6.36897,50.35855],[6.36921,50.35864],[6.36996,50.3589],[6.3703,50.35853],[6.37064,50.35814],[6.37125,50.35833],[6.37153,50.35842],[6.37167,50.35836],[6.3718,50.35833],[6.37208,50.3583],[6.37224,50.35823],[6.37243,50.35815],[6.37248,50.35822],[6.37251,50.35825],[6.37254,50.35828],[6.37265,50.35816],[6.37287,50.35808],[6.37293,50.35803],[6.37324,50.35811],[6.3734,50.35815],[6.37365,50.3572],[6.37389,50.35712],[6.37409,50.35709],[6.37421,50.3571],[6.37431,50.35715],[6.37435,50.35723],[6.37438,50.35736],[6.37451,50.35741],[6.37509,50.35685],[6.37536,50.3566],[6.37538,50.35657],[6.37542,50.35655],[6.37613,50.35598],[6.37634,50.35515],[6.37636,50.35518],[6.3764,50.35523],[6.37706,50.35599],[6.37759,50.35554],[6.37783,50.35528],[6.37807,50.35506],[6.37877,50.35435],[6.37903,50.35405],[6.37946,50.3537],[6.37949,50.35372],[6.37953,50.35374],[6.37956,50.35375],[6.37975,50.35385],[6.37998,50.35376],[6.38061,50.3535],[6.38092,50.35338],[6.38109,50.35346],[6.38193,50.35385],[6.38215,50.35395],[6.38308,50.35429],[6.38363,50.35398],[6.38386,50.35384],[6.38431,50.35362],[6.38494,50.35326],[6.38495,50.35323],[6.38491,50.3532],[6.38406,50.35299],[6.3841,50.35296],[6.38417,50.35291],[6.38418,50.3529],[6.38446,50.35271],[6.38483,50.35244],[6.38493,50.35238],[6.38467,50.35208],[6.3847,50.35173],[6.38509,50.35157],[6.3859,50.35123],[6.38613,50.35113],[6.38706,50.35182],[6.38727,50.35197],[6.38817,50.35147],[6.38924,50.35088],[6.39011,50.35036],[6.3912,50.34978],[6.39163,50.34952],[6.39226,50.34919],[6.39334,50.34861],[6.39438,50.34802],[6.39515,50.34755],[6.39625,50.34696],[6.39685,50.34665],[6.39689,50.34662],[6.39781,50.34612],[6.39828,50.34584],[6.3987,50.34557],[6.39894,50.34538],[6.39946,50.34495],[6.39977,50.34465],[6.4,50.34437],[6.40015,50.3441],[6.40029,50.34369],[6.40032,50.34353],[6.40033,50.34317],[6.40033,50.34312],[6.40035,50.34245],[6.40031,50.34214],[6.40026,50.34185],[6.40027,50.3418],[6.40029,50.34152],[6.40031,50.34118],[6.40029,50.34062],[6.4003,50.3404],[6.40028,50.34013],[6.40029,50.33993],[6.40024,50.33924],[6.40024,50.33879],[6.40024,50.33876],[6.40024,50.33873],[6.40023,50.33869],[6.40028,50.33852],[6.40034,50.33839],[6.40042,50.33827],[6.40051,50.33816],[6.40067,50.33801],[6.40095,50.33784],[6.40124,50.33772],[6.40171,50.33765],[6.4021,50.3376],[6.40218,50.33759],[6.40272,50.33749],[6.40408,50.33728],[6.4047,50.33719],[6.40536,50.33707],[6.40605,50.33696],[6.40635,50.33691],[6.40655,50.33686],[6.40693,50.3367],[6.40715,50.33659],[6.40742,50.3364],[6.40765,50.33622],[6.40779,50.33608],[6.40797,50.33586],[6.40804,50.33572],[6.40809,50.33558],[6.4081,50.33541],[6.40808,50.3353],[6.40807,50.33527],[6.40798,50.33493],[6.40792,50.33466],[6.40789,50.33447],[6.40784,50.3342],[6.40784,50.33417],[6.40779,50.33392],[6.40778,50.33389],[6.40776,50.33382],[6.40776,50.3338],[6.40767,50.3334],[6.40755,50.33288],[6.40739,50.3321],[6.40731,50.33173],[6.40713,50.33097],[6.40694,50.33003],[6.40688,50.32962],[6.40678,50.32927],[6.40673,50.32906],[6.4066,50.32842],[6.40655,50.3281],[6.40653,50.32803],[6.4064,50.32743],[6.40625,50.32676],[6.40617,50.32638],[6.40611,50.32609],[6.40597,50.32544],[6.40584,50.32475],[6.40568,50.32408],[6.40554,50.32337],[6.40553,50.32334],[6.40567,50.32332],[6.40577,50.32331],[6.40633,50.32325],[6.40661,50.32324],[6.4069,50.32326],[6.40751,50.32333],[6.4076,50.32334],[6.40779,50.32331],[6.40888,50.32309],[6.40917,50.32303],[6.40936,50.323],[6.40948,50.323],[6.40957,50.32301],[6.40961,50.32301],[6.40969,50.32302],[6.41127,50.3233],[6.41184,50.32341],[6.41267,50.32355],[6.41277,50.32357],[6.41304,50.32373],[6.41325,50.32385],[6.41336,50.32391],[6.41372,50.32403],[6.41445,50.32426],[6.41484,50.32433],[6.41515,50.32435],[6.41551,50.32434],[6.41564,50.32434],[6.41575,50.32433],[6.41578,50.32432],[6.41619,50.3243],[6.41637,50.32428],[6.41643,50.32427],[6.41648,50.32426],[6.41653,50.32425],[6.41721,50.32411],[6.41779,50.32398],[6.41861,50.3237],[6.41912,50.32357],[6.41933,50.32353],[6.4195,50.32352],[6.41963,50.32351],[6.41977,50.32347],[6.41986,50.32345],[6.41991,50.32343],[6.41996,50.3234],[6.42023,50.32324],[6.42064,50.3232],[6.42107,50.32316],[6.42184,50.32308],[6.42303,50.32295],[6.424,50.32287],[6.42485,50.32276],[6.42518,50.32272],[6.42527,50.32271],[6.42534,50.32271],[6.4254,50.32271],[6.42553,50.32269],[6.42578,50.32269],[6.42597,50.32277],[6.4261,50.32286],[6.42605,50.32297],[6.42601,50.32297],[6.42603,50.32309],[6.42601,50.32315],[6.42594,50.32322],[6.42564,50.32346],[6.4255,50.32359],[6.42541,50.32366],[6.42528,50.32374],[6.4251,50.32394],[6.42495,50.32414],[6.42478,50.32436],[6.42456,50.3246],[6.4244,50.32474],[6.42419,50.32485],[6.42411,50.32494],[6.42411,50.32511],[6.4242,50.32542],[6.42429,50.32572],[6.42435,50.32599],[6.42444,50.3262],[6.42458,50.32631],[6.42483,50.32645],[6.42515,50.32661],[6.42521,50.32662],[6.42488,50.32707],[6.42408,50.32775],[6.42404,50.32778],[6.42379,50.32807],[6.42367,50.32819],[6.42302,50.32893],[6.42294,50.32901],[6.42289,50.32907],[6.42259,50.32949],[6.4225,50.32961],[6.42249,50.32963],[6.42246,50.32967],[6.42224,50.33029],[6.42217,50.33073],[6.42228,50.33114],[6.42231,50.33128],[6.4224,50.3316],[6.42251,50.33171],[6.42264,50.33181],[6.42283,50.3319],[6.42305,50.332],[6.42323,50.33208],[6.42339,50.33219],[6.42355,50.33235],[6.42411,50.33305],[6.42416,50.33353],[6.42425,50.33373],[6.42417,50.33373],[6.42377,50.33372],[6.42324,50.33373],[6.42248,50.33373],[6.42173,50.3337],[6.4212,50.33369],[6.42055,50.33366],[6.42024,50.33364],[6.41991,50.33361],[6.41945,50.33358],[6.41895,50.33355],[6.41843,50.33353],[6.41834,50.33352],[6.41826,50.33351],[6.41806,50.33347],[6.41793,50.33343],[6.41783,50.33342],[6.41655,50.33285],[6.41652,50.33286],[6.41646,50.33288],[6.41625,50.33289],[6.41597,50.33287],[6.41585,50.33286],[6.41572,50.33285],[6.41539,50.33281],[6.41493,50.33275],[6.41432,50.33328],[6.41411,50.33346],[6.41355,50.33395],[6.41329,50.33418],[6.41303,50.33443],[6.41292,50.33473],[6.41255,50.33519],[6.41216,50.33568],[6.41215,50.33569],[6.41209,50.33576],[6.41202,50.33584],[6.41171,50.33619],[6.41136,50.33658],[6.41122,50.33669],[6.41087,50.33697],[6.41063,50.33717],[6.41053,50.33723],[6.41048,50.33723],[6.4104,50.33732],[6.41029,50.33745],[6.41014,50.33759],[6.40995,50.33776],[6.40816,50.33947],[6.40804,50.33957],[6.40771,50.3399],[6.40747,50.34014],[6.40682,50.34072],[6.40675,50.34086],[6.40615,50.3417],[6.40544,50.34269],[6.40548,50.34271],[6.4052,50.34309],[6.40519,50.34311],[6.40485,50.3437],[6.40475,50.34386],[6.40466,50.34402],[6.40447,50.34433],[6.40425,50.34467],[6.40395,50.34516],[6.40368,50.34562],[6.40366,50.34566],[6.40354,50.34585],[6.40329,50.34655],[6.40329,50.34721],[6.40348,50.34802],[6.40365,50.34874],[6.40374,50.34916],[6.40378,50.34933],[6.40381,50.34948],[6.40379,50.34966],[6.40383,50.34976],[6.40384,50.34977],[6.40395,50.35002],[6.40406,50.35021],[6.40405,50.35022],[6.40412,50.35035],[6.40396,50.35031],[6.40398,50.35037],[6.40401,50.35049],[6.40402,50.35053],[6.40415,50.35056],[6.40441,50.35062],[6.40465,50.35069],[6.40452,50.35084],[6.40429,50.35105],[6.40426,50.35108],[6.40421,50.35112],[6.40421,50.35113],[6.4035,50.35183],[6.40342,50.35191],[6.40341,50.35192],[6.40334,50.35199],[6.40232,50.353],[6.40184,50.35358],[6.40182,50.35361],[6.40179,50.35365],[6.4017,50.35377],[6.4015,50.35404],[6.40139,50.35417],[6.40137,50.35421],[6.40134,50.35425],[6.40129,50.35432],[6.40119,50.35446],[6.40071,50.35509],[6.40055,50.35525],[6.39996,50.35594],[6.39993,50.35598],[6.39878,50.35685],[6.39868,50.35693],[6.3986,50.35699],[6.39836,50.35718],[6.39774,50.35756],[6.39724,50.35787],[6.39754,50.35804],[6.39782,50.35823],[6.39811,50.35844],[6.39833,50.35863],[6.39854,50.35884],[6.39865,50.35899],[6.3987,50.35906],[6.39886,50.35926],[6.39889,50.3593],[6.39899,50.35946],[6.39912,50.35959],[6.39925,50.3597],[6.39945,50.35981],[6.39964,50.35992],[6.39984,50.36001],[6.4001,50.3601],[6.40043,50.36021],[6.4008,50.36033],[6.40123,50.36046],[6.40132,50.3605],[6.40146,50.36055],[6.40167,50.36062],[6.40179,50.36067],[6.40205,50.36077],[6.4023,50.36089],[6.40266,50.36104],[6.40286,50.36114],[6.40301,50.36122],[6.40328,50.36139],[6.40364,50.36161],[6.40404,50.36191],[6.40437,50.36217],[6.40464,50.36242],[6.40487,50.36265],[6.40512,50.3629],[6.40534,50.36314],[6.40554,50.36337],[6.40577,50.36364],[6.40587,50.36375],[6.40574,50.36373],[6.40549,50.3637],[6.40535,50.36368],[6.40524,50.36367],[6.40517,50.36366],[6.4046,50.36358],[6.40387,50.36344],[6.403,50.36323],[6.40086,50.36268],[6.39924,50.36226],[6.39738,50.36183],[6.39651,50.36165],[6.3958,50.36152],[6.3955,50.36148],[6.39523,50.36167],[6.39475,50.36222],[6.39457,50.36314],[6.39463,50.36333],[6.39471,50.36367],[6.39536,50.36385],[6.39557,50.36413],[6.39567,50.36426],[6.39617,50.36456],[6.3962,50.36458],[6.39637,50.36484],[6.3974,50.36538],[6.3977,50.36569],[6.39785,50.36584],[6.39779,50.36634],[6.3977,50.36649],[6.39764,50.3667],[6.39753,50.36688],[6.39743,50.36702],[6.39738,50.36726],[6.39736,50.36731],[6.3973,50.36751],[6.39675,50.36742],[6.39587,50.36727],[6.3955,50.36721],[6.39506,50.36717],[6.3949,50.36716],[6.39479,50.36728],[6.39474,50.36733],[6.39469,50.36737],[6.39458,50.36752],[6.39447,50.36764],[6.3944,50.36764],[6.39434,50.36768],[6.39434,50.3677],[6.39427,50.3677],[6.39424,50.36773],[6.39436,50.36779],[6.39431,50.36784],[6.39417,50.36784],[6.39414,50.36787],[6.39418,50.3679],[6.3941,50.36798],[6.39406,50.36805],[6.39416,50.36807],[6.39407,50.36812],[6.394,50.36811],[6.39398,50.36816],[6.39402,50.36819],[6.394,50.36821],[6.39384,50.36816],[6.39377,50.36819],[6.39377,50.36824],[6.39385,50.36825],[6.39388,50.3683],[6.39383,50.36832],[6.39385,50.36834],[6.3938,50.36837],[6.39383,50.36837],[6.39384,50.3684],[6.39381,50.36842],[6.39377,50.36842],[6.39374,50.36841],[6.39376,50.36845],[6.39372,50.36848],[6.39377,50.3685],[6.39373,50.36855],[6.39373,50.36859],[6.39381,50.36857],[6.39385,50.36863],[6.39377,50.3687],[6.39384,50.36876],[6.39382,50.36881],[6.39382,50.36889],[6.39378,50.36889],[6.39371,50.36886],[6.39366,50.36892],[6.39371,50.36893],[6.39362,50.36898],[6.39366,50.369],[6.39363,50.36909],[6.39366,50.36915],[6.39364,50.36924],[6.39356,50.36928],[6.39359,50.36934],[6.39355,50.36947],[6.39343,50.36954],[6.39342,50.36958],[6.39329,50.36962],[6.39324,50.3696],[6.39321,50.36969],[6.39318,50.36971],[6.39314,50.36975],[6.3931,50.36983],[6.39295,50.36983],[6.39287,50.36987],[6.39282,50.3699],[6.39281,50.36993],[6.39282,50.36997],[6.39287,50.36999],[6.39288,50.37003],[6.39287,50.37007],[6.39285,50.37007],[6.39281,50.37009],[6.39281,50.37013],[6.39278,50.37017],[6.39275,50.37023],[6.3928,50.37025],[6.39277,50.37037],[6.39276,50.3704],[6.39272,50.37044],[6.39266,50.37048],[6.3926,50.3705],[6.39254,50.37052],[6.39251,50.37056],[6.39247,50.37059],[6.3924,50.37061],[6.39236,50.3706],[6.39231,50.3706],[6.39225,50.37062],[6.39224,50.37066],[6.39223,50.3707],[6.39216,50.37074],[6.39213,50.37077],[6.39207,50.37081],[6.39201,50.37082],[6.39192,50.37083],[6.39179,50.37084],[6.39178,50.37084],[6.39173,50.37088],[6.39167,50.37089],[6.39164,50.37094],[6.3916,50.37095],[6.39155,50.37093],[6.39149,50.37092],[6.39147,50.37093],[6.39143,50.37096],[6.39137,50.37094],[6.39132,50.37094],[6.39127,50.37098],[6.39125,50.37101],[6.39122,50.37107],[6.39118,50.37111],[6.39113,50.37115],[6.39109,50.37118],[6.39107,50.37121],[6.39106,50.37125],[6.39106,50.37129],[6.391,50.3713],[6.39091,50.37131],[6.3908,50.37132],[6.39075,50.37134],[6.39069,50.37136],[6.39062,50.37139],[6.39057,50.3714],[6.39056,50.3714],[6.39046,50.37142],[6.39029,50.37143],[6.38953,50.37152],[6.38909,50.3716],[6.38905,50.3716],[6.38919,50.37192],[6.38934,50.37233],[6.38966,50.37319],[6.38966,50.37326],[6.38963,50.37333],[6.38955,50.37441],[6.38949,50.37484],[6.3893,50.3752],[6.38921,50.37634],[6.3892,50.37651],[6.3892,50.37656],[6.38953,50.37724],[6.38972,50.37757],[6.38974,50.37761],[6.38974,50.37763],[6.38975,50.37769],[6.38978,50.37797],[6.38981,50.378],[6.38987,50.37802],[6.38992,50.37804],[6.38995,50.37808],[6.39,50.37811],[6.39005,50.37814],[6.39013,50.37818],[6.39021,50.37821],[6.39024,50.37824],[6.39027,50.37827],[6.39028,50.3783],[6.39028,50.37832],[6.39034,50.37835],[6.3904,50.37838],[6.39046,50.37843],[6.39052,50.37848],[6.39056,50.37854],[6.39059,50.37858],[6.39075,50.37867],[6.39078,50.37868],[6.39099,50.37869],[6.39097,50.37874],[6.39106,50.37876],[6.39117,50.37879],[6.39122,50.37882],[6.39129,50.37886],[6.3914,50.37894],[6.3915,50.37904],[6.3916,50.37906],[6.39167,50.37909],[6.39173,50.37913],[6.39178,50.37917],[6.39177,50.37923],[6.39194,50.37942],[6.392,50.37945],[6.39205,50.37949],[6.39206,50.37953],[6.39205,50.37956],[6.39201,50.3796],[6.39197,50.37963],[6.39191,50.37968],[6.39189,50.37969],[6.39186,50.37971],[6.39185,50.37973],[6.39183,50.37975],[6.39183,50.37977],[6.39183,50.3798],[6.39183,50.37981],[6.39182,50.37983],[6.39178,50.37985],[6.39175,50.37986],[6.3917,50.37987],[6.39165,50.37987],[6.39162,50.37989],[6.39161,50.3799],[6.39161,50.37993],[6.39158,50.37995],[6.39154,50.37996],[6.39148,50.37996],[6.39132,50.37989],[6.39131,50.37987],[6.39134,50.37984],[6.39135,50.3798],[6.39132,50.37981],[6.39131,50.37982],[6.39129,50.37983],[6.39123,50.37986],[6.39117,50.37991],[6.39112,50.37996],[6.39106,50.38001],[6.39102,50.38004],[6.39096,50.38006],[6.39091,50.38007],[6.39088,50.38008],[6.39086,50.3801],[6.39083,50.38014],[6.39082,50.38017],[6.39083,50.38019],[6.39086,50.38023],[6.39086,50.38025],[6.39085,50.38027],[6.39082,50.38031],[6.39078,50.38032],[6.39074,50.38033],[6.39069,50.38033],[6.39064,50.38033],[6.39059,50.38033],[6.39056,50.38034],[6.39049,50.38045],[6.39047,50.38049],[6.39044,50.38051],[6.39041,50.38051],[6.39038,50.38049],[6.39034,50.38047],[6.39029,50.38048],[6.39025,50.38049],[6.39022,50.38053],[6.39015,50.38057],[6.39009,50.3806],[6.39003,50.38062],[6.38997,50.38063],[6.38988,50.38061],[6.38981,50.3806],[6.38976,50.38061],[6.38972,50.38063],[6.38969,50.38068],[6.38965,50.38071],[6.3896,50.38072],[6.38953,50.38071],[6.38942,50.38067],[6.38934,50.38065],[6.38925,50.38064],[6.38919,50.38065],[6.38915,50.38067],[6.38911,50.38071],[6.38908,50.38071],[6.38904,50.38071],[6.38898,50.3807],[6.38891,50.38071],[6.38891,50.38073],[6.38892,50.38075],[6.38895,50.38077],[6.38897,50.38079],[6.38896,50.38083],[6.38895,50.38086],[6.38898,50.38088],[6.38901,50.3809],[6.38903,50.38092],[6.38903,50.38094],[6.38898,50.38098],[6.38893,50.38099],[6.38888,50.381],[6.38883,50.38102],[6.38879,50.38105],[6.38876,50.38109],[6.38874,50.38112],[6.3887,50.38113],[6.38866,50.38112],[6.38862,50.38111],[6.38859,50.38113],[6.38855,50.38115],[6.38851,50.38115],[6.38849,50.38112],[6.3885,50.38111],[6.38848,50.38107],[6.38843,50.38108],[6.38841,50.38111],[6.3884,50.38115],[6.38839,50.38123],[6.3884,50.38129],[6.38839,50.38133],[6.38835,50.38137],[6.38829,50.3814],[6.38821,50.38143],[6.38821,50.38145],[6.38821,50.38147],[6.38818,50.3815],[6.38813,50.38152],[6.38809,50.38155],[6.38806,50.38155],[6.38799,50.38154],[6.38792,50.38155],[6.3879,50.38158],[6.38788,50.38159],[6.3878,50.3816],[6.38777,50.38162],[6.38775,50.38164],[6.38776,50.38169],[6.38777,50.38171],[6.38775,50.38174],[6.38772,50.38175],[6.38768,50.38175],[6.38765,50.38176],[6.38762,50.38179],[6.38758,50.38182],[6.38757,50.38186],[6.38756,50.3819],[6.38754,50.38195],[6.38753,50.38198],[6.38749,50.38201],[6.38745,50.38203],[6.38744,50.38205],[6.38743,50.38208],[6.38741,50.38211],[6.38737,50.38212],[6.38734,50.38213],[6.38731,50.38215],[6.38725,50.38225],[6.3872,50.38232],[6.38717,50.38236],[6.38711,50.38239],[6.38707,50.3824],[6.38703,50.38239],[6.38698,50.38237],[6.38692,50.38234],[6.38687,50.38232],[6.38683,50.38232],[6.38677,50.38235],[6.38676,50.38239],[6.38672,50.38241],[6.38668,50.38242],[6.38662,50.38244],[6.38658,50.38246],[6.38657,50.38249],[6.38659,50.38254],[6.3866,50.3826],[6.38658,50.38262],[6.38647,50.38271],[6.38646,50.38274],[6.38647,50.38276],[6.38647,50.38279],[6.38642,50.38282],[6.38635,50.38284],[6.38629,50.38285],[6.38622,50.38287],[6.38618,50.38288],[6.38616,50.3829],[6.38616,50.38292],[6.38617,50.38295],[6.38618,50.38297],[6.38616,50.383],[6.38614,50.38303],[6.38607,50.38306],[6.386,50.38309],[6.38597,50.38312],[6.38595,50.38319],[6.38594,50.38324],[6.38591,50.38328],[6.38588,50.38329],[6.3858,50.3833],[6.38579,50.38332],[6.38576,50.38337],[6.38573,50.38337],[6.38569,50.38338],[6.38565,50.3834],[6.38562,50.38343],[6.3856,50.38349],[6.38559,50.38354],[6.38555,50.38357],[6.38551,50.38358],[6.38545,50.38362],[6.38541,50.38363],[6.38537,50.38364],[6.38535,50.38367],[6.38533,50.38369],[6.38529,50.3837],[6.38519,50.38373],[6.38512,50.38376],[6.3851,50.3838],[6.3851,50.38383],[6.38511,50.38387],[6.3851,50.38391],[6.38508,50.38395],[6.38503,50.38398],[6.38496,50.38399],[6.38485,50.38401],[6.3849,50.3841],[6.38497,50.38413],[6.38499,50.38415],[6.38639,50.3844],[6.39047,50.38514],[6.39308,50.38561],[6.39336,50.38566],[6.39341,50.38567],[6.39446,50.38586],[6.39466,50.3859],[6.39706,50.38632],[6.39787,50.38646],[6.40048,50.38697],[6.4005,50.38697],[6.40364,50.38767],[6.4042,50.38779],[6.40605,50.38819],[6.40632,50.38825],[6.40674,50.38834],[6.41296,50.38965],[6.41425,50.38824],[6.41428,50.3882],[6.4143,50.38816],[6.41434,50.38802],[6.41437,50.38791],[6.4144,50.38784],[6.41443,50.38778],[6.4145,50.38771],[6.41458,50.38761],[6.41551,50.38659],[6.41554,50.38655],[6.41555,50.38651],[6.41555,50.38643],[6.41554,50.38628],[6.41554,50.38627],[6.41555,50.3862],[6.41554,50.38572],[6.41556,50.38563],[6.4156,50.38555],[6.41569,50.38544],[6.4159,50.3852],[6.41624,50.3848],[6.41661,50.38437],[6.41668,50.38432],[6.41676,50.38426],[6.41775,50.38351],[6.4178,50.38348],[6.41785,50.38342],[6.41807,50.38308],[6.4181,50.38303],[6.41814,50.38299],[6.4182,50.38295],[6.41827,50.38291],[6.41835,50.38288],[6.4184,50.38286],[6.4185,50.38285],[6.41862,50.38284],[6.42138,50.3827],[6.42174,50.38236],[6.42209,50.382],[6.42182,50.38166],[6.42177,50.38119],[6.42177,50.38118],[6.4217,50.38071],[6.42113,50.38059],[6.42079,50.38052],[6.41997,50.38042],[6.41997,50.38041],[6.4198,50.37976],[6.41915,50.37863],[6.41902,50.37848],[6.41866,50.37835],[6.4185,50.37829],[6.41838,50.37815],[6.41819,50.37794],[6.41763,50.37763],[6.41715,50.37749],[6.4169,50.37726],[6.41667,50.37677],[6.41659,50.37642],[6.41655,50.37623],[6.41586,50.37607],[6.41572,50.37604],[6.4157,50.3759],[6.41544,50.37591],[6.41536,50.37561],[6.41538,50.37562],[6.41541,50.37548],[6.4154,50.37539],[6.41538,50.37525],[6.4153,50.37491],[6.41528,50.37491],[6.41533,50.37482],[6.41534,50.37469],[6.41538,50.37457],[6.41541,50.37449],[6.41546,50.3744],[6.41548,50.37436],[6.41578,50.37431],[6.4161,50.37421],[6.41683,50.37415],[6.41721,50.37414],[6.41732,50.37414],[6.41736,50.37414],[6.41735,50.37385],[6.41735,50.37383],[6.41753,50.37387],[6.41805,50.37367],[6.41847,50.3736],[6.41863,50.37354],[6.41877,50.37345],[6.41914,50.37334],[6.41922,50.37334],[6.41942,50.37332],[6.4196,50.37332],[6.41975,50.37331],[6.41974,50.37328],[6.41999,50.37329],[6.42058,50.37329],[6.42109,50.37328],[6.42181,50.37326],[6.42176,50.37315],[6.42164,50.37289],[6.42125,50.37229],[6.42122,50.37224],[6.42107,50.37204],[6.42097,50.37201],[6.42081,50.37196],[6.42067,50.37188],[6.4206,50.37182],[6.42051,50.37172],[6.42038,50.37158],[6.42035,50.37138],[6.42039,50.37124],[6.42042,50.37115],[6.42044,50.37108],[6.42066,50.37072],[6.42072,50.37052],[6.42066,50.37027],[6.42064,50.37003],[6.42077,50.36979],[6.42096,50.36944],[6.42106,50.36929],[6.42101,50.36924],[6.42093,50.36908],[6.42089,50.36899],[6.42087,50.36888],[6.42086,50.36886],[6.42094,50.36874],[6.42105,50.36859],[6.42148,50.36871],[6.4231,50.36868],[6.42321,50.36868],[6.4233,50.36865],[6.42348,50.36859],[6.42367,50.36852],[6.42389,50.3684],[6.42417,50.3682],[6.4244,50.368],[6.42447,50.36791],[6.42452,50.36784],[6.42487,50.36719],[6.42489,50.36711],[6.42494,50.367],[6.42501,50.3669],[6.42509,50.3668],[6.42537,50.36648],[6.42552,50.36631],[6.42558,50.36634],[6.42588,50.3665],[6.42625,50.3667],[6.42646,50.36682],[6.42649,50.3668],[6.42653,50.36678],[6.42659,50.36674],[6.42767,50.36608],[6.42787,50.36553],[6.42816,50.36506],[6.42879,50.36451],[6.42902,50.36415],[6.42926,50.36383],[6.42976,50.36347],[6.42991,50.36338],[6.43014,50.36323],[6.43167,50.36433],[6.43309,50.36433],[6.43316,50.36434],[6.43316,50.36439],[6.43316,50.36476],[6.43316,50.36488],[6.43316,50.36492],[6.43314,50.36498],[6.43259,50.36608],[6.43255,50.36617],[6.43251,50.36625],[6.43251,50.36626],[6.43245,50.36635],[6.43219,50.3669],[6.43285,50.36741],[6.4332,50.36768],[6.43368,50.36808],[6.43388,50.36818],[6.43447,50.36856],[6.43518,50.36879],[6.4351,50.36897],[6.43544,50.36901],[6.4357,50.36903],[6.43584,50.36903],[6.4361,50.36902],[6.43632,50.36904],[6.43657,50.36909],[6.43689,50.36908],[6.43717,50.36911],[6.43734,50.36914],[6.43688,50.36935],[6.43639,50.36933],[6.43616,50.3694],[6.43597,50.36957],[6.43571,50.36986],[6.43539,50.37011],[6.43518,50.37032],[6.43591,50.37055],[6.43691,50.37091],[6.43708,50.37097],[6.43772,50.37107],[6.4383,50.37126],[6.43888,50.37134],[6.43939,50.37155],[6.43968,50.37167],[6.44006,50.37184],[6.4402,50.37188],[6.44033,50.37189],[6.44053,50.37187],[6.4407,50.37185],[6.441,50.3719],[6.44127,50.37212],[6.44148,50.37218],[6.44156,50.37218],[6.44168,50.37215],[6.44212,50.37201],[6.4422,50.37199],[6.44254,50.37199],[6.44277,50.37208],[6.44288,50.37207],[6.44318,50.37204],[6.44321,50.37204],[6.44349,50.37203],[6.44384,50.37199],[6.44412,50.37192],[6.44441,50.37188],[6.44512,50.37194],[6.44574,50.37174],[6.44614,50.37165],[6.44651,50.3716],[6.44701,50.37158],[6.44715,50.37164],[6.44732,50.37165],[6.44746,50.37164],[6.44762,50.3716],[6.4478,50.37153],[6.44805,50.37143],[6.44842,50.37125],[6.44869,50.37111],[6.44876,50.37108],[6.44892,50.37104],[6.44896,50.37104],[6.44898,50.37079],[6.44894,50.37069],[6.44868,50.37023],[6.44862,50.3701],[6.44857,50.36992],[6.44834,50.36921],[6.4481,50.3687],[6.44804,50.36844],[6.44795,50.36821],[6.44789,50.36807],[6.44768,50.36795],[6.44763,50.36762],[6.44777,50.36734],[6.44784,50.36705],[6.44834,50.36645],[6.44849,50.3661],[6.44853,50.36575],[6.44872,50.36556],[6.44912,50.36515],[6.44925,50.36501],[6.44956,50.3644],[6.44961,50.364],[6.45008,50.36352],[6.45074,50.36335],[6.45084,50.36333],[6.45102,50.3633],[6.45111,50.36335],[6.45184,50.36377],[6.45208,50.36386],[6.45227,50.36371],[6.45264,50.36343],[6.45276,50.36334],[6.45345,50.36281],[6.45369,50.36263],[6.45375,50.36258],[6.45406,50.36234],[6.45407,50.36234],[6.45477,50.36251],[6.45485,50.36253],[6.45504,50.36257],[6.45529,50.36263],[6.4563,50.36287],[6.45652,50.36293],[6.45669,50.36298],[6.45681,50.36301],[6.4569,50.36302],[6.45701,50.36302],[6.45714,50.36301],[6.4573,50.36298],[6.4575,50.36293],[6.45763,50.3629],[6.45775,50.36286],[6.45792,50.3628],[6.45804,50.36274],[6.45813,50.3627],[6.45822,50.36264],[6.4583,50.36258],[6.45836,50.3625],[6.45842,50.36241],[6.4585,50.36229],[6.45857,50.36219],[6.45867,50.36206],[6.45877,50.36191],[6.45893,50.36167],[6.45898,50.36162],[6.45904,50.36157],[6.45901,50.36155],[6.45908,50.36145],[6.45952,50.3613],[6.45976,50.36118],[6.46048,50.36083],[6.46044,50.36079],[6.46026,50.36062],[6.4602,50.36056],[6.46021,50.36052],[6.46105,50.35935],[6.461,50.35919],[6.46089,50.35904],[6.46069,50.35876],[6.46054,50.35843],[6.46039,50.35822],[6.46011,50.35747],[6.46008,50.35739],[6.46003,50.35658],[6.45965,50.35573],[6.45926,50.35523],[6.45916,50.35503],[6.45821,50.35307],[6.45795,50.35271],[6.45793,50.35267],[6.45765,50.35215],[6.45772,50.35191],[6.45754,50.35147],[6.45747,50.35118],[6.4575,50.35069],[6.45752,50.35043],[6.4575,50.35024],[6.45711,50.3498],[6.45708,50.34974],[6.45705,50.34967],[6.45705,50.34959],[6.4571,50.34939],[6.45713,50.3494],[6.45718,50.34935],[6.45722,50.34929],[6.45726,50.34924],[6.45729,50.34917],[6.45736,50.34879],[6.45735,50.3487],[6.4573,50.34857],[6.45712,50.34807],[6.45711,50.348],[6.45701,50.34744],[6.45702,50.34738],[6.45703,50.34732],[6.45715,50.34712],[6.45717,50.34707],[6.45718,50.34695],[6.4572,50.34689],[6.4575,50.34633],[6.45752,50.34629],[6.4576,50.34596],[6.45783,50.34568],[6.45787,50.34562],[6.45819,50.34505],[6.45825,50.34497],[6.45829,50.34489],[6.45834,50.34483],[6.45856,50.34455],[6.4586,50.34448],[6.45861,50.34443],[6.45862,50.34438],[6.45861,50.34433],[6.4586,50.34429],[6.45859,50.34426],[6.45856,50.34421],[6.45852,50.34416],[6.45846,50.34411],[6.4583,50.344],[6.4582,50.34395],[6.45807,50.34388],[6.45796,50.34383],[6.45783,50.34379],[6.45773,50.34375],[6.45766,50.34372],[6.4576,50.34368],[6.45663,50.34299],[6.45562,50.34222],[6.45556,50.34216],[6.45549,50.34209],[6.45543,50.34204],[6.45534,50.34199],[6.45526,50.34194],[6.45514,50.34191],[6.45466,50.34176],[6.45464,50.34179],[6.45447,50.34169],[6.45436,50.34165],[6.45415,50.34164],[6.45402,50.3416],[6.45321,50.3411],[6.45284,50.34063],[6.4527,50.34057],[6.4526,50.34039],[6.45231,50.34017],[6.45218,50.34],[6.45217,50.33999],[6.45196,50.3397],[6.45187,50.33953],[6.45132,50.33911],[6.4513,50.3391],[6.451,50.3389],[6.45064,50.33858],[6.45058,50.33854],[6.4504,50.33848],[6.45035,50.33848],[6.45015,50.33832],[6.45011,50.33825],[6.45014,50.33819],[6.44952,50.33818],[6.44975,50.33802],[6.44983,50.33796],[6.44988,50.33791],[6.44992,50.33786],[6.45034,50.33724],[6.45036,50.3372],[6.45038,50.33716],[6.45039,50.33709],[6.45048,50.33694],[6.45056,50.33661],[6.45065,50.33637],[6.45066,50.33635],[6.4507,50.33627],[6.45081,50.33609],[6.45105,50.33588],[6.45131,50.33569],[6.45138,50.33564],[6.45147,50.33558],[6.45151,50.33548],[6.45156,50.33548],[6.4518,50.33547],[6.45216,50.33548],[6.45252,50.33554],[6.45295,50.33562],[6.45322,50.33564],[6.45338,50.33566],[6.45355,50.33579],[6.4539,50.33606],[6.45392,50.33608],[6.45421,50.33633],[6.45447,50.33654],[6.4546,50.3366],[6.45462,50.3366],[6.45479,50.33662],[6.455,50.33675],[6.45525,50.33692],[6.45546,50.33706],[6.45578,50.3373],[6.45637,50.33767],[6.45642,50.3377],[6.45648,50.33772],[6.45654,50.33773],[6.45714,50.33784],[6.45718,50.33785],[6.45791,50.33815],[6.45795,50.33817],[6.4583,50.33841],[6.45836,50.33846],[6.45843,50.3385],[6.4589,50.33884],[6.45901,50.339],[6.45914,50.33908],[6.4592,50.33911],[6.45982,50.33937],[6.46,50.33944],[6.46016,50.33951],[6.46026,50.33954],[6.46039,50.33957],[6.46057,50.33961],[6.46071,50.33965],[6.46104,50.3398],[6.46111,50.33986],[6.46129,50.34009],[6.46134,50.34014],[6.46138,50.34018],[6.46169,50.34046],[6.46183,50.34041],[6.46216,50.34055],[6.46262,50.34086],[6.46289,50.34156],[6.46414,50.34216],[6.46519,50.3426],[6.46657,50.34254],[6.46947,50.34211],[6.47053,50.34163],[6.47104,50.34114],[6.47123,50.34041],[6.47125,50.34034],[6.47137,50.33985],[6.4716,50.33935],[6.47196,50.3393],[6.47221,50.33928],[6.47228,50.33921],[6.47246,50.33914],[6.47258,50.33916],[6.47267,50.33917],[6.4728,50.33926],[6.47287,50.3392],[6.47302,50.33916],[6.47367,50.33899],[6.47375,50.33892],[6.47404,50.33881],[6.47419,50.33883],[6.47426,50.3388],[6.47435,50.33882],[6.47455,50.33869],[6.47479,50.33862],[6.47486,50.33864],[6.47546,50.33843],[6.47564,50.33846],[6.47574,50.33856],[6.47612,50.33846],[6.47624,50.33847],[6.47636,50.33845],[6.47649,50.33839],[6.47657,50.33838],[6.47663,50.33837],[6.47666,50.33837],[6.4768,50.33835],[6.47694,50.33838],[6.47697,50.33838],[6.47709,50.33837],[6.47713,50.33836],[6.47714,50.33832],[6.47717,50.33831],[6.4772,50.33832],[6.47731,50.33833],[6.47734,50.33834],[6.47736,50.33835],[6.47739,50.33838],[6.47744,50.33839],[6.47753,50.3384],[6.47757,50.33841],[6.4776,50.33842],[6.47764,50.33843],[6.47768,50.33843],[6.47779,50.33845],[6.47781,50.33845],[6.47786,50.33848],[6.47789,50.33849],[6.47793,50.33849],[6.47796,50.33849],[6.478,50.33849],[6.47805,50.33851],[6.47811,50.33854],[6.47817,50.33856],[6.4782,50.33857],[6.47825,50.33858],[6.47832,50.33859],[6.47854,50.3386],[6.4793,50.33866],[6.47938,50.33866],[6.47944,50.33866],[6.4795,50.33865],[6.47956,50.33864],[6.47965,50.33861],[6.47974,50.33859],[6.4798,50.33858],[6.47984,50.33857],[6.47989,50.33857],[6.47991,50.33857],[6.47997,50.33854],[6.47999,50.33854],[6.48002,50.33853],[6.48007,50.33853],[6.48011,50.33852],[6.48017,50.33851],[6.4802,50.33851],[6.48023,50.33851],[6.48027,50.33852],[6.48034,50.33855],[6.48039,50.33856],[6.48045,50.33857],[6.48053,50.33857],[6.48062,50.33857],[6.48066,50.33857],[6.4807,50.33856],[6.48073,50.33856],[6.48076,50.33855],[6.4808,50.33857],[6.48088,50.33858],[6.48103,50.33859],[6.48117,50.33859],[6.48132,50.33863],[6.48135,50.33863],[6.48138,50.33862],[6.48142,50.33861],[6.48144,50.33859],[6.48146,50.33859],[6.4815,50.33859],[6.48154,50.33859],[6.48159,50.33859],[6.48162,50.33859],[6.48167,50.33858],[6.48171,50.33857],[6.48175,50.33856],[6.4818,50.33857],[6.48183,50.33857],[6.48185,50.33858],[6.48189,50.33859],[6.48192,50.3386],[6.48195,50.33859],[6.48196,50.33857],[6.482,50.33854],[6.48202,50.33851],[6.48204,50.33849],[6.48206,50.33849],[6.48209,50.33849],[6.48212,50.3385],[6.48216,50.3385],[6.4822,50.33849],[6.48224,50.33849],[6.48228,50.33847],[6.48233,50.33846],[6.48237,50.33844],[6.48244,50.33843],[6.48251,50.33842],[6.48253,50.33842],[6.48257,50.33843],[6.4826,50.33844],[6.48262,50.33843],[6.48266,50.33842],[6.48271,50.33842],[6.48278,50.33841],[6.48282,50.33841],[6.48284,50.33842],[6.48286,50.33842],[6.48288,50.33843],[6.48291,50.33842],[6.48295,50.3384],[6.48298,50.33839],[6.48301,50.33838],[6.48307,50.33838],[6.4831,50.3384],[6.48311,50.33841],[6.48316,50.33841],[6.48318,50.33841],[6.4832,50.33839],[6.48321,50.33838],[6.48325,50.33835],[6.48328,50.33833],[6.48332,50.33833],[6.48336,50.33833],[6.4834,50.33834],[6.48343,50.33835],[6.48346,50.33837],[6.48348,50.33838],[6.4835,50.33838],[6.48353,50.33839],[6.48357,50.33839],[6.48361,50.33837],[6.48364,50.33835],[6.48372,50.33837],[6.48375,50.33844],[6.48384,50.33843],[6.48413,50.33855],[6.4842,50.33856],[6.48427,50.33858],[6.48431,50.33859],[6.48435,50.3386],[6.48439,50.3386],[6.48443,50.33859],[6.48446,50.33858],[6.48448,50.33857],[6.48451,50.33854],[6.48454,50.33852],[6.48456,50.33851],[6.48459,50.3385],[6.48461,50.33849],[6.48475,50.33847],[6.48486,50.33847],[6.48492,50.33851],[6.48475,50.33874],[6.48422,50.33938],[6.48483,50.33958],[6.48562,50.33985],[6.48624,50.34005],[6.48761,50.34048],[6.48787,50.34048],[6.48785,50.34061],[6.48783,50.3408],[6.48744,50.34143],[6.48711,50.34148],[6.48707,50.3417],[6.48696,50.34239],[6.48689,50.34272],[6.48687,50.34291],[6.48685,50.34297],[6.48686,50.34302],[6.48692,50.34304],[6.48706,50.34305],[6.48751,50.34316],[6.48743,50.3433],[6.48747,50.34331],[6.48794,50.34342],[6.48805,50.34341],[6.4882,50.34342],[6.4884,50.34347],[6.48857,50.34353],[6.48874,50.34358],[6.48882,50.34362],[6.48921,50.34374],[6.48916,50.3438],[6.49084,50.34487],[6.49102,50.34499],[6.49102,50.345],[6.49175,50.34555],[6.49163,50.34561],[6.49203,50.34605],[6.49211,50.34614],[6.49311,50.34755],[6.49332,50.34763],[6.49375,50.34767],[6.49399,50.34775],[6.49433,50.34791],[6.49553,50.34848],[6.49622,50.34881],[6.49626,50.34883],[6.49695,50.34917],[6.49752,50.34947],[6.49808,50.34979],[6.4984,50.34997],[6.49863,50.35011],[6.4993,50.35009],[6.49933,50.35005],[6.4994,50.35007],[6.49972,50.35018],[6.49997,50.35026],[6.50008,50.3503],[6.50013,50.35031],[6.50018,50.35033],[6.50027,50.35037],[6.50042,50.35042],[6.50061,50.3505],[6.50067,50.35052],[6.50079,50.35055],[6.50097,50.35059],[6.50106,50.35062],[6.5011,50.35064],[6.50121,50.35068],[6.50134,50.35073],[6.50146,50.35077],[6.50153,50.3508],[6.50162,50.35082],[6.50167,50.35082],[6.50172,50.35082],[6.50183,50.35082],[6.50198,50.35079],[6.50212,50.35077],[6.50225,50.35076],[6.50236,50.35076],[6.50249,50.35076],[6.5027,50.35077],[6.50316,50.35087],[6.50365,50.35103],[6.504,50.35117],[6.50412,50.35126],[6.50424,50.35144],[6.50432,50.35155],[6.50436,50.35165],[6.50439,50.35172],[6.50444,50.35178],[6.50448,50.35183],[6.50451,50.3519],[6.50459,50.35217],[6.50453,50.35226],[6.5043,50.35231],[6.50408,50.35227],[6.50391,50.35229],[6.50409,50.35252],[6.50426,50.35256],[6.50425,50.35258],[6.50412,50.35269],[6.50419,50.35279],[6.50413,50.35341],[6.50384,50.35362],[6.50392,50.35371],[6.50375,50.35396],[6.50365,50.35404],[6.50378,50.3541],[6.5038,50.35434],[6.5037,50.35437],[6.50369,50.35447],[6.50339,50.3547],[6.50354,50.35481],[6.5036,50.35484],[6.50366,50.35492],[6.50361,50.35503],[6.50372,50.35517],[6.50367,50.35526],[6.50364,50.35532],[6.50359,50.35538],[6.50354,50.35542],[6.50344,50.35545],[6.50337,50.35548],[6.50337,50.35551],[6.50349,50.35559],[6.50351,50.35561],[6.50362,50.35567],[6.50378,50.35576],[6.50388,50.35582],[6.50395,50.35584],[6.50402,50.35586],[6.50408,50.35588],[6.50412,50.35591],[6.50415,50.35594],[6.50416,50.35598],[6.50415,50.35602],[6.50413,50.35608],[6.50411,50.35616],[6.50404,50.3563],[6.50417,50.35655],[6.50418,50.35658],[6.50418,50.35662],[6.50416,50.35676],[6.50415,50.35685],[6.50413,50.35689],[6.50413,50.35693],[6.50412,50.35698],[6.50413,50.35702],[6.50415,50.35708],[6.50418,50.35714],[6.50422,50.35721],[6.50427,50.35728],[6.50433,50.35739],[6.50443,50.35735],[6.50457,50.35747],[6.50475,50.35762],[6.50491,50.35776],[6.50508,50.3579],[6.50517,50.35798],[6.50525,50.35804],[6.50532,50.35808],[6.50579,50.35842],[6.50617,50.35898],[6.50619,50.359],[6.50646,50.35929],[6.50661,50.35948],[6.508,50.35963],[6.50867,50.35963],[6.50912,50.35959],[6.5094,50.35956],[6.5098,50.3595],[6.51018,50.35941],[6.51053,50.3593],[6.5106,50.35928],[6.51069,50.35924],[6.51079,50.3592],[6.51084,50.35919],[6.51098,50.35913],[6.51124,50.35904],[6.51147,50.35892],[6.51178,50.35875],[6.5121,50.35853],[6.51235,50.35832],[6.51255,50.35811],[6.51272,50.35803],[6.51353,50.35725],[6.51373,50.35713],[6.51405,50.35682],[6.51402,50.3567],[6.51451,50.35634],[6.51497,50.35611],[6.51543,50.35592],[6.5161,50.35554],[6.51649,50.35558],[6.51669,50.35549],[6.51667,50.35541],[6.51672,50.3554],[6.51676,50.3554],[6.51679,50.35543],[6.51689,50.35549],[6.51688,50.35559],[6.51636,50.35615],[6.5158,50.35652],[6.51576,50.35659],[6.51569,50.35758],[6.51584,50.35763],[6.51588,50.35759],[6.51597,50.35757],[6.51613,50.35755],[6.51626,50.35754],[6.51638,50.35753],[6.51648,50.35753],[6.51658,50.35753],[6.51667,50.35754],[6.51676,50.35757],[6.51683,50.35761],[6.51686,50.35765],[6.51688,50.35773],[6.51686,50.3578],[6.51678,50.35786],[6.51671,50.35793],[6.51666,50.35798],[6.51663,50.35802],[6.51662,50.35806],[6.51665,50.35811],[6.51669,50.35815],[6.51675,50.35817],[6.51685,50.35818],[6.51694,50.35816],[6.51706,50.35813],[6.51717,50.35809],[6.51726,50.35805],[6.51746,50.35794],[6.51752,50.3579],[6.51761,50.35796],[6.51772,50.35814],[6.51723,50.35881],[6.5159,50.35978],[6.51607,50.35986],[6.5162,50.35992],[6.51593,50.36015],[6.51523,50.36064],[6.51515,50.36074],[6.51532,50.36092],[6.51551,50.36105],[6.51576,50.36121],[6.51602,50.36138],[6.51618,50.36166],[6.5162,50.3617],[6.51646,50.36215],[6.51654,50.36228],[6.51678,50.36234],[6.51923,50.36289],[6.51962,50.36284],[6.52026,50.36255],[6.52047,50.36287],[6.52263,50.36401],[6.52347,50.3645],[6.52384,50.36472],[6.52439,50.36503],[6.52484,50.36529],[6.52524,50.36552],[6.52583,50.36587],[6.52611,50.36603],[6.52718,50.36665],[6.52743,50.36681],[6.52759,50.36691],[6.52706,50.36731],[6.52855,50.36872],[6.52928,50.3693],[6.52955,50.36895],[6.53004,50.36912],[6.53041,50.36922],[6.53094,50.36952],[6.53197,50.36984],[6.53351,50.37012],[6.53445,50.37033],[6.5345,50.37034],[6.53457,50.37035],[6.53478,50.36966],[6.53696,50.36996],[6.5389,50.37095],[6.53932,50.37105],[6.53952,50.37109],[6.53998,50.37109],[6.54043,50.37109],[6.54166,50.37109],[6.54197,50.37109],[6.54228,50.37105],[6.5433,50.37074],[6.54353,50.37066],[6.54383,50.3706],[6.5444,50.37016],[6.54462,50.36999],[6.54461,50.36994],[6.54461,50.36975],[6.54454,50.36951],[6.54369,50.36854],[6.5435,50.36832],[6.54315,50.36802],[6.5431,50.36798],[6.54277,50.36768],[6.54277,50.36767],[6.54312,50.36679],[6.54321,50.3665],[6.54357,50.36651],[6.54399,50.36653],[6.54435,50.36654],[6.54446,50.36652],[6.54522,50.36665],[6.54548,50.3667],[6.54582,50.36678],[6.54586,50.36671],[6.54616,50.36679],[6.54626,50.36686],[6.54651,50.36691],[6.54656,50.36696],[6.54665,50.36695],[6.54677,50.367],[6.5468,50.36704],[6.54696,50.3671],[6.54734,50.36716],[6.54735,50.36716],[6.54743,50.36721],[6.54789,50.36731],[6.54835,50.36739],[6.5486,50.36745],[6.54877,50.36747],[6.54906,50.36751],[6.54947,50.36756],[6.54975,50.36763],[6.5498,50.36764],[6.54985,50.36766],[6.54995,50.36767],[6.55038,50.36773],[6.55101,50.36785],[6.55119,50.36786],[6.5516,50.36787],[6.55182,50.36791],[6.552,50.36794],[6.55271,50.36804],[6.55279,50.36805],[6.55277,50.36815],[6.55295,50.36821],[6.55306,50.3682],[6.55316,50.36823],[6.55328,50.36822],[6.55337,50.36824],[6.55346,50.36829],[6.55352,50.36832],[6.55363,50.36832],[6.55373,50.36832],[6.55377,50.36856],[6.55372,50.36886],[6.55374,50.36886],[6.55389,50.36888],[6.55501,50.369],[6.55527,50.36903],[6.55564,50.36906],[6.55568,50.36906],[6.55607,50.36912],[6.55611,50.36912],[6.55623,50.36913],[6.55681,50.36926],[6.55771,50.36918],[6.55811,50.36925],[6.55842,50.36927],[6.55845,50.36928],[6.55862,50.36932],[6.55889,50.36939],[6.55968,50.36978],[6.5603,50.36996],[6.56141,50.37075],[6.56163,50.37093],[6.56184,50.37116],[6.56294,50.3714],[6.5634,50.3717],[6.56368,50.37179],[6.56388,50.37186],[6.56468,50.37197],[6.56556,50.37194],[6.56574,50.37194],[6.56585,50.37209],[6.56651,50.37253],[6.56671,50.37268],[6.56672,50.37291],[6.56673,50.37302],[6.56673,50.37342],[6.56684,50.37395],[6.56753,50.37485],[6.56821,50.3757],[6.56905,50.37651],[6.56911,50.37659],[6.56914,50.37664],[6.56987,50.3767],[6.5701,50.37672],[6.57067,50.37676],[6.57136,50.37681],[6.57256,50.3769],[6.57377,50.37669],[6.57452,50.37689],[6.57473,50.37688],[6.57508,50.37702],[6.57513,50.37707],[6.57559,50.37718],[6.57635,50.37721],[6.57715,50.37742],[6.5777,50.3775],[6.57839,50.37769],[6.57875,50.3779],[6.57879,50.37797],[6.58091,50.37846],[6.58121,50.3785],[6.58145,50.37852],[6.58165,50.37852],[6.58225,50.37849],[6.58226,50.37849],[6.5822,50.37863],[6.58205,50.37887],[6.58232,50.37921],[6.58309,50.3801],[6.5836,50.3807],[6.58391,50.38104],[6.58518,50.38257],[6.58859,50.38403],[6.58861,50.38404],[6.58991,50.3842],[6.59008,50.38423],[6.59516,50.3849],[6.59517,50.38491],[6.59668,50.38546],[6.59684,50.38552],[6.59693,50.38555],[6.59774,50.38595],[6.59831,50.38631],[6.59888,50.38655],[6.59953,50.38676],[6.59993,50.38703],[6.60034,50.38717],[6.60334,50.38818],[6.60347,50.38803],[6.60459,50.38679],[6.60526,50.38672],[6.60527,50.38664],[6.60526,50.3866],[6.60522,50.38655],[6.60515,50.3865],[6.60514,50.38645],[6.60516,50.38639],[6.60517,50.38635],[6.60517,50.38631],[6.60509,50.38627],[6.60499,50.38623],[6.60488,50.38619],[6.60484,50.38616],[6.60478,50.38608],[6.60474,50.386],[6.60471,50.38594],[6.60475,50.3859],[6.60473,50.38586],[6.60477,50.3858],[6.60493,50.38571],[6.6049,50.38567],[6.60481,50.38563],[6.60471,50.38563],[6.60467,50.38561],[6.60469,50.38556],[6.60472,50.38552],[6.6047,50.38548],[6.60524,50.3851],[6.60544,50.38439],[6.60566,50.3836],[6.60572,50.38328],[6.60573,50.38325],[6.60587,50.38262],[6.60624,50.38187],[6.60625,50.38183],[6.60668,50.38086],[6.60463,50.37995],[6.60112,50.37839],[6.60112,50.37836],[6.60236,50.37682],[6.60292,50.37614],[6.60306,50.37597],[6.60381,50.37524],[6.60395,50.37521],[6.60407,50.3752],[6.60425,50.37521],[6.60471,50.3753],[6.60486,50.37541],[6.60521,50.37551],[6.60569,50.37547],[6.60618,50.37555],[6.60687,50.37548],[6.60715,50.37549],[6.60716,50.37549],[6.60742,50.37557],[6.60805,50.3758],[6.60827,50.37587],[6.60893,50.37609],[6.60909,50.37612],[6.60946,50.37621],[6.61037,50.37628],[6.61061,50.3763],[6.61242,50.37655],[6.61325,50.3767],[6.61382,50.37681],[6.61404,50.37687],[6.61458,50.37704],[6.61486,50.37666],[6.61521,50.3767],[6.61556,50.37591],[6.61557,50.37589],[6.61733,50.37667],[6.61759,50.37648],[6.6181,50.37612],[6.61817,50.37606],[6.61825,50.37599],[6.61834,50.37592],[6.61868,50.37585],[6.61866,50.37582],[6.61865,50.37579],[6.61865,50.37576],[6.61874,50.37566],[6.61875,50.37561],[6.61877,50.37554],[6.6188,50.37548],[6.61884,50.37546],[6.61888,50.37546],[6.61892,50.37548],[6.61899,50.37549],[6.61898,50.37545],[6.61895,50.37541],[6.61898,50.37539],[6.61903,50.3754],[6.61909,50.37542],[6.61913,50.3754],[6.61915,50.37536],[6.61919,50.37532],[6.61924,50.37533],[6.61934,50.37534],[6.61942,50.37534],[6.61948,50.37532],[6.61952,50.3753],[6.61954,50.37528],[6.61958,50.37528],[6.61962,50.37528],[6.6197,50.37529],[6.61976,50.37529],[6.61986,50.37528],[6.61993,50.37527],[6.62,50.37525],[6.62004,50.37522],[6.62009,50.37518],[6.62016,50.37515],[6.62023,50.37514],[6.62031,50.37514],[6.62039,50.37515],[6.62046,50.37515],[6.62051,50.37514],[6.62096,50.37493],[6.62106,50.3749],[6.6211,50.37487],[6.62115,50.37483],[6.6212,50.37479],[6.62132,50.37479],[6.62138,50.37475],[6.62146,50.37471],[6.62152,50.37467],[6.62158,50.37463],[6.62168,50.37461],[6.62172,50.37458],[6.62177,50.37457],[6.62185,50.37453],[6.62199,50.37448],[6.62208,50.37448],[6.62212,50.37446],[6.62215,50.37444],[6.62221,50.37441],[6.62227,50.37439],[6.62232,50.37437],[6.6224,50.37437],[6.62243,50.37438],[6.62245,50.37443],[6.62249,50.37442],[6.62254,50.37441],[6.62259,50.37438],[6.62262,50.37436],[6.62266,50.37436],[6.6227,50.37437],[6.62275,50.37437],[6.62281,50.37437],[6.6229,50.37454],[6.62297,50.37454],[6.62355,50.37454],[6.62388,50.37454],[6.62414,50.37562],[6.62417,50.3756],[6.62437,50.37538],[6.62583,50.37392],[6.62699,50.373],[6.62701,50.37294],[6.62721,50.37222],[6.62731,50.37181],[6.62552,50.37166],[6.62548,50.37166],[6.6255,50.37154],[6.62555,50.37117],[6.62563,50.37058],[6.6257,50.36979],[6.62573,50.36976],[6.6258,50.36937],[6.62587,50.36903],[6.62597,50.36864],[6.62599,50.36858],[6.62621,50.36856],[6.6264,50.36856],[6.6268,50.36857],[6.62645,50.3676],[6.62635,50.36734],[6.62634,50.36733],[6.6262,50.36688],[6.62618,50.36683],[6.62602,50.36633],[6.62598,50.36563],[6.62597,50.36559],[6.62586,50.36507],[6.62585,50.36503],[6.62585,50.36498],[6.62566,50.36387],[6.62566,50.36385],[6.62565,50.36382],[6.62557,50.36327],[6.62473,50.36312],[6.62462,50.36307],[6.62467,50.363],[6.62511,50.3623],[6.62515,50.36223],[6.62514,50.3622],[6.62509,50.36216],[6.62428,50.3614],[6.62426,50.36136],[6.6243,50.36132],[6.62437,50.36123],[6.62322,50.36088],[6.62334,50.36057],[6.62196,50.35997],[6.62193,50.35993],[6.62266,50.35906],[6.62268,50.35903],[6.62299,50.35898],[6.62257,50.35784],[6.62267,50.3569],[6.62193,50.35643],[6.6216,50.35622],[6.62157,50.35613],[6.62155,50.35588],[6.62156,50.35579],[6.62157,50.35575],[6.62176,50.35551],[6.62221,50.35509],[6.62258,50.35475],[6.62305,50.35431],[6.62307,50.3543],[6.62302,50.35427],[6.62205,50.35363],[6.62183,50.35349],[6.62291,50.35245],[6.62296,50.35241],[6.62301,50.35236],[6.62373,50.35166],[6.62401,50.35172],[6.62488,50.35192],[6.6256,50.35208],[6.62583,50.35214],[6.6259,50.35208],[6.6261,50.35195],[6.62614,50.35186],[6.62622,50.35186],[6.62627,50.35186],[6.62673,50.35172],[6.62723,50.35157],[6.62783,50.35139],[6.62812,50.3513],[6.62861,50.35115],[6.62898,50.35106],[6.62949,50.35095],[6.62863,50.35057],[6.6292,50.35008],[6.62945,50.34986],[6.62952,50.34982],[6.62993,50.34945],[6.63009,50.34932],[6.6302,50.34922],[6.63027,50.34914],[6.63033,50.34905],[6.63033,50.34904],[6.63034,50.34892],[6.63034,50.3488],[6.63046,50.34868],[6.63055,50.34864],[6.63073,50.34857],[6.63085,50.34851],[6.63096,50.34847],[6.63111,50.34841],[6.63121,50.34837],[6.63133,50.3483],[6.63147,50.34821],[6.63153,50.34818],[6.63258,50.34869],[6.63261,50.34866],[6.63319,50.34812],[6.63334,50.34798],[6.63378,50.34756],[6.63384,50.34751],[6.63522,50.3465],[6.63601,50.34569],[6.6365,50.34529],[6.63661,50.34528],[6.63746,50.34537],[6.63748,50.34537],[6.63819,50.34525],[6.63828,50.34523],[6.63831,50.34523],[6.63832,50.34527],[6.63862,50.34556],[6.63971,50.34622],[6.64003,50.34641],[6.64014,50.34648],[6.64069,50.34681],[6.64069,50.3469],[6.64064,50.34692],[6.64076,50.34698],[6.64159,50.34725],[6.6421,50.34734],[6.64289,50.34745],[6.64297,50.34745],[6.64436,50.34718],[6.64454,50.34719],[6.64551,50.34743],[6.64592,50.34752],[6.6471,50.34773],[6.64821,50.34781],[6.64888,50.34787],[6.64977,50.34809],[6.6501,50.34819],[6.65027,50.34832],[6.65142,50.34925],[6.65176,50.34955],[6.65152,50.34974],[6.65155,50.34975],[6.65161,50.34978],[6.65167,50.34981],[6.65171,50.34982],[6.65191,50.34992],[6.65208,50.35003],[6.65243,50.35028],[6.65261,50.35042],[6.65287,50.35054],[6.65291,50.35057],[6.65381,50.351],[6.65392,50.35106],[6.6541,50.35117],[6.65349,50.35156],[6.65337,50.35173],[6.65332,50.3518],[6.65295,50.35199],[6.65263,50.35217],[6.65382,50.35255],[6.65466,50.35283],[6.65482,50.35289],[6.65501,50.35318],[6.6553,50.35359],[6.65561,50.35409],[6.65576,50.35426],[6.65569,50.35434],[6.65563,50.3544],[6.65557,50.35445],[6.6555,50.35453],[6.6555,50.35454],[6.65556,50.35463],[6.65564,50.35473],[6.65567,50.35489],[6.65575,50.355],[6.6559,50.35513],[6.65629,50.35535],[6.6572,50.35618],[6.65757,50.35665],[6.6576,50.3568],[6.65767,50.35717],[6.65726,50.35754],[6.65728,50.35784],[6.65724,50.35797],[6.65724,50.358],[6.65712,50.35829],[6.65675,50.35877],[6.65672,50.35899],[6.65669,50.35902],[6.65621,50.36592],[6.65621,50.366],[6.65666,50.3663],[6.65622,50.36735],[6.6562,50.36737],[6.6561,50.36756],[6.65653,50.36788],[6.65667,50.36794],[6.65678,50.36799],[6.65685,50.36805],[6.65694,50.36815],[6.65732,50.36834],[6.65765,50.36852],[6.65789,50.36867],[6.65857,50.36901],[6.65934,50.36924],[6.66055,50.36953],[6.66186,50.36997],[6.6635,50.37059],[6.66384,50.37064],[6.66591,50.37106],[6.66599,50.37109],[6.66687,50.37146],[6.66712,50.37156],[6.66732,50.37163],[6.66771,50.37171],[6.66793,50.37177],[6.66805,50.3718],[6.66807,50.37173],[6.66817,50.37175],[6.66838,50.37177],[6.66847,50.37176],[6.66851,50.37173],[6.66852,50.37166],[6.66846,50.37128],[6.66849,50.37122],[6.66861,50.37119],[6.66891,50.37109],[6.66907,50.37104],[6.66914,50.37098],[6.66917,50.3709],[6.66912,50.37072],[6.66916,50.37069],[6.6699,50.3703],[6.66989,50.37026],[6.66985,50.37022],[6.66994,50.36986],[6.67124,50.3693],[6.67246,50.36901],[6.67238,50.36896],[6.6724,50.36894],[6.67264,50.36797],[6.67382,50.36812],[6.67382,50.3681],[6.67379,50.36772],[6.67379,50.36768],[6.67379,50.36743],[6.67383,50.36726],[6.67401,50.36703],[6.67408,50.36695],[6.67414,50.36691],[6.67416,50.36684],[6.6742,50.36686],[6.67478,50.36698],[6.67522,50.3666],[6.67565,50.36623],[6.67617,50.36579],[6.67737,50.36501],[6.67739,50.365],[6.67744,50.36495],[6.67782,50.36529],[6.67915,50.364],[6.67919,50.36399],[6.67921,50.36396],[6.67926,50.36391],[6.68068,50.36252],[6.68078,50.36253],[6.68095,50.36256],[6.68177,50.36298],[6.68193,50.36285],[6.68212,50.3627],[6.68222,50.36262],[6.68278,50.36214],[6.68317,50.36181],[6.6832,50.36179],[6.68325,50.36175],[6.68462,50.36068],[6.6847,50.36062],[6.68483,50.36056],[6.68591,50.35969],[6.686,50.35962],[6.68603,50.35959],[6.68608,50.35962],[6.6862,50.35969],[6.68623,50.35966],[6.68627,50.35962],[6.6863,50.35958],[6.68712,50.35872],[6.68717,50.35866],[6.68715,50.35862],[6.68714,50.35861],[6.68678,50.3584],[6.6868,50.35834],[6.6868,50.3583],[6.68694,50.3576],[6.687,50.35732],[6.68701,50.35725],[6.68701,50.35722],[6.68708,50.35682],[6.68718,50.35641],[6.6873,50.35597],[6.68738,50.35563],[6.68745,50.35524],[6.68744,50.35515],[6.68745,50.35509],[6.68817,50.35417],[6.68838,50.3539],[6.68834,50.3539],[6.68868,50.35346],[6.6891,50.35295],[6.68963,50.35228],[6.69064,50.35119],[6.69067,50.35115],[6.6915,50.35027],[6.69167,50.35009],[6.69191,50.34983],[6.692,50.34974],[6.69274,50.34917],[6.69389,50.3483],[6.69433,50.34797],[6.69487,50.34757],[6.69494,50.34751],[6.69594,50.34676],[6.69627,50.34652],[6.69645,50.34622],[6.69667,50.34544],[6.69639,50.34492],[6.69631,50.34461],[6.69637,50.34399],[6.6959,50.34297],[6.69606,50.34266],[6.69633,50.3421],[6.69647,50.34143],[6.69645,50.34034],[6.69653,50.34027],[6.69684,50.34],[6.69773,50.33883],[6.6984,50.33753],[6.69863,50.33585],[6.69862,50.33569],[6.6987,50.33575],[6.69882,50.33585],[6.69883,50.33586],[6.69919,50.33629],[6.69969,50.3367],[6.70028,50.33714],[6.7003,50.33715],[6.70097,50.3376],[6.70171,50.33808],[6.70201,50.33826],[6.70241,50.33867],[6.70259,50.33888],[6.70276,50.33918],[6.70312,50.33982],[6.70321,50.34014],[6.7033,50.34045],[6.70379,50.34087],[6.70428,50.3412],[6.70456,50.34141],[6.70487,50.34164],[6.70503,50.34179],[6.70517,50.34193],[6.70533,50.34211],[6.70562,50.34246],[6.70576,50.34252],[6.70604,50.34262],[6.70624,50.34268],[6.70631,50.34279],[6.70641,50.34281],[6.70649,50.34292],[6.70662,50.34295],[6.70666,50.34284],[6.70679,50.34287],[6.70679,50.34291],[6.70696,50.34295],[6.70691,50.34301],[6.70707,50.34305],[6.70715,50.34302],[6.70726,50.34307],[6.70724,50.34313],[6.70735,50.34315],[6.70742,50.34322],[6.70753,50.34322],[6.70761,50.34317],[6.70768,50.3432],[6.70765,50.34328],[6.70775,50.34325],[6.7078,50.3433],[6.70784,50.34335],[6.70793,50.34334],[6.70802,50.34339],[6.7081,50.34338],[6.70807,50.34346],[6.70814,50.34348],[6.70819,50.34342],[6.70827,50.34353],[6.70834,50.34347],[6.70841,50.3435],[6.70841,50.34357],[6.70857,50.34359],[6.70865,50.34366],[6.70885,50.34372],[6.70891,50.34366],[6.70899,50.34366],[6.70903,50.34372],[6.70914,50.34374],[6.70918,50.34379],[6.70947,50.34384],[6.70966,50.3439],[6.70971,50.34395],[6.70977,50.34399],[6.71002,50.34392],[6.71005,50.344],[6.71017,50.34404],[6.71025,50.344],[6.71032,50.34392],[6.71039,50.34389],[6.7105,50.3439],[6.71055,50.34395],[6.71067,50.34388],[6.71075,50.34388],[6.71092,50.34393],[6.71099,50.34396],[6.71109,50.34392],[6.7112,50.34395],[6.71132,50.34403],[6.71141,50.34405],[6.71151,50.34399],[6.71163,50.34408],[6.71179,50.34405],[6.7119,50.34407],[6.71202,50.34417],[6.71218,50.34419],[6.71208,50.34425],[6.71225,50.34428],[6.71232,50.34433],[6.71238,50.34424],[6.71252,50.34419],[6.71265,50.3441],[6.71281,50.34409],[6.71278,50.34417],[6.71284,50.34424],[6.71302,50.34425],[6.71298,50.34435],[6.71313,50.34439],[6.71316,50.34445],[6.7133,50.34452],[6.71346,50.34454],[6.71353,50.34446],[6.7136,50.34444],[6.71365,50.34449],[6.7138,50.34453],[6.71385,50.34459],[6.7138,50.34463],[6.71406,50.34469],[6.7142,50.34475],[6.71446,50.34479],[6.71462,50.3448],[6.71458,50.34487],[6.71472,50.34487],[6.71472,50.34494],[6.71483,50.34503],[6.7149,50.34499],[6.715,50.34504],[6.71495,50.34512],[6.71499,50.34524],[6.71518,50.3453],[6.71525,50.3454],[6.71541,50.34539],[6.71549,50.34543],[6.71557,50.34533],[6.71578,50.34536],[6.71579,50.34544],[6.71593,50.34547],[6.71583,50.34555],[6.71586,50.34561],[6.71599,50.34556],[6.7161,50.34556],[6.71615,50.34564],[6.71624,50.34569],[6.71625,50.34577],[6.7162,50.34582],[6.71631,50.34586],[6.71638,50.34578],[6.7165,50.34576],[6.71664,50.34586],[6.71672,50.34587],[6.71677,50.34589],[6.71682,50.34593],[6.71684,50.34596],[6.71682,50.34599],[6.71681,50.34601],[6.71688,50.34604],[6.71693,50.34605],[6.71698,50.34608],[6.71704,50.3461],[6.71707,50.34612],[6.71709,50.34615],[6.71713,50.34618],[6.7172,50.34618],[6.71725,50.34616],[6.71729,50.34615],[6.71734,50.34617],[6.71738,50.3462],[6.71739,50.34623],[6.71742,50.34625],[6.7175,50.34625],[6.71755,50.34624],[6.71764,50.34629],[6.71764,50.34633],[6.71767,50.34638],[6.71772,50.34639],[6.71778,50.34641],[6.71782,50.34644],[6.71788,50.34646],[6.71796,50.34647],[6.71801,50.34647],[6.71806,50.34648],[6.71805,50.3465],[6.71804,50.34653],[6.7181,50.34655],[6.71817,50.34656],[6.71821,50.34654],[6.71824,50.34651],[6.71828,50.34648],[6.7183,50.34645],[6.71841,50.34646],[6.7185,50.34638],[6.71858,50.34647],[6.71862,50.34649],[6.7188,50.34643],[6.71894,50.34643],[6.71902,50.3465],[6.71907,50.34663],[6.71918,50.34665],[6.71923,50.34672],[6.71932,50.34674],[6.71946,50.34671],[6.71961,50.34668],[6.71962,50.3467],[6.71968,50.34678],[6.71973,50.34679],[6.71979,50.34674],[6.7199,50.34679],[6.72005,50.34679],[6.72012,50.34684],[6.72022,50.34686],[6.72044,50.34691],[6.72073,50.34691],[6.72096,50.34701],[6.72113,50.34702],[6.72136,50.34711],[6.7214,50.34711],[6.72146,50.34716],[6.7217,50.34717],[6.72174,50.3472],[6.72167,50.34726],[6.72187,50.34731],[6.72189,50.34739],[6.72203,50.34739],[6.72208,50.34741],[6.72215,50.34743],[6.72226,50.3474],[6.72236,50.34743],[6.72259,50.34742],[6.72266,50.34748],[6.72269,50.3475],[6.72292,50.34748],[6.72302,50.34754],[6.72308,50.34756],[6.72315,50.34755],[6.72318,50.34742],[6.72326,50.3474],[6.72336,50.34741],[6.72342,50.34747],[6.7235,50.34768],[6.72356,50.3477],[6.72374,50.34768],[6.72384,50.34769],[6.72388,50.34774],[6.72388,50.34785],[6.72406,50.34788],[6.72415,50.34788],[6.72426,50.34781],[6.72433,50.34784],[6.72442,50.3478],[6.72449,50.34787],[6.72468,50.34794],[6.72477,50.34805],[6.72484,50.34808],[6.725,50.34809],[6.72531,50.3483],[6.72547,50.34834],[6.72556,50.34839],[6.7257,50.34847],[6.72583,50.34849],[6.72619,50.34852],[6.72638,50.34858],[6.72665,50.34874],[6.7268,50.34879],[6.72696,50.34886],[6.72724,50.34888],[6.7274,50.34892],[6.72755,50.34902],[6.72783,50.34931],[6.7279,50.34927],[6.72796,50.34927],[6.72807,50.34936],[6.7282,50.34939],[6.72856,50.34954],[6.72858,50.34956],[6.72861,50.34959],[6.72867,50.34976],[6.72864,50.34982],[6.72869,50.34986],[6.7288,50.34988],[6.72893,50.34992],[6.72896,50.35007],[6.72908,50.3502],[6.72914,50.35018],[6.72923,50.35027],[6.72911,50.35034],[6.72932,50.35039],[6.72958,50.35057],[6.72972,50.35064],[6.72979,50.35067],[6.72981,50.35084],[6.72991,50.35086],[6.73,50.35084],[6.73014,50.35086],[6.73035,50.35104],[6.73037,50.35109],[6.7303,50.35119],[6.73067,50.35138],[6.73079,50.3515],[6.73081,50.35164],[6.73082,50.35169],[6.73092,50.3517],[6.731,50.35173],[6.73102,50.35177],[6.73104,50.35191],[6.73121,50.35198],[6.73153,50.35189],[6.73161,50.3519],[6.73168,50.35192],[6.73171,50.35196],[6.73157,50.352],[6.73163,50.3521],[6.73175,50.35212],[6.73181,50.35211],[6.73209,50.35234],[6.732,50.35246],[6.7319,50.35246],[6.73181,50.35259],[6.732,50.35264],[6.73201,50.35277],[6.73217,50.3529],[6.73221,50.35292],[6.73274,50.35278],[6.73291,50.3527],[6.73488,50.35256],[6.73558,50.35305],[6.73555,50.35307],[6.73562,50.3531],[6.73564,50.35311],[6.73585,50.3532],[6.73608,50.35328],[6.73656,50.35337],[6.73662,50.3534],[6.73666,50.35341],[6.73702,50.35352],[6.73737,50.3536],[6.73755,50.35365],[6.73794,50.35377],[6.73809,50.35382],[6.73914,50.354],[6.73993,50.35414],[6.7402,50.35417],[6.74034,50.35419],[6.74082,50.35383],[6.74299,50.35395],[6.7437,50.35401],[6.74545,50.35416],[6.74648,50.35427],[6.7468,50.3543],[6.74783,50.35448],[6.74796,50.3545],[6.74807,50.35452],[6.74889,50.35468],[6.74987,50.35488],[6.75062,50.3551],[6.75087,50.35517],[6.7515,50.35542],[6.75153,50.35539],[6.75156,50.35536],[6.75185,50.35546],[6.75208,50.35552],[6.75215,50.35555],[6.75221,50.35555],[6.75224,50.35553],[6.75255,50.35527],[6.75266,50.35517],[6.75306,50.35468],[6.75309,50.35465],[6.75351,50.35415],[6.75353,50.35404],[6.75359,50.35406],[6.75366,50.35408],[6.75436,50.35429],[6.75474,50.3544],[6.75503,50.35455],[6.75615,50.35493],[6.75611,50.35498],[6.7561,50.3551],[6.7561,50.35525],[6.75678,50.35562],[6.75726,50.35596],[6.75731,50.356],[6.75739,50.35602],[6.75749,50.35601],[6.75759,50.35596],[6.75766,50.35594],[6.7578,50.35596],[6.75819,50.35609],[6.7583,50.35611],[6.75919,50.35652],[6.7604,50.35665],[6.76103,50.35694],[6.76169,50.35724],[6.76186,50.3573],[6.76227,50.35754],[6.76256,50.35767],[6.76268,50.35766],[6.76279,50.35766],[6.76287,50.35768],[6.76288,50.35768],[6.76297,50.35771],[6.76307,50.35776],[6.76342,50.35805],[6.76445,50.35839],[6.76525,50.35866],[6.76554,50.35868],[6.7656,50.35877],[6.76563,50.35882],[6.76566,50.35885],[6.7657,50.35886],[6.76581,50.35887],[6.76616,50.35897],[6.76631,50.35899],[6.76661,50.35924],[6.7673,50.3596],[6.76795,50.35981],[6.76849,50.35994],[6.76879,50.36],[6.76946,50.36022],[6.76953,50.36024],[6.77039,50.36063],[6.77046,50.36073],[6.77055,50.36081],[6.77083,50.36103],[6.77119,50.36129],[6.77131,50.36121],[6.77138,50.36115],[6.77204,50.36067],[6.7726,50.35997],[6.77278,50.35976],[6.77453,50.36031],[6.77475,50.36012],[6.77489,50.36001],[6.77499,50.35993],[6.77508,50.35947],[6.7751,50.35936],[6.7752,50.3587],[6.77517,50.35853],[6.77526,50.35852],[6.77538,50.35869],[6.77567,50.35869],[6.77581,50.35865],[6.77602,50.35869],[6.7762,50.35868],[6.77609,50.3585],[6.77588,50.35826],[6.77581,50.35821],[6.77592,50.35819],[6.7767,50.3582],[6.77674,50.35822],[6.77679,50.35824],[6.77667,50.3584],[6.77664,50.35848],[6.77668,50.35882],[6.77674,50.35907],[6.77685,50.35933],[6.77688,50.35942],[6.77693,50.35947],[6.77703,50.35975],[6.77709,50.35974],[6.7773,50.36036],[6.77731,50.36057],[6.77732,50.36094],[6.77735,50.36118],[6.77744,50.36148],[6.77784,50.3617],[6.77808,50.36182],[6.778,50.36191],[6.77797,50.36195],[6.77774,50.36223],[6.77729,50.36276],[6.77713,50.36307],[6.77702,50.3633],[6.77696,50.36354],[6.77697,50.36379],[6.77707,50.36411],[6.77713,50.36412],[6.77844,50.36403],[6.77945,50.36397],[6.7805,50.36384],[6.7814,50.36314],[6.78049,50.36285],[6.78138,50.36247],[6.78195,50.36221],[6.7825,50.36196],[6.78258,50.36181],[6.7826,50.36167],[6.78263,50.36162],[6.78364,50.36183],[6.78444,50.36199],[6.78485,50.36208],[6.78493,50.3621],[6.7864,50.36238],[6.78641,50.36239],[6.78756,50.3626],[6.78827,50.36243],[6.78887,50.36227],[6.78897,50.36227],[6.79129,50.36168],[6.7968,50.36307],[6.7968,50.3615],[6.79682,50.3606],[6.79763,50.36068],[6.79776,50.36069],[6.79769,50.3606],[6.79756,50.36041],[6.7974,50.36014],[6.79724,50.35985],[6.79721,50.35977],[6.80002,50.36078],[6.80009,50.36081],[6.8001,50.36081],[6.80007,50.36129],[6.79982,50.36135],[6.79962,50.36148],[6.79946,50.36181],[6.79956,50.3623],[6.79957,50.36242],[6.79954,50.36251],[6.79952,50.36257],[6.79922,50.36296],[6.80011,50.36309],[6.8003,50.36349],[6.80076,50.36435],[6.80122,50.36502],[6.8015,50.36555],[6.80164,50.3658],[6.8017,50.36594],[6.80224,50.36703],[6.80241,50.36737],[6.80243,50.36807],[6.80264,50.36914],[6.80267,50.36926],[6.80181,50.36931],[6.80102,50.3696],[6.79906,50.36983],[6.79895,50.36984],[6.79886,50.36985],[6.79862,50.36988],[6.79851,50.36995],[6.79817,50.37001],[6.79815,50.37003],[6.79797,50.37012],[6.79791,50.37011],[6.79778,50.3701],[6.79656,50.37001],[6.79612,50.37004],[6.79537,50.3701],[6.79472,50.37024],[6.7943,50.3704],[6.79212,50.37121],[6.79036,50.37189],[6.7897,50.37214],[6.78835,50.37266],[6.78658,50.37333],[6.78657,50.37334],[6.78441,50.37414],[6.78436,50.37416],[6.78436,50.37417],[6.78441,50.37491],[6.78595,50.37536],[6.78534,50.37595],[6.78451,50.37674],[6.78444,50.3768],[6.78439,50.37685],[6.7843,50.37694],[6.78428,50.37696],[6.78423,50.377],[6.78334,50.37788],[6.78246,50.37874],[6.78241,50.3788],[6.78222,50.37899],[6.78211,50.37918],[6.78137,50.38033],[6.78077,50.38125],[6.77979,50.38279],[6.77919,50.38266],[6.77917,50.3827],[6.77869,50.38372],[6.77852,50.38407],[6.77781,50.38501],[6.77746,50.38493],[6.7768,50.38478],[6.7768,50.38481],[6.77673,50.38515],[6.77668,50.38538],[6.77595,50.38655],[6.77591,50.3866],[6.77537,50.38709],[6.77535,50.38711],[6.7753,50.38715],[6.77545,50.38722],[6.77559,50.38729],[6.77435,50.3886],[6.77383,50.38932],[6.77378,50.3894],[6.77383,50.38946],[6.77372,50.38955],[6.77318,50.38998],[6.77242,50.39062],[6.77164,50.3913],[6.77083,50.39194],[6.76972,50.39274],[6.76947,50.39292],[6.76948,50.39302],[6.7695,50.39319],[6.76955,50.39353],[6.76963,50.39408],[6.76965,50.39432],[6.76971,50.3948],[6.76979,50.3957],[6.76985,50.39593],[6.76988,50.39605],[6.77088,50.39821],[6.77298,50.40067],[6.77306,50.40076],[6.77313,50.40083],[6.77395,50.40134],[6.77465,50.40183],[6.77466,50.40181],[6.7762,50.40278],[6.77662,50.40304],[6.77677,50.40313],[6.777,50.40328],[6.77793,50.40385],[6.77927,50.40469],[6.78002,50.40462],[6.77995,50.40466],[6.77989,50.40473],[6.77983,50.40484],[6.7798,50.40492],[6.77979,50.40505],[6.77977,50.40546],[6.77973,50.40643],[6.77972,50.40659],[6.77971,50.40699],[6.7797,50.40726],[6.77969,50.40763],[6.77962,50.40802],[6.7796,50.40812],[6.77918,50.41034],[6.77927,50.41035],[6.77936,50.41037],[6.7793,50.41086],[6.77921,50.41133],[6.77915,50.41159],[6.77921,50.4119],[6.77926,50.41219],[6.77933,50.41258],[6.77935,50.41273],[6.77933,50.41301],[6.77929,50.41337],[6.77929,50.4135],[6.77932,50.41358],[6.77943,50.41368],[6.78007,50.41421],[6.78027,50.41454],[6.7803,50.41464],[6.78049,50.41526],[6.78094,50.41677],[6.78096,50.41686],[6.78116,50.41676],[6.78119,50.41682],[6.78122,50.41689],[6.78137,50.41726],[6.78169,50.41761],[6.78233,50.41833],[6.78233,50.41841],[6.78255,50.41856],[6.78267,50.41866],[6.78275,50.4188],[6.78277,50.41894],[6.78286,50.41904],[6.78301,50.41922],[6.7831,50.41933],[6.78326,50.41947],[6.78343,50.41957],[6.78358,50.41962],[6.78374,50.41966],[6.78386,50.41979],[6.78402,50.4199],[6.78416,50.41999],[6.78432,50.42006],[6.78444,50.42011],[6.78446,50.42018],[6.78451,50.42025],[6.78465,50.42032],[6.78474,50.42039],[6.78484,50.42045],[6.78489,50.42051],[6.78497,50.42052],[6.78504,50.42055],[6.78505,50.42058],[6.78503,50.42063],[6.785,50.42068],[6.78491,50.42066],[6.78477,50.42065],[6.78469,50.42068],[6.78454,50.42075],[6.78448,50.42082],[6.78439,50.42089],[6.78435,50.42096],[6.78421,50.421],[6.7841,50.42107],[6.78397,50.42106],[6.78386,50.42113],[6.78379,50.42118],[6.78374,50.42127],[6.78371,50.42137],[6.78357,50.4215],[6.78339,50.42157],[6.78333,50.42163],[6.78325,50.4217],[6.78312,50.42179],[6.78296,50.42183],[6.78286,50.42188],[6.78271,50.42197],[6.78257,50.42208],[6.78245,50.42215],[6.78233,50.42221],[6.78219,50.42217],[6.78208,50.42214],[6.78197,50.42217],[6.78189,50.42223],[6.78183,50.42234],[6.78177,50.42241],[6.78177,50.42247],[6.78174,50.42254],[6.78164,50.42255],[6.78154,50.42254],[6.78144,50.42253],[6.78135,50.42254],[6.78125,50.42257],[6.78112,50.42266],[6.78103,50.42272],[6.78088,50.42286],[6.7809,50.42292],[6.78089,50.42299],[6.78085,50.42305],[6.78069,50.42312],[6.78054,50.42317],[6.78049,50.42327],[6.78037,50.42335],[6.78027,50.42339],[6.78018,50.42343],[6.78009,50.42349],[6.77998,50.42353],[6.77986,50.42356],[6.77973,50.42365],[6.77957,50.42368],[6.77949,50.42365],[6.77937,50.42365],[6.77924,50.42371],[6.77907,50.42379],[6.77896,50.42386],[6.77895,50.42388],[6.77892,50.42395],[6.77891,50.42402],[6.77882,50.42402],[6.77865,50.42395],[6.77856,50.42394],[6.77846,50.4239],[6.77842,50.42397],[6.77839,50.42405],[6.77828,50.42407],[6.77818,50.42409],[6.77801,50.42408],[6.77787,50.42411],[6.77776,50.42417],[6.7776,50.42415],[6.77758,50.42407],[6.77748,50.42407],[6.77738,50.42408],[6.77717,50.42415],[6.77699,50.42419],[6.77696,50.42411],[6.77686,50.42411],[6.77672,50.4241],[6.77654,50.42415],[6.77646,50.42423],[6.77632,50.42425],[6.7762,50.42427],[6.77605,50.42427],[6.77582,50.42427],[6.77573,50.42423],[6.77562,50.4242],[6.77557,50.42418],[6.77539,50.42416],[6.77525,50.42412],[6.77514,50.42411],[6.77505,50.42411],[6.77496,50.42407],[6.77477,50.42409],[6.77464,50.42413],[6.77445,50.42417],[6.77434,50.42418],[6.77418,50.42418],[6.77401,50.42418],[6.77388,50.42421],[6.77383,50.42412],[6.77367,50.42421],[6.77347,50.42431],[6.77326,50.42442],[6.77314,50.42447],[6.77301,50.4245],[6.77289,50.42453],[6.77274,50.42458],[6.7726,50.42467],[6.7725,50.42472],[6.77233,50.42474],[6.77223,50.42466],[6.7721,50.42467],[6.77211,50.42473],[6.77199,50.42474],[6.77193,50.42468],[6.77179,50.42468],[6.77167,50.42475],[6.77154,50.42478],[6.77039,50.425],[6.77036,50.42502],[6.77055,50.42529],[6.77091,50.42577],[6.77099,50.42594],[6.7712,50.42622],[6.77116,50.42642],[6.77115,50.42645],[6.77112,50.42648],[6.77104,50.42654],[6.77102,50.42656],[6.77101,50.42658],[6.77101,50.42661],[6.77102,50.42666],[6.771,50.42678],[6.77097,50.42687],[6.77093,50.42697],[6.77079,50.42714],[6.77068,50.42744],[6.77067,50.42752],[6.77067,50.42758],[6.77068,50.4276],[6.77074,50.42767],[6.77072,50.4277],[6.77071,50.42773],[6.77077,50.4278],[6.77073,50.42789],[6.77074,50.42794],[6.77077,50.42801],[6.77081,50.42807],[6.77083,50.42813],[6.7708,50.42821],[6.77076,50.42832],[6.77073,50.42839],[6.77066,50.42845],[6.7706,50.4285],[6.77051,50.42859],[6.77045,50.42868],[6.77042,50.42873],[6.77037,50.42878],[6.77036,50.4289],[6.77036,50.42901],[6.77035,50.42905],[6.77029,50.42909],[6.77027,50.42916],[6.77029,50.42922],[6.77029,50.42926],[6.77031,50.42931],[6.77034,50.42936],[6.7703,50.42941],[6.77025,50.42949],[6.77022,50.42959],[6.7702,50.42967],[6.77017,50.42976],[6.77012,50.42984],[6.77006,50.42991],[6.77,50.42998],[6.76995,50.43004],[6.76987,50.43012],[6.76988,50.4302],[6.76989,50.43038],[6.76989,50.43045],[6.76989,50.43048],[6.76989,50.43053],[6.76985,50.43063],[6.7698,50.43077],[6.76977,50.43082],[6.76975,50.43087],[6.76972,50.43091],[6.76966,50.43096],[6.76966,50.43097],[6.76965,50.43102],[6.76966,50.43108],[6.76966,50.43114],[6.76965,50.43119],[6.76962,50.43123],[6.76956,50.43128],[6.76952,50.43132],[6.76949,50.43135],[6.76944,50.43141],[6.76943,50.43145],[6.76942,50.4315],[6.76941,50.43154],[6.76939,50.43173],[6.7694,50.43209],[6.76943,50.4325],[6.76945,50.43279],[6.76946,50.43309],[6.76953,50.43336],[6.76965,50.4336],[6.76977,50.43384],[6.76993,50.43406],[6.77021,50.43434],[6.77038,50.43453],[6.77048,50.43464],[6.77057,50.43473],[6.77059,50.43474],[6.77064,50.43478],[6.77068,50.43481],[6.77073,50.43482],[6.77077,50.43483],[6.77079,50.43484],[6.77082,50.43487],[6.77083,50.43489],[6.7709,50.43497],[6.77091,50.43498],[6.77091,50.43499],[6.7709,50.43501],[6.77089,50.43504],[6.77089,50.43507],[6.77089,50.43508],[6.77091,50.43509],[6.77092,50.4351],[6.77094,50.43511],[6.77095,50.43514],[6.77096,50.43516],[6.77098,50.43519],[6.77102,50.43523],[6.77114,50.43534],[6.77116,50.43536],[6.77116,50.43538],[6.77117,50.43541],[6.77118,50.43548],[6.77131,50.43589],[6.7712,50.43587],[6.77112,50.43584],[6.77105,50.43581],[6.77094,50.43575],[6.77083,50.43572],[6.77076,50.4357],[6.77015,50.43555],[6.76996,50.4355],[6.76982,50.43546],[6.76974,50.43544],[6.76957,50.43539],[6.76946,50.43533],[6.7694,50.43531],[6.76936,50.43529],[6.76928,50.43528],[6.76919,50.43528],[6.76911,50.43525],[6.76899,50.43521],[6.7689,50.4352],[6.76879,50.43516],[6.7685,50.43506],[6.76806,50.43491],[6.76765,50.43476],[6.76736,50.43465],[6.76728,50.43461],[6.76723,50.43459],[6.76715,50.43456],[6.767,50.43452],[6.76684,50.43446],[6.76677,50.43444],[6.76673,50.43442],[6.76669,50.43439],[6.76665,50.43437],[6.76661,50.43435],[6.76655,50.43434],[6.7664,50.43432],[6.76628,50.43429],[6.7662,50.43426],[6.76614,50.43422],[6.76608,50.43418],[6.76599,50.43408],[6.76596,50.43405],[6.76593,50.43402],[6.76588,50.434],[6.76577,50.43396],[6.76564,50.43391],[6.76559,50.43389],[6.76555,50.43388],[6.76552,50.43388],[6.76548,50.43388],[6.76543,50.43388],[6.76538,50.43387],[6.76518,50.43378],[6.76514,50.43376],[6.76512,50.43374],[6.76511,50.43372],[6.76509,50.4337],[6.76505,50.43369],[6.76486,50.43367],[6.76479,50.43366],[6.76475,50.43365],[6.76469,50.43363],[6.76463,50.43361],[6.76455,50.43356],[6.7645,50.43354],[6.76443,50.43353],[6.76432,50.43352],[6.7642,50.43349],[6.76413,50.43347],[6.76408,50.43345],[6.76406,50.43343],[6.76404,50.43339],[6.76403,50.43336],[6.764,50.43335],[6.76396,50.43333],[6.7639,50.43331],[6.76381,50.43325],[6.76374,50.43331],[6.76362,50.43336],[6.7635,50.43334],[6.76322,50.4333],[6.76312,50.43326],[6.76306,50.43324],[6.76299,50.4332],[6.76286,50.43313],[6.762,50.43258],[6.76177,50.43241],[6.7616,50.43229],[6.76159,50.43229],[6.7614,50.4321],[6.7611,50.43178],[6.76086,50.43164],[6.76067,50.43152],[6.76055,50.43144],[6.76053,50.43146],[6.7601,50.43185],[6.76006,50.43189],[6.76005,50.4319],[6.75988,50.43209],[6.75938,50.43253],[6.75876,50.43309],[6.7581,50.43366],[6.75779,50.43396],[6.75777,50.43401],[6.75765,50.43394],[6.75741,50.43393],[6.75696,50.43388],[6.75652,50.43385],[6.75629,50.43384],[6.75616,50.43384],[6.75579,50.43388],[6.75556,50.4339],[6.75529,50.43392],[6.75487,50.4339],[6.7545,50.43386],[6.75414,50.43383],[6.75396,50.43384],[6.75369,50.43399],[6.75352,50.43404],[6.75319,50.43395],[6.75286,50.43386],[6.75265,50.43381],[6.75254,50.43379],[6.75239,50.43378],[6.75203,50.43374],[6.75185,50.43371],[6.75128,50.43369],[6.7508,50.43379],[6.75059,50.43381],[6.75035,50.43382],[6.75005,50.43364],[6.74995,50.4337],[6.74991,50.4338],[6.74981,50.43389],[6.7496,50.4339],[6.74945,50.4339],[6.74928,50.43398],[6.74907,50.43409],[6.74892,50.43418],[6.74875,50.43422],[6.74861,50.43426],[6.74851,50.43435],[6.74842,50.43444],[6.7487,50.4346],[6.74894,50.43473],[6.74871,50.43482],[6.74847,50.43492],[6.74809,50.43506],[6.7478,50.43516],[6.74772,50.43521],[6.74711,50.43534],[6.74644,50.43545],[6.74615,50.43547],[6.74584,50.43546],[6.74559,50.43553],[6.74556,50.43572],[6.74551,50.43593],[6.74534,50.43626],[6.74528,50.43651],[6.74504,50.43696],[6.74547,50.4376],[6.74561,50.43773],[6.74597,50.43805],[6.74596,50.43806],[6.74592,50.43811],[6.74568,50.43842],[6.74533,50.43886],[6.74507,50.4392],[6.74488,50.43942],[6.74477,50.43957],[6.74463,50.43975],[6.74449,50.43991],[6.74421,50.44026],[6.74391,50.44063],[6.74367,50.44092],[6.74371,50.44093],[6.74445,50.44138],[6.74508,50.44176],[6.74565,50.44206],[6.74649,50.44249],[6.74724,50.44286],[6.74785,50.44318],[6.74834,50.44342],[6.74882,50.44365],[6.74937,50.44392],[6.74956,50.44401],[6.74986,50.44416],[6.7506,50.44451],[6.7507,50.44456],[6.75144,50.44492],[6.75189,50.44514],[6.75212,50.44524],[6.75249,50.44537],[6.7548,50.44619],[6.7573,50.44708],[6.75826,50.44756],[6.75903,50.44806],[6.75935,50.44818],[6.75978,50.44839],[6.76044,50.44859],[6.76156,50.44928],[6.7641,50.45052],[6.7646,50.45078],[6.76458,50.45164],[6.76452,50.45423],[6.7645,50.455],[6.7629,50.45564],[6.76316,50.45614],[6.7632,50.4562],[6.76322,50.45624],[6.76323,50.45631],[6.76325,50.4564],[6.76324,50.45648],[6.76325,50.45652],[6.76328,50.45655],[6.76332,50.45656],[6.76338,50.45655],[6.7634,50.45654],[6.76344,50.45654],[6.76349,50.45656],[6.76355,50.45661],[6.76359,50.45667],[6.7636,50.45673],[6.76358,50.45676],[6.76356,50.4568],[6.76355,50.45682],[6.76356,50.45686],[6.76359,50.4569],[6.76367,50.45694],[6.7637,50.45696],[6.76372,50.45698],[6.76373,50.45702],[6.76374,50.45709],[6.76375,50.45713],[6.76379,50.45715],[6.76381,50.45718],[6.76385,50.45724],[6.76389,50.45733],[6.76395,50.45735],[6.76401,50.45736],[6.76407,50.45734],[6.76415,50.45728],[6.7642,50.45726],[6.76424,50.45727],[6.76426,50.4573],[6.76426,50.45737],[6.76428,50.45741],[6.76432,50.45747],[6.76436,50.45752],[6.76442,50.45758],[6.76449,50.45761],[6.76459,50.45765],[6.76464,50.45768],[6.76466,50.45769],[6.76472,50.45771],[6.76479,50.45772],[6.76482,50.45772],[6.76485,50.45774],[6.76488,50.45775],[6.76491,50.45776],[6.76495,50.45776],[6.76502,50.45776],[6.76505,50.45776],[6.76509,50.45778],[6.76511,50.45781],[6.76512,50.45787],[6.76515,50.45789],[6.7652,50.4579],[6.76528,50.45789],[6.76537,50.45788],[6.76543,50.45785],[6.76547,50.45785],[6.7655,50.45785],[6.76555,50.45787],[6.76558,50.45787],[6.76562,50.45786],[6.76572,50.45785],[6.76576,50.45785],[6.76581,50.45786],[6.7659,50.4579],[6.76595,50.45791],[6.76599,50.45791],[6.76604,50.45791],[6.76608,50.45791],[6.7661,50.45792],[6.76612,50.45793],[6.76614,50.45794],[6.76616,50.45795],[6.76622,50.45796],[6.76648,50.45802],[6.76653,50.45805],[6.76657,50.45807],[6.76625,50.45846],[6.76623,50.45848],[6.76619,50.45855],[6.76609,50.45868],[6.76584,50.4592],[6.76547,50.45955],[6.76462,50.46042],[6.76465,50.4613],[6.76464,50.46168],[6.76462,50.46177],[6.76461,50.46181],[6.76417,50.46186],[6.76392,50.46195],[6.76372,50.46203],[6.76275,50.46262],[6.76271,50.46261],[6.76209,50.46246],[6.76105,50.4622],[6.75989,50.46192],[6.75931,50.46178],[6.75827,50.46247],[6.75709,50.46297],[6.75707,50.46383],[6.75642,50.46493],[6.75843,50.46609],[6.75802,50.46689],[6.75796,50.467],[6.75792,50.46707],[6.7587,50.46769],[6.75868,50.46787],[6.75826,50.46803],[6.75813,50.46826],[6.75808,50.46954],[6.7582,50.46983],[6.75837,50.4702],[6.75827,50.47087],[6.7581,50.4709],[6.75632,50.47121],[6.75561,50.47125],[6.7539,50.47135],[6.75313,50.47081],[6.75296,50.47073],[6.7528,50.47068],[6.75263,50.47065],[6.75253,50.47061],[6.75242,50.47055],[6.75231,50.47051],[6.75212,50.47049],[6.75198,50.47041],[6.7518,50.47034],[6.75171,50.47028],[6.75157,50.47026],[6.75155,50.47019],[6.75152,50.47018],[6.75148,50.47017],[6.75145,50.47015],[6.75137,50.47012],[6.75142,50.46993],[6.75143,50.46981],[6.75144,50.46973],[6.75142,50.46963],[6.75139,50.46959],[6.75143,50.4695],[6.75148,50.46938],[6.75143,50.46933],[6.75148,50.46924],[6.75152,50.46914],[6.75152,50.46909],[6.75146,50.46897],[6.75146,50.46889],[6.75155,50.46876],[6.75156,50.46868],[6.75155,50.46859],[6.75161,50.4686],[6.75163,50.46853],[6.75161,50.46846],[6.75158,50.46841],[6.75165,50.46838],[6.75168,50.46826],[6.75164,50.46822],[6.75162,50.46811],[6.75157,50.46797],[6.75155,50.46784],[6.75117,50.46791],[6.75101,50.46797],[6.75089,50.46773],[6.75087,50.46768],[6.75083,50.46754],[6.7508,50.46736],[6.75077,50.46698],[6.75067,50.46684],[6.75039,50.46668],[6.74999,50.46665],[6.74995,50.46657],[6.74989,50.46655],[6.74987,50.46654],[6.7498,50.46651],[6.74971,50.46647],[6.74964,50.46644],[6.74929,50.46632],[6.74899,50.46618],[6.74868,50.46609],[6.74841,50.46615],[6.74813,50.46608],[6.74794,50.46609],[6.74774,50.46611],[6.74758,50.46616],[6.74752,50.46618],[6.7474,50.4662],[6.7473,50.4662],[6.74719,50.46624],[6.74709,50.46625],[6.74696,50.46622],[6.74689,50.46623],[6.74677,50.46626],[6.74659,50.46628],[6.74648,50.46628],[6.74641,50.4663],[6.74634,50.46635],[6.74624,50.46635],[6.74607,50.46635],[6.74597,50.46639],[6.74575,50.46649],[6.74565,50.46657],[6.74564,50.46658],[6.74542,50.4667],[6.74532,50.46673],[6.74513,50.46677],[6.74504,50.46682],[6.7448,50.4669],[6.74475,50.46695],[6.74464,50.46704],[6.74451,50.46705],[6.74435,50.46709],[6.7442,50.46714],[6.74411,50.46719],[6.74395,50.46731],[6.7437,50.46747],[6.74359,50.46747],[6.74353,50.46752],[6.74338,50.46766],[6.74322,50.46775],[6.74448,50.47225],[6.74453,50.47243],[6.74476,50.47325],[6.75183,50.47595],[6.75417,50.47566],[6.75449,50.47563],[6.75566,50.47554],[6.7577,50.47534],[6.75816,50.4753],[6.75837,50.47531],[6.75877,50.47532],[6.75945,50.47541],[6.75967,50.4755],[6.75991,50.47563],[6.76011,50.47577],[6.76063,50.47611],[6.76065,50.47611],[6.76101,50.47643],[6.76153,50.4769],[6.76208,50.47742],[6.76243,50.47772],[6.76253,50.47781],[6.76284,50.47831],[6.76295,50.47848],[6.76299,50.47853],[6.76301,50.47855],[6.76345,50.47896],[6.76379,50.47929],[6.7643,50.47978],[6.76515,50.4806],[6.76584,50.48104],[6.76734,50.48202],[6.76779,50.48246],[6.76824,50.48356],[6.76857,50.48494],[6.77103,50.48443],[6.77128,50.48429],[6.77141,50.48422],[6.7716,50.48411],[6.77284,50.48348],[6.77451,50.48264],[6.77458,50.48265],[6.77473,50.48268],[6.77485,50.48271],[6.77493,50.48273],[6.77512,50.48282],[6.7754,50.48296],[6.7756,50.48304],[6.77588,50.48313],[6.77597,50.48319],[6.77602,50.48333],[6.77628,50.48349],[6.77632,50.48351],[6.77662,50.48366],[6.77677,50.48375],[6.77693,50.48384],[6.77703,50.48389],[6.77725,50.48407],[6.77754,50.48426],[6.7778,50.48447],[6.77785,50.48457],[6.77805,50.48476],[6.77819,50.48496],[6.77831,50.48509],[6.77833,50.4852],[6.77843,50.4853],[6.77858,50.48548],[6.77859,50.48562],[6.77872,50.4857],[6.77885,50.48579],[6.77896,50.48593],[6.77906,50.48601],[6.77912,50.48608],[6.7792,50.48618],[6.77931,50.48623],[6.77932,50.48632],[6.77933,50.48637],[6.77941,50.48643],[6.77949,50.48651],[6.77959,50.48656],[6.77962,50.48657],[6.77975,50.48662],[6.77998,50.48666],[6.78044,50.48675],[6.78274,50.4872],[6.78413,50.48761],[6.78482,50.48782],[6.78485,50.48783],[6.78528,50.48787],[6.78537,50.48788],[6.78608,50.48795],[6.78638,50.48798],[6.78791,50.48835],[6.78849,50.48849],[6.78856,50.48852],[6.78909,50.48886],[6.78947,50.4891],[6.78969,50.48907],[6.78969,50.48909],[6.79014,50.48902],[6.79104,50.48891],[6.79132,50.48897],[6.79183,50.48909],[6.7921,50.48915],[6.79226,50.48917],[6.79248,50.4892],[6.79281,50.48928],[6.79336,50.4894],[6.79371,50.48948],[6.79418,50.48959],[6.79502,50.48976],[6.79556,50.48987],[6.79578,50.48991],[6.796,50.48991],[6.79613,50.48992],[6.79629,50.48997],[6.79653,50.49005],[6.79665,50.49009],[6.79726,50.49027],[6.79784,50.49046],[6.79879,50.49074],[6.79953,50.49097],[6.79964,50.491],[6.79995,50.4911],[6.80032,50.49121],[6.80068,50.49132],[6.80077,50.49135],[6.80083,50.49136],[6.80086,50.49135],[6.80203,50.49037],[6.80215,50.49027],[6.80297,50.48958],[6.8031,50.48951],[6.80372,50.48915],[6.80422,50.48896],[6.80428,50.48896],[6.80434,50.48894],[6.80485,50.4888],[6.80509,50.48865],[6.8052,50.4886],[6.80539,50.48856],[6.80555,50.48853],[6.80558,50.48853],[6.8057,50.4885],[6.80583,50.48842],[6.80595,50.48837],[6.80602,50.4883],[6.80607,50.48821],[6.80614,50.48809],[6.8062,50.48801],[6.80632,50.48801],[6.80643,50.48799],[6.80645,50.48797],[6.80648,50.48793],[6.80652,50.48783],[6.80659,50.48774],[6.80652,50.4876],[6.80657,50.48747],[6.80664,50.4873],[6.80664,50.48717],[6.80661,50.48705],[6.80656,50.48697],[6.80656,50.48687],[6.80658,50.4868],[6.80668,50.48669],[6.80671,50.4866],[6.80671,50.48651],[6.80671,50.48647],[6.80664,50.48631],[6.80662,50.48615],[6.80665,50.48604],[6.80668,50.48597],[6.80655,50.48587],[6.80652,50.48579],[6.80661,50.48571],[6.80664,50.48555],[6.80679,50.48543],[6.80672,50.4853],[6.80669,50.48523],[6.80678,50.48516],[6.80695,50.48506],[6.80704,50.48494],[6.80708,50.48481],[6.80703,50.48468],[6.80698,50.48452],[6.80692,50.4844],[6.8069,50.4843],[6.8069,50.48424],[6.80679,50.48417],[6.80667,50.48405],[6.80669,50.48387],[6.8067,50.48377],[6.80672,50.48366],[6.80676,50.48353],[6.80678,50.48337],[6.80678,50.48325],[6.80681,50.48312],[6.80683,50.48302],[6.80686,50.48294],[6.80688,50.48282],[6.80684,50.48275],[6.80682,50.48262],[6.80692,50.48255],[6.80697,50.48245],[6.80697,50.48241],[6.80698,50.48234],[6.80707,50.48233],[6.80709,50.48228],[6.80711,50.48224],[6.80726,50.48216],[6.80722,50.48208],[6.80719,50.48197],[6.80733,50.4818],[6.80739,50.48168],[6.80748,50.48162],[6.80753,50.48155],[6.80746,50.48149],[6.80737,50.48142],[6.80738,50.48133],[6.80742,50.48125],[6.80734,50.48108],[6.80734,50.481],[6.80745,50.4809],[6.80755,50.48078],[6.80739,50.4808],[6.80726,50.48064],[6.80726,50.48057],[6.80726,50.48053],[6.8073,50.48046],[6.80737,50.48036],[6.80753,50.48036],[6.80765,50.48035],[6.80766,50.48027],[6.80756,50.48024],[6.80752,50.48015],[6.8076,50.48003],[6.8077,50.47994],[6.80772,50.47982],[6.80762,50.47966],[6.8075,50.47955],[6.80744,50.47947],[6.80748,50.4794],[6.80749,50.4792],[6.80746,50.4791],[6.80739,50.47902],[6.8074,50.479],[6.80752,50.47889],[6.80768,50.47871],[6.80782,50.47856],[6.80785,50.47853],[6.80807,50.47837],[6.80828,50.47815],[6.80824,50.47812],[6.80827,50.47801],[6.80846,50.47797],[6.80847,50.47778],[6.80871,50.47763],[6.80871,50.47747],[6.80888,50.47726],[6.8089,50.47716],[6.809,50.47707],[6.80898,50.4769],[6.80896,50.47676],[6.80892,50.47672],[6.80894,50.47663],[6.80908,50.47665],[6.80919,50.4766],[6.80911,50.47653],[6.8092,50.47622],[6.80922,50.47598],[6.80915,50.47579],[6.8091,50.47567],[6.80938,50.47544],[6.80956,50.47543],[6.80964,50.47536],[6.80964,50.47528],[6.8099,50.475],[6.81011,50.47488],[6.81025,50.47471],[6.81031,50.47464],[6.81033,50.47461],[6.81035,50.47459],[6.81045,50.47448],[6.81059,50.47429],[6.81074,50.47411],[6.81083,50.474],[6.81087,50.47393],[6.81102,50.47376],[6.8111,50.47361],[6.81116,50.47354],[6.81128,50.47339],[6.81142,50.47322],[6.81152,50.47309],[6.81163,50.47296],[6.8118,50.47274],[6.8119,50.47258],[6.81203,50.47242],[6.8121,50.47232],[6.81209,50.47226],[6.81207,50.47217],[6.81219,50.47215],[6.81223,50.47214],[6.81372,50.47179],[6.81484,50.47139],[6.81585,50.47111],[6.81613,50.47099],[6.81637,50.47095],[6.81649,50.47093],[6.81648,50.47086],[6.81649,50.47084],[6.81641,50.47083],[6.81637,50.47082],[6.81637,50.47081],[6.81634,50.4708],[6.81629,50.47078],[6.81627,50.47077],[6.81624,50.47075],[6.81621,50.47073],[6.81617,50.47069],[6.81615,50.47065],[6.81614,50.47063],[6.81616,50.47062],[6.81617,50.47062],[6.81626,50.47059],[6.81636,50.47053],[6.81648,50.47048],[6.81648,50.47039],[6.81662,50.47028],[6.81671,50.47022],[6.81689,50.47022],[6.81699,50.47024],[6.81706,50.47016],[6.81721,50.47014],[6.81726,50.4702],[6.81742,50.47025],[6.81753,50.4702],[6.81751,50.47015],[6.81749,50.47008],[6.81757,50.47002],[6.81766,50.46999],[6.81781,50.46995],[6.81789,50.46991],[6.81779,50.46989],[6.81769,50.46977],[6.81782,50.46969],[6.81789,50.46967],[6.81791,50.46966],[6.818,50.46967],[6.81821,50.46975],[6.81829,50.46977],[6.81836,50.46971],[6.81856,50.46968],[6.81858,50.46978],[6.8185,50.46981],[6.81856,50.46989],[6.81867,50.4699],[6.81919,50.4697],[6.81928,50.46965],[6.8193,50.46958],[6.81928,50.46952],[6.81933,50.46939],[6.81941,50.46931],[6.81947,50.46925],[6.8196,50.46927],[6.81977,50.46933],[6.81988,50.46928],[6.81999,50.46922],[6.8201,50.46922],[6.82022,50.46916],[6.82026,50.46905],[6.82034,50.46899],[6.82045,50.46895],[6.8205,50.46894],[6.82068,50.46891],[6.82084,50.46878],[6.82101,50.46876],[6.82108,50.46878],[6.82115,50.46881],[6.8213,50.46881],[6.82142,50.46885],[6.82153,50.4689],[6.8216,50.46894],[6.82166,50.46893],[6.82168,50.4689],[6.82168,50.46883],[6.82169,50.46878],[6.82182,50.46871],[6.82196,50.46872],[6.82228,50.46858],[6.82245,50.46847],[6.82268,50.46846],[6.8229,50.46845],[6.82314,50.46839],[6.82325,50.46835],[6.82333,50.46823],[6.82342,50.4681],[6.82356,50.46806],[6.82359,50.46814],[6.82372,50.46815],[6.82384,50.46813],[6.82395,50.46803],[6.82403,50.468],[6.82423,50.46798],[6.82439,50.46797],[6.8245,50.46791],[6.82489,50.46768],[6.82508,50.46755],[6.82526,50.46749],[6.82545,50.46746],[6.82561,50.46735],[6.82577,50.46724],[6.82587,50.46714],[6.82598,50.46707],[6.82609,50.46706],[6.82633,50.46708],[6.8265,50.46711],[6.82661,50.46709],[6.82675,50.46707],[6.82703,50.46708],[6.82721,50.46711],[6.82732,50.46714],[6.82755,50.46715],[6.82779,50.46718],[6.82803,50.46723],[6.82817,50.46726],[6.82842,50.46724],[6.82878,50.46725],[6.82905,50.46726],[6.82909,50.46725],[6.82922,50.4672],[6.82936,50.4671],[6.82946,50.46701],[6.82953,50.46691],[6.82963,50.46684],[6.82979,50.46678],[6.82997,50.46674],[6.83001,50.46673],[6.83012,50.46669],[6.83018,50.46661],[6.83023,50.46654],[6.83038,50.46651],[6.83054,50.46646],[6.83068,50.46643],[6.83079,50.46637],[6.83095,50.46632],[6.83111,50.46624],[6.83133,50.46616],[6.83149,50.46609],[6.8316,50.46601],[6.83176,50.46595],[6.83192,50.46592],[6.83211,50.46594],[6.83215,50.46595],[6.83228,50.46598],[6.8324,50.46598],[6.83251,50.46599],[6.83262,50.46595],[6.83282,50.4659],[6.83294,50.46587],[6.8331,50.46578],[6.83321,50.46573],[6.83332,50.46571],[6.83349,50.46572],[6.83375,50.46578],[6.83406,50.4658],[6.83442,50.46583],[6.83461,50.46583],[6.8347,50.46582],[6.83472,50.4657],[6.83469,50.46558],[6.83474,50.46552],[6.83484,50.46552],[6.83505,50.46556],[6.83519,50.46558],[6.83538,50.46555],[6.83549,50.4655],[6.83558,50.46542],[6.83595,50.46539],[6.83605,50.46536],[6.83623,50.46529],[6.83651,50.46525],[6.83678,50.46522],[6.83692,50.46525],[6.83704,50.46525],[6.83711,50.4652],[6.83718,50.46511],[6.83729,50.46508],[6.83745,50.46508],[6.8375,50.46509],[6.83759,50.4651],[6.83769,50.46508],[6.83774,50.46507],[6.83798,50.46501],[6.8383,50.46493],[6.83869,50.46482],[6.83874,50.46481],[6.83913,50.46494],[6.83929,50.46483],[6.8393,50.46473],[6.83937,50.46463],[6.83943,50.46455],[6.83947,50.46451],[6.83952,50.46451],[6.83955,50.46451],[6.83959,50.46447],[6.83979,50.46439],[6.84013,50.46426],[6.84025,50.46416],[6.84016,50.46413],[6.84012,50.46408],[6.84007,50.46405],[6.84,50.46402],[6.83998,50.46399],[6.83992,50.46395],[6.83985,50.46394],[6.83984,50.46388],[6.83987,50.46384],[6.83994,50.46382],[6.84,50.46385],[6.84006,50.46387],[6.84019,50.46385],[6.84028,50.46381],[6.84033,50.46381],[6.84043,50.46381],[6.84051,50.46386],[6.84066,50.46387],[6.84107,50.46362],[6.84105,50.46361],[6.84102,50.46359],[6.84105,50.46355],[6.84103,50.46347],[6.84102,50.46342],[6.841,50.46331],[6.84103,50.46329],[6.84104,50.46322],[6.8411,50.46314],[6.84122,50.46308],[6.84128,50.46307],[6.84132,50.46307],[6.84137,50.46309],[6.84145,50.46311],[6.84154,50.46306],[6.84157,50.46301],[6.84157,50.46294],[6.84165,50.46289],[6.84166,50.46279],[6.84162,50.46275],[6.84155,50.46271],[6.84148,50.46273],[6.84143,50.46267],[6.84144,50.46264],[6.84148,50.46263],[6.84148,50.46252],[6.84153,50.46247],[6.84161,50.46246],[6.84173,50.46244],[6.84185,50.46245],[6.84202,50.46247],[6.84214,50.46247],[6.84221,50.46244],[6.84224,50.46243],[6.84229,50.46238],[6.84226,50.46233],[6.84222,50.46221],[6.84219,50.46218],[6.84209,50.46219],[6.84208,50.46213],[6.84206,50.46201],[6.84218,50.46195],[6.84217,50.4619],[6.84224,50.46183],[6.84242,50.46181],[6.84244,50.46176],[6.84219,50.46167],[6.84219,50.46166],[6.84218,50.46162],[6.84232,50.46155],[6.84254,50.46146],[6.84265,50.46139],[6.84276,50.46128],[6.84282,50.46119],[6.84292,50.46112],[6.84303,50.46103],[6.84305,50.46098],[6.84296,50.4609],[6.84307,50.46082],[6.84315,50.46077],[6.84316,50.46076],[6.8433,50.46067],[6.84346,50.46054],[6.84355,50.4604],[6.84371,50.46024],[6.84394,50.46013],[6.84427,50.46002],[6.84435,50.45999],[6.84451,50.45995],[6.84465,50.45989],[6.84472,50.4599],[6.84512,50.45997],[6.84518,50.45997],[6.84527,50.45995],[6.84556,50.45986],[6.84585,50.45977],[6.84591,50.45975],[6.84613,50.45969],[6.84635,50.45962],[6.84662,50.45957],[6.84692,50.45953],[6.84719,50.45947],[6.8474,50.45938],[6.8476,50.45922],[6.8477,50.45917],[6.84778,50.45914],[6.84796,50.45909],[6.8481,50.459],[6.84817,50.45895],[6.84818,50.45889],[6.8482,50.45887],[6.84837,50.45871],[6.84846,50.45866],[6.84858,50.45866],[6.84874,50.45866],[6.84887,50.45865],[6.8489,50.45862],[6.84892,50.45856],[6.84897,50.45851],[6.84925,50.45825],[6.84929,50.45821],[6.84931,50.45817],[6.84935,50.45809],[6.84936,50.45805],[6.84935,50.45801],[6.84934,50.45796],[6.84932,50.45789],[6.84933,50.45781],[6.84938,50.45774],[6.84949,50.45768],[6.84962,50.45762],[6.84983,50.4575],[6.85006,50.45738],[6.85013,50.45733],[6.8502,50.45726],[6.85028,50.45716],[6.85034,50.45711],[6.85041,50.45707],[6.85057,50.457],[6.85067,50.45698],[6.85082,50.45698],[6.85102,50.45697],[6.85114,50.45698],[6.85129,50.45696],[6.85161,50.45695],[6.85179,50.45696],[6.85186,50.45697],[6.85192,50.45697],[6.85197,50.45697],[6.85205,50.45696],[6.85215,50.45696],[6.85235,50.45693],[6.8524,50.45694],[6.85242,50.45697],[6.85244,50.45699],[6.85248,50.45702],[6.85257,50.45707],[6.85266,50.45709],[6.85311,50.45718],[6.85323,50.45718],[6.85335,50.4572],[6.85378,50.45722],[6.85386,50.45722],[6.85395,50.4572],[6.85403,50.45717],[6.85407,50.45714],[6.8541,50.45712],[6.85412,50.45709],[6.85417,50.45694],[6.85417,50.45689],[6.85415,50.45684],[6.85408,50.45681],[6.85392,50.45676],[6.85383,50.45672],[6.85383,50.45671],[6.85383,50.45661],[6.85382,50.45649],[6.85385,50.45645],[6.85394,50.45633],[6.85397,50.4563],[6.85399,50.45626],[6.85401,50.45618],[6.85402,50.45613],[6.85416,50.45556],[6.85417,50.45551],[6.85421,50.45547],[6.85443,50.45525],[6.85449,50.4552],[6.85455,50.45517],[6.85462,50.45515],[6.85505,50.45507],[6.85512,50.45505],[6.8552,50.45505],[6.8554,50.45506],[6.85546,50.45505],[6.85574,50.45496],[6.85577,50.45493],[6.8558,50.45491],[6.85595,50.45476],[6.85596,50.45472],[6.85594,50.4547],[6.85573,50.45452],[6.85569,50.45448],[6.85565,50.45443],[6.85561,50.45435],[6.85555,50.45422],[6.85559,50.4542],[6.85574,50.4541],[6.85577,50.45407],[6.85581,50.45402],[6.85599,50.45377],[6.85602,50.45371],[6.85605,50.45365],[6.85607,50.45357],[6.85609,50.45352],[6.85615,50.45341],[6.85621,50.45336],[6.85629,50.45334],[6.85644,50.45332],[6.85659,50.45327],[6.85677,50.45321],[6.85689,50.45319],[6.85702,50.45318],[6.8572,50.45317],[6.85748,50.45322],[6.85781,50.45327],[6.85814,50.45334],[6.85844,50.45344],[6.85868,50.45355],[6.85878,50.45359],[6.859,50.45368],[6.8591,50.45374],[6.85918,50.4538],[6.85913,50.45387],[6.85914,50.45389],[6.85913,50.45392],[6.85918,50.45396],[6.85936,50.45418],[6.85944,50.45428],[6.85961,50.45451],[6.85978,50.45472],[6.85983,50.45476],[6.85989,50.4548],[6.86001,50.45488],[6.86008,50.45494],[6.86013,50.455],[6.86023,50.45508],[6.86038,50.45522],[6.8608,50.45557],[6.86086,50.45563],[6.86091,50.45569],[6.86108,50.45594],[6.8611,50.45599],[6.86108,50.45603],[6.86081,50.45643],[6.86082,50.4565],[6.8609,50.45655],[6.86125,50.4567],[6.86133,50.45673],[6.86144,50.45675],[6.86173,50.4568],[6.86177,50.4568],[6.86205,50.45685],[6.86221,50.45687],[6.86281,50.45699],[6.86297,50.45703],[6.86306,50.45707],[6.86312,50.4571],[6.86413,50.45735],[6.86425,50.45738],[6.86447,50.45742],[6.86452,50.45742],[6.86595,50.4572],[6.86627,50.45706],[6.86646,50.45691],[6.86681,50.45673],[6.86685,50.45671],[6.86715,50.45644],[6.86723,50.45631],[6.86733,50.45632],[6.86752,50.45635],[6.86779,50.45614],[6.86808,50.45647],[6.86822,50.45663],[6.8683,50.45669],[6.86838,50.45672],[6.8685,50.45678],[6.86853,50.4568],[6.86856,50.45681],[6.86861,50.45686],[6.86869,50.45697],[6.86875,50.45704],[6.8688,50.4571],[6.86886,50.45715],[6.86899,50.45724],[6.86902,50.45726],[6.86905,50.45728],[6.86906,50.45729],[6.86906,50.45731],[6.86904,50.45734],[6.86904,50.45736],[6.86906,50.4574],[6.86914,50.4575],[6.86922,50.45758],[6.86929,50.45765],[6.86917,50.45776],[6.86916,50.45778],[6.86917,50.45779],[6.86918,50.4578],[6.86919,50.45782],[6.86919,50.45784],[6.86918,50.45785],[6.86911,50.45794],[6.86909,50.45798],[6.86907,50.45801],[6.86906,50.45811],[6.86906,50.45818],[6.86906,50.45824],[6.86905,50.45829],[6.86909,50.45835],[6.86909,50.45837],[6.86908,50.45848],[6.86908,50.45852],[6.8691,50.45855],[6.86922,50.45878],[6.86923,50.45883],[6.86923,50.45886],[6.86921,50.45894],[6.8692,50.45897],[6.86921,50.45901],[6.86924,50.4591],[6.86928,50.45919],[6.86933,50.45926],[6.86938,50.45932],[6.86944,50.45938],[6.8695,50.45942],[6.86954,50.45945],[6.86956,50.45947],[6.86958,50.45948],[6.86958,50.4595],[6.86961,50.45955],[6.86961,50.45957],[6.86964,50.45958],[6.86967,50.4596],[6.86975,50.45962],[6.8698,50.45964],[6.86983,50.45967],[6.86985,50.45971],[6.86993,50.45992],[6.86995,50.45994],[6.86998,50.45995],[6.87002,50.45995],[6.87011,50.45996],[6.87017,50.45997],[6.8702,50.45999],[6.87022,50.46002],[6.87024,50.46011],[6.87026,50.46015],[6.87029,50.46019],[6.87044,50.46031],[6.87051,50.46037],[6.87057,50.46042],[6.87063,50.4605],[6.87066,50.46056],[6.87069,50.46061],[6.87079,50.46074],[6.87093,50.4609],[6.87103,50.46101],[6.87112,50.46104],[6.87126,50.46109],[6.87133,50.46116],[6.87139,50.46124],[6.87147,50.46129],[6.87158,50.46134],[6.87169,50.46137],[6.87175,50.46141],[6.87182,50.46148],[6.87194,50.46151],[6.8721,50.46158],[6.87222,50.46166],[6.87233,50.46174],[6.87244,50.46182],[6.87253,50.46186],[6.87258,50.46192],[6.87268,50.462],[6.87285,50.46211],[6.87292,50.46219],[6.87303,50.46224],[6.87305,50.46226],[6.87309,50.4623],[6.87307,50.46239],[6.87309,50.46245],[6.87318,50.46247],[6.87335,50.46244],[6.87343,50.46249],[6.87354,50.46249],[6.87373,50.46253],[6.87393,50.46262],[6.87413,50.46273],[6.8743,50.46281],[6.87433,50.46286],[6.87438,50.46299],[6.87444,50.46307],[6.87452,50.46308],[6.87461,50.46311],[6.87464,50.46316],[6.87468,50.46323],[6.8748,50.46326],[6.8749,50.46334],[6.87499,50.46338],[6.87513,50.46344],[6.87526,50.46354],[6.87545,50.46366],[6.8756,50.46372],[6.87573,50.46379],[6.87589,50.4639],[6.87608,50.46398],[6.87625,50.46403],[6.87638,50.46408],[6.87646,50.46411],[6.87663,50.46419],[6.8767,50.46424],[6.87677,50.46431],[6.87686,50.46441],[6.877,50.46452],[6.8772,50.46465],[6.87748,50.46474],[6.87774,50.46482],[6.87777,50.46486],[6.87826,50.465],[6.87904,50.46557],[6.87906,50.46557],[6.88075,50.46624],[6.88092,50.46628],[6.88164,50.46637],[6.88243,50.46648],[6.88262,50.46652],[6.88281,50.46656],[6.88302,50.46661],[6.88358,50.46675],[6.8841,50.46687],[6.88415,50.46688],[6.88463,50.46668],[6.88496,50.46656],[6.88547,50.46672],[6.88553,50.46674],[6.88562,50.46673],[6.88704,50.46711],[6.88805,50.46596],[6.88965,50.46672],[6.89012,50.46695],[6.89054,50.46715],[6.89073,50.46717],[6.89114,50.46724],[6.89131,50.46726],[6.89148,50.46729],[6.89154,50.4673],[6.89171,50.46733],[6.89181,50.46735],[6.89198,50.46738],[6.89216,50.46739],[6.89231,50.46739],[6.89267,50.46737],[6.89294,50.46736],[6.89318,50.46736],[6.89342,50.46729],[6.89361,50.46724],[6.89377,50.46718],[6.89386,50.46713],[6.89395,50.46707],[6.89403,50.46703],[6.89415,50.46703],[6.89429,50.46704],[6.89451,50.46707],[6.89491,50.46714],[6.89517,50.46721],[6.89542,50.46728],[6.89559,50.46736],[6.89578,50.46742],[6.89596,50.46748],[6.89624,50.46757],[6.89651,50.46766],[6.89676,50.46775],[6.8969,50.46781],[6.89701,50.46787],[6.89717,50.46794],[6.89737,50.46799],[6.89753,50.46803],[6.89768,50.46805],[6.8978,50.46807],[6.89794,50.46807],[6.89805,50.46807],[6.89881,50.46829],[6.89921,50.4684],[6.89974,50.4685],[6.90072,50.46865],[6.90084,50.46871],[6.90159,50.46905],[6.90123,50.46959],[6.90087,50.47004],[6.90054,50.47044],[6.89982,50.47113],[6.89981,50.47117],[6.90091,50.47212],[6.90145,50.47268],[6.90214,50.47338],[6.90231,50.47356],[6.90258,50.47382],[6.90262,50.47387],[6.90264,50.47391],[6.90265,50.47396],[6.90286,50.47438],[6.90327,50.47526],[6.9031,50.47526],[6.90292,50.47531],[6.90278,50.47534],[6.9027,50.47538],[6.90261,50.47543],[6.90257,50.47547],[6.90253,50.47551],[6.9025,50.47555],[6.9025,50.47557],[6.9025,50.47559],[6.9025,50.47563],[6.90251,50.47565],[6.9025,50.47566],[6.90249,50.47567],[6.90247,50.47568],[6.90245,50.47568],[6.90242,50.47567],[6.90238,50.47564],[6.90232,50.47563],[6.90227,50.47563],[6.90224,50.47565],[6.90224,50.47568],[6.90226,50.47572],[6.90225,50.47575],[6.9022,50.47577],[6.90211,50.4758],[6.902,50.47583],[6.90195,50.47584],[6.90191,50.47586],[6.90187,50.47588],[6.90186,50.47591],[6.90186,50.47594],[6.90188,50.47595],[6.90199,50.47602],[6.90202,50.47606],[6.90206,50.47608],[6.90207,50.4761],[6.90211,50.47613],[6.90213,50.47616],[6.90213,50.47618],[6.90212,50.47621],[6.90203,50.47635],[6.90201,50.4764],[6.90201,50.47642],[6.90201,50.47644],[6.90201,50.47646],[6.90199,50.47648],[6.90195,50.47651],[6.90184,50.47658],[6.90176,50.47662],[6.90162,50.47666],[6.90148,50.47673],[6.90131,50.47682],[6.90118,50.47685],[6.901,50.47686],[6.90084,50.4769],[6.90074,50.47695],[6.90066,50.47699],[6.90061,50.47699],[6.90052,50.47699],[6.90048,50.47703],[6.90042,50.4771],[6.90036,50.47711],[6.90031,50.47711],[6.90021,50.47712],[6.90014,50.47715],[6.90008,50.4772],[6.90004,50.47729],[6.90011,50.47735],[6.90005,50.47741],[6.90011,50.47742],[6.90007,50.47746],[6.90004,50.47764],[6.89998,50.47771],[6.89991,50.47779],[6.89984,50.4778],[6.89981,50.47786],[6.89966,50.47789],[6.89971,50.47794],[6.89962,50.47798],[6.89966,50.47803],[6.89965,50.47807],[6.89961,50.4781],[6.89955,50.47813],[6.89966,50.47825],[6.90077,50.47975],[6.90106,50.48016],[6.90167,50.48093],[6.90322,50.48168],[6.90347,50.48179],[6.90409,50.4821],[6.9041,50.48215],[6.90423,50.4824],[6.90429,50.48251],[6.90437,50.48268],[6.90499,50.48389],[6.90558,50.48498],[6.90536,50.48538],[6.90521,50.48572],[6.90513,50.48577],[6.90504,50.48589],[6.90498,50.48603],[6.90491,50.48616],[6.90479,50.48631],[6.90469,50.48642],[6.90461,50.48654],[6.90458,50.48661],[6.90434,50.48687],[6.90382,50.48715],[6.90186,50.48874],[6.90154,50.48897],[6.90123,50.48909],[6.90095,50.4892],[6.90083,50.48929],[6.90029,50.48967],[6.90075,50.49017],[6.90104,50.49062],[6.90127,50.49099],[6.90156,50.49145],[6.90161,50.49152],[6.90185,50.49184],[6.90194,50.49198],[6.90184,50.49198],[6.90181,50.49193],[6.90174,50.49187],[6.90172,50.49187],[6.90167,50.49189],[6.90162,50.49191],[6.90154,50.49196],[6.9015,50.49199],[6.90143,50.49201],[6.90129,50.49203],[6.90107,50.49203],[6.90088,50.49206],[6.90074,50.49211],[6.90072,50.49216],[6.90073,50.49226],[6.90068,50.49235],[6.90055,50.49237],[6.90028,50.4924],[6.90002,50.4924],[6.89983,50.49238],[6.89964,50.49233],[6.89943,50.49225],[6.89926,50.49216],[6.89914,50.49213],[6.89902,50.49209],[6.89891,50.49206],[6.89878,50.49206],[6.89861,50.49206],[6.89847,50.49206],[6.89816,50.49209],[6.89817,50.49236],[6.89821,50.49289],[6.8989,50.49351],[6.90025,50.49422],[6.90048,50.49487],[6.90055,50.49505],[6.90072,50.49539],[6.90119,50.49629],[6.90127,50.4964],[6.90114,50.49695],[6.9012,50.49703],[6.90128,50.49714],[6.90139,50.49725],[6.90184,50.4979],[6.90355,50.49904],[6.90439,50.49957],[6.90446,50.49961],[6.90494,50.49986],[6.90564,50.50021],[6.90592,50.50049],[6.90608,50.50096],[6.90627,50.5015],[6.90598,50.50218],[6.90596,50.50218],[6.90585,50.5022],[6.90579,50.50221],[6.90573,50.50221],[6.90573,50.50223],[6.90553,50.50239],[6.90537,50.50253],[6.90527,50.50267],[6.90512,50.50274],[6.90511,50.50275],[6.90495,50.50273],[6.90468,50.50271],[6.90462,50.5027],[6.90429,50.5027],[6.90415,50.50272],[6.90416,50.50275],[6.90362,50.50271],[6.9027,50.50264],[6.90236,50.50273],[6.90193,50.50293],[6.9015,50.50312],[6.90135,50.50321],[6.90121,50.50326],[6.90092,50.50343],[6.9005,50.50372],[6.90046,50.50414],[6.90042,50.50451],[6.90029,50.50471],[6.89982,50.50531],[6.89974,50.50541],[6.89962,50.50557],[6.89932,50.50598],[6.89853,50.50642],[6.89813,50.50691],[6.89739,50.50707],[6.89408,50.50723],[6.89386,50.50723],[6.89353,50.50726],[6.89259,50.50755],[6.89209,50.50771],[6.89115,50.50794],[6.89053,50.50796],[6.88826,50.50807],[6.88825,50.50809],[6.88846,50.50813],[6.88858,50.50817],[6.88865,50.50822],[6.88869,50.50827],[6.88871,50.5083],[6.88872,50.5083],[6.88875,50.50829],[6.88924,50.50856],[6.88992,50.509],[6.89066,50.50978],[6.89075,50.50987],[6.89079,50.50996],[6.89087,50.51006],[6.89088,50.51007],[6.89092,50.51015],[6.89102,50.51035],[6.89113,50.51052],[6.89127,50.51068],[6.89139,50.51083],[6.8915,50.51088],[6.89171,50.51108],[6.89193,50.51127],[6.8921,50.51142],[6.89228,50.51163],[6.89242,50.51178],[6.89264,50.51206],[6.89272,50.51217],[6.89284,50.51226],[6.89294,50.51235],[6.89299,50.51251],[6.89307,50.51266],[6.89318,50.51287],[6.89327,50.51301],[6.8934,50.51312],[6.89355,50.51321],[6.89365,50.51325],[6.8937,50.51344],[6.89379,50.51355],[6.89393,50.51375],[6.8942,50.51384],[6.89459,50.51395],[6.89495,50.51407],[6.89523,50.51417],[6.89543,50.51425],[6.89554,50.51431],[6.8956,50.51437],[6.89567,50.51442],[6.89572,50.51447],[6.89585,50.51455],[6.896,50.51466],[6.89607,50.51471],[6.89613,50.51481],[6.89624,50.51494],[6.89625,50.51495],[6.89636,50.51513],[6.89643,50.5153],[6.89651,50.51551],[6.89658,50.5157],[6.89659,50.51573],[6.89661,50.51581],[6.89664,50.51592],[6.8967,50.5161],[6.89667,50.51634],[6.89665,50.51656],[6.89665,50.51676],[6.89692,50.51697],[6.89732,50.51723],[6.89767,50.51747],[6.89792,50.51765],[6.89796,50.5177],[6.89796,50.51775],[6.89784,50.51778],[6.89751,50.51776],[6.89706,50.51776],[6.89704,50.51776],[6.89657,50.5177],[6.89606,50.51762],[6.89589,50.51778],[6.89584,50.51779],[6.89546,50.51785],[6.89545,50.51781],[6.89531,50.51782],[6.89521,50.51788],[6.8948,50.51793],[6.89444,50.51793],[6.89424,50.51786],[6.89407,50.51781],[6.89392,50.51774],[6.89378,50.51771],[6.89357,50.51775],[6.89335,50.51778],[6.89332,50.51789],[6.89318,50.51801],[6.89281,50.51818],[6.89262,50.51824],[6.8925,50.51827],[6.89227,50.51831],[6.89193,50.51829],[6.89163,50.51826],[6.89146,50.51827],[6.89138,50.5183],[6.89119,50.51836],[6.89106,50.51848],[6.89091,50.51847],[6.89077,50.51841],[6.89061,50.51841],[6.89041,50.51852],[6.89015,50.51866],[6.89011,50.51874],[6.88997,50.51876],[6.88976,50.51881],[6.88954,50.51886],[6.88941,50.51887],[6.88928,50.51891],[6.88888,50.5189],[6.88869,50.51889],[6.88849,50.51884],[6.88829,50.51876],[6.88813,50.51888],[6.88802,50.5189],[6.88791,50.51899],[6.88776,50.51896],[6.88766,50.51885],[6.88755,50.51886],[6.88742,50.51888],[6.8872,50.5188],[6.88704,50.51882],[6.8868,50.5189],[6.88669,50.51901],[6.88657,50.5191],[6.88642,50.51914],[6.88617,50.51923],[6.88606,50.51928],[6.88588,50.51931],[6.88576,50.51933],[6.88571,50.5194],[6.88571,50.51952],[6.88557,50.51963],[6.88545,50.5197],[6.88528,50.51973],[6.885,50.51978],[6.88474,50.51985],[6.88461,50.51991],[6.88444,50.52],[6.88438,50.5201],[6.8844,50.52022],[6.88452,50.52035],[6.88457,50.52042],[6.88469,50.52038],[6.88493,50.52034],[6.88495,50.52042],[6.88485,50.52052],[6.88489,50.5206],[6.88491,50.52067],[6.8849,50.52081],[6.8849,50.52091],[6.8849,50.52094],[6.88474,50.521],[6.88452,50.52109],[6.8845,50.52117],[6.88434,50.52119],[6.88429,50.52132],[6.88423,50.52144],[6.8841,50.52139],[6.88405,50.52148],[6.88397,50.5216],[6.88396,50.52168],[6.88394,50.52175],[6.88372,50.52175],[6.8837,50.52185],[6.88366,50.52197],[6.88387,50.52205],[6.8839,50.52215],[6.88401,50.52224],[6.88408,50.52231],[6.884,50.52237],[6.88408,50.52243],[6.88408,50.52255],[6.88412,50.52269],[6.88418,50.52279],[6.88423,50.52285],[6.88416,50.52295],[6.8841,50.523],[6.88401,50.52301],[6.88402,50.52308],[6.88421,50.52311],[6.88413,50.52319],[6.88411,50.52326],[6.88417,50.52335],[6.88424,50.52343],[6.88431,50.52351],[6.88437,50.52359],[6.88438,50.52362],[6.88439,50.52367],[6.88438,50.5238],[6.88449,50.52387],[6.88456,50.52396],[6.8846,50.52403],[6.88457,50.52412],[6.8845,50.52423],[6.88442,50.52429],[6.88435,50.52435],[6.8842,50.52432],[6.8842,50.5244],[6.88421,50.52449],[6.88423,50.5246],[6.88426,50.52463],[6.88427,50.52468],[6.88423,50.52472],[6.88419,50.52475],[6.88411,50.52476],[6.88412,50.52479],[6.88412,50.52481],[6.88419,50.52487],[6.88421,50.52498],[6.8842,50.52507],[6.8842,50.52512],[6.88418,50.52517],[6.8841,50.5252],[6.884,50.52521],[6.88395,50.52526],[6.88395,50.52532],[6.88391,50.52542],[6.88383,50.52555],[6.88365,50.52587],[6.88357,50.52596],[6.88353,50.52602],[6.88351,50.52605],[6.88338,50.52606],[6.88325,50.52611],[6.88311,50.5262],[6.88297,50.52621],[6.88288,50.52621],[6.88283,50.52618],[6.8828,50.52611],[6.88277,50.52619],[6.88272,50.52626],[6.88258,50.52629],[6.88254,50.52634],[6.88238,50.5265],[6.88232,50.52658],[6.8823,50.52669],[6.88229,50.5268],[6.88231,50.52687],[6.88222,50.52696],[6.88223,50.527],[6.88256,50.52716],[6.88278,50.52725],[6.88338,50.52756],[6.88431,50.52804],[6.88553,50.52897],[6.88574,50.52913],[6.88583,50.5292],[6.8861,50.52925],[6.88716,50.52945],[6.88774,50.52942],[6.88836,50.5294],[6.88862,50.52939],[6.89032,50.52933],[6.89066,50.52932],[6.89113,50.52934],[6.89168,50.52937],[6.89326,50.52961],[6.89402,50.52972],[6.89477,50.52976],[6.89584,50.53002],[6.89667,50.53031],[6.89687,50.53039],[6.89743,50.5307],[6.90044,50.53077],[6.9011,50.53079],[6.9011,50.53081],[6.90108,50.53124],[6.90146,50.53126],[6.90152,50.53133],[6.90153,50.53139],[6.90154,50.53142],[6.90166,50.5314],[6.90175,50.53138],[6.90183,50.5314],[6.90193,50.53144],[6.90201,50.53146],[6.90204,50.53145],[6.90207,50.53144],[6.90205,50.53142],[6.90214,50.53139],[6.90224,50.53122],[6.90231,50.53091],[6.90219,50.53055],[6.90218,50.5304],[6.90218,50.53037],[6.9022,50.53015],[6.90201,50.52996],[6.90153,50.52976],[6.9014,50.52971],[6.90111,50.52958],[6.90074,50.52945],[6.90051,50.52935],[6.90028,50.52924],[6.90003,50.52911],[6.89983,50.52899],[6.89965,50.52882],[6.89953,50.52864],[6.89944,50.52837],[6.89943,50.52821],[6.89955,50.52788],[6.89965,50.5277],[6.89975,50.52755],[6.89979,50.52756],[6.89995,50.52741],[6.90011,50.52727],[6.90008,50.52726],[6.90009,50.52705],[6.90031,50.52704],[6.90162,50.52708],[6.90196,50.5271],[6.90275,50.52712],[6.90491,50.52723],[6.9048,50.527],[6.90463,50.52687],[6.90478,50.52656],[6.90541,50.52602],[6.90547,50.52596],[6.90571,50.52591],[6.90594,50.5258],[6.90621,50.5257],[6.90651,50.52563],[6.90681,50.52561],[6.9073,50.52558],[6.90749,50.52556],[6.90794,50.52552],[6.90853,50.52557],[6.90925,50.52565],[6.90968,50.52571],[6.90999,50.52606],[6.91016,50.52624],[6.91089,50.52671],[6.91101,50.52677],[6.91149,50.52698],[6.91281,50.52743],[6.91289,50.52745],[6.91295,50.52747],[6.91299,50.52747],[6.91322,50.52749],[6.91349,50.52754],[6.91366,50.52756],[6.91384,50.52759],[6.91405,50.52762],[6.91426,50.52763],[6.91446,50.52767],[6.91468,50.5277],[6.91501,50.52776],[6.91545,50.52783],[6.91571,50.52789],[6.91597,50.52795],[6.91617,50.52795],[6.91637,50.52797],[6.91655,50.528],[6.91664,50.528],[6.91647,50.52837],[6.91643,50.52843],[6.91615,50.52891],[6.9162,50.52909],[6.91626,50.52919],[6.91649,50.52928],[6.91798,50.52976],[6.91903,50.53014],[6.91959,50.53038],[6.91984,50.53046],[6.92097,50.53086],[6.92151,50.53104],[6.92205,50.53119],[6.9221,50.53122],[6.92213,50.53126],[6.92214,50.5313],[6.92214,50.53132],[6.92214,50.53135],[6.92221,50.53133],[6.92236,50.53129],[6.9225,50.53127],[6.92258,50.53126],[6.9227,50.53127],[6.92329,50.53136],[6.92369,50.53144],[6.92388,50.53148],[6.9237,50.53181],[6.92351,50.53205],[6.92304,50.53278],[6.92308,50.53279],[6.92466,50.53304],[6.92609,50.53328],[6.92675,50.53317],[6.9269,50.53313],[6.92699,50.53314],[6.92706,50.53315],[6.92716,50.53318],[6.92725,50.53326],[6.92729,50.53335],[6.92728,50.53347],[6.92727,50.53352],[6.92745,50.53351],[6.92843,50.53349],[6.92851,50.53347],[6.92859,50.53345],[6.92891,50.53319],[6.92901,50.53315],[6.92993,50.53308],[6.93002,50.53314],[6.93028,50.53334],[6.93031,50.53336],[6.93027,50.53338],[6.93045,50.53356],[6.93053,50.53364],[6.93066,50.5338],[6.93067,50.53382],[6.93082,50.53399],[6.93105,50.53426],[6.93112,50.53437],[6.93123,50.53452],[6.93139,50.53485],[6.93141,50.53506],[6.93129,50.53552],[6.93105,50.53615],[6.93094,50.53673],[6.93094,50.53688],[6.93094,50.53708],[6.93092,50.53719],[6.93088,50.53736],[6.93095,50.53751],[6.93086,50.53755],[6.93085,50.53758],[6.93083,50.53763],[6.93073,50.53771],[6.93018,50.53836],[6.93005,50.53851],[6.92988,50.53885],[6.92954,50.53951],[6.9295,50.54004],[6.92948,50.54014],[6.92934,50.541],[6.92931,50.54112],[6.92921,50.54148],[6.9291,50.54181],[6.92894,50.54233],[6.92881,50.54275],[6.92849,50.54279],[6.92774,50.54283],[6.92756,50.54284],[6.92735,50.54301],[6.92591,50.54406],[6.92584,50.54424],[6.92543,50.54526],[6.92535,50.54536],[6.92523,50.54552],[6.92517,50.54564],[6.92516,50.54567],[6.92515,50.54573],[6.9252,50.54582],[6.92525,50.54589],[6.92526,50.54597],[6.92524,50.54607],[6.92519,50.54628],[6.92515,50.54634],[6.92488,50.54662],[6.92475,50.54691],[6.92475,50.54693],[6.92471,50.54723],[6.92459,50.54798],[6.92453,50.54838],[6.92451,50.54855],[6.92439,50.5493],[6.92435,50.54952],[6.92431,50.54971],[6.92426,50.54986],[6.9242,50.54999],[6.92415,50.55005],[6.92397,50.5505],[6.92341,50.55167],[6.92292,50.55263],[6.92231,50.55388],[6.92215,50.5542],[6.92259,50.55458],[6.92303,50.55497],[6.92371,50.5553],[6.92414,50.5555],[6.92464,50.55626],[6.92485,50.55644],[6.92533,50.55682],[6.92555,50.55704],[6.92627,50.55747],[6.9272,50.55808],[6.92777,50.55844],[6.92795,50.55856],[6.92798,50.5586],[6.92814,50.55876],[6.92861,50.5594],[6.92973,50.55997],[6.93043,50.56034],[6.93058,50.56041],[6.93081,50.56044],[6.93415,50.56075],[6.93424,50.56075],[6.93596,50.56064],[6.93669,50.56051],[6.93673,50.56055],[6.93679,50.56055],[6.93725,50.56061],[6.93864,50.56082],[6.93903,50.56088],[6.93924,50.561],[6.93928,50.5612],[6.93935,50.56135],[6.93942,50.56146],[6.93938,50.5615],[6.93934,50.56153],[6.93932,50.56161],[6.93937,50.56163],[6.93937,50.56178],[6.93934,50.56187],[6.9393,50.56191],[6.93923,50.56193],[6.93921,50.56199],[6.93925,50.56205],[6.93925,50.56208],[6.93919,50.56211],[6.93917,50.56217],[6.9392,50.56222],[6.93924,50.56229],[6.93927,50.56236],[6.93935,50.56244],[6.93999,50.5625],[6.94004,50.56251],[6.94013,50.56251],[6.94125,50.56257],[6.94249,50.56294],[6.9434,50.56326],[6.94454,50.56366],[6.94507,50.56344],[6.94526,50.56336],[6.94555,50.5633],[6.94591,50.5633],[6.946,50.5633],[6.94662,50.56344],[6.94719,50.56366],[6.94743,50.56329],[6.94751,50.56328],[6.94796,50.56265],[6.9481,50.56263],[6.94829,50.56261],[6.94945,50.56265],[6.94999,50.56282],[6.95019,50.56289],[6.95027,50.56292],[6.95036,50.56294],[6.95042,50.56299],[6.95046,50.56303],[6.95055,50.56305],[6.95062,50.5631],[6.95072,50.56311],[6.95085,50.56318],[6.95101,50.56326],[6.9511,50.56332],[6.95118,50.56336],[6.95124,50.56333],[6.95144,50.56325],[6.95197,50.56305],[6.9521,50.56304],[6.95232,50.56294],[6.95258,50.56277],[6.95275,50.56257],[6.95285,50.56241],[6.95296,50.56234],[6.95316,50.56214],[6.95339,50.56187],[6.9535,50.56168],[6.95358,50.56151],[6.95364,50.56133],[6.95364,50.56129],[6.95365,50.56123],[6.95381,50.56124],[6.95418,50.56126],[6.95448,50.56128],[6.95476,50.56141],[6.95502,50.56143],[6.95527,50.5614],[6.95531,50.56137],[6.95541,50.56127],[6.95582,50.56092],[6.95606,50.5606],[6.9561,50.56034],[6.956,50.55942],[6.95593,50.559],[6.95598,50.55841],[6.95604,50.55823],[6.95609,50.55811],[6.95623,50.55764],[6.95641,50.55703],[6.95646,50.55689],[6.95651,50.55675],[6.95665,50.55675],[6.95685,50.55675],[6.95703,50.5568],[6.95713,50.55683],[6.95729,50.55686],[6.95747,50.55687],[6.95762,50.55686],[6.95775,50.55687],[6.95789,50.55691],[6.95803,50.55691],[6.95819,50.5569],[6.95828,50.5569],[6.95844,50.55689],[6.95855,50.55686],[6.95875,50.55686],[6.9589,50.55684],[6.95898,50.55683],[6.95927,50.55676],[6.95956,50.55664],[6.96005,50.55642],[6.96049,50.55627],[6.96072,50.55627],[6.96084,50.55627],[6.96093,50.55627],[6.96102,50.55627],[6.96204,50.55631],[6.96286,50.55635],[6.96434,50.55645],[6.96609,50.55666],[6.96708,50.55712],[6.96771,50.55741],[6.96777,50.55739],[6.96951,50.55684],[6.96976,50.55676],[6.97247,50.5559],[6.97273,50.55606],[6.97393,50.55673],[6.97511,50.55723],[6.97566,50.55747],[6.97586,50.55755],[6.97643,50.55959],[6.97658,50.56012],[6.97689,50.56124],[6.97696,50.56148],[6.97684,50.56197],[6.97665,50.56272],[6.97664,50.56278],[6.97725,50.56327],[6.97802,50.56366],[6.97874,50.56388],[6.98001,50.56427],[6.98117,50.56443],[6.98118,50.56443],[6.98208,50.56498],[6.98307,50.56559],[6.9834,50.56577],[6.98358,50.5657],[6.98401,50.56554],[6.98477,50.56526],[6.98565,50.56493],[6.98736,50.56474],[6.98795,50.56468],[6.99125,50.56439],[6.9923,50.5643],[6.99243,50.5643],[6.99246,50.56434],[6.99245,50.56436],[6.99264,50.56439],[6.99314,50.56445],[6.99356,50.5645],[6.99412,50.56457],[6.99535,50.56472],[6.99623,50.56482],[6.99704,50.56492],[6.99766,50.565],[6.99797,50.56504],[6.998,50.56505],[6.99803,50.56501],[6.99814,50.56507],[6.99836,50.56519],[6.99894,50.56553],[6.99955,50.56589],[7.00001,50.56616],[7.00062,50.56653],[7.00096,50.56672],[7.00121,50.5669],[7.00155,50.56714],[7.00192,50.56738],[7.00216,50.56759],[7.00269,50.56796],[7.00354,50.56859],[7.00417,50.56903],[7.0045,50.56927],[7.00538,50.5698],[7.0067,50.57062],[7.00688,50.57073],[7.00709,50.57085],[7.00763,50.57119],[7.00828,50.57159],[7.00875,50.57188],[7.00906,50.57207],[7.00945,50.57233],[7.00977,50.57254],[7.01005,50.57274],[7.01032,50.57292],[7.01075,50.57322],[7.01095,50.57335],[7.01111,50.57346],[7.01114,50.57348],[7.01118,50.57351],[7.01139,50.57366],[7.01171,50.57389],[7.01193,50.57404],[7.0123,50.5743],[7.01242,50.57439],[7.01283,50.57468],[7.01293,50.57475],[7.01303,50.57481],[7.01318,50.57492],[7.01345,50.57511],[7.01353,50.57516],[7.01362,50.57522],[7.01369,50.57528],[7.01393,50.57545],[7.01412,50.57558],[7.01425,50.57567],[7.01427,50.57568],[7.01446,50.57581],[7.01459,50.57587],[7.01461,50.57588],[7.01463,50.57589],[7.01474,50.57596],[7.01514,50.57624],[7.01525,50.57633],[7.01542,50.57645],[7.01545,50.57648],[7.01553,50.57653],[7.01568,50.57665],[7.01594,50.57686],[7.01595,50.57688],[7.01616,50.57707],[7.01657,50.57745],[7.01658,50.57746],[7.0166,50.57748],[7.01702,50.57785],[7.01722,50.57804],[7.01729,50.5781],[7.01759,50.57836],[7.01774,50.57849],[7.01795,50.57865],[7.01825,50.57888],[7.01839,50.579],[7.01865,50.57923],[7.01872,50.57928],[7.01875,50.57931],[7.01911,50.57958],[7.01944,50.57984],[7.01976,50.58017],[7.02011,50.58049],[7.02047,50.58081],[7.02051,50.58085],[7.02055,50.58088],[7.02082,50.58112],[7.02106,50.58133],[7.0212,50.58145],[7.02144,50.58169],[7.02241,50.58257],[7.02245,50.58261],[7.02259,50.58275],[7.02289,50.58301],[7.02305,50.58316],[7.02348,50.58356],[7.02372,50.58378],[7.02375,50.58381],[7.02386,50.5839],[7.02412,50.58414],[7.02418,50.58419],[7.02424,50.58424],[7.02449,50.58449],[7.02469,50.58465],[7.02517,50.58504],[7.0255,50.58535],[7.02557,50.58541],[7.02561,50.58544],[7.02588,50.58562],[7.02609,50.58576],[7.02619,50.58582],[7.0263,50.5859],[7.02653,50.58605],[7.02653,50.58607],[7.02659,50.58612],[7.02692,50.58634],[7.02746,50.58669],[7.02799,50.58706],[7.02846,50.58736],[7.02922,50.58787],[7.02958,50.5881],[7.02975,50.58822],[7.02984,50.58828],[7.03041,50.58867],[7.03048,50.58871],[7.0305,50.58873],[7.0307,50.58886],[7.03099,50.58906],[7.03144,50.58935],[7.03155,50.58943],[7.03163,50.58948],[7.03166,50.5895],[7.03158,50.58954],[7.03096,50.58989],[7.03032,50.59025],[7.02979,50.59056],[7.03004,50.59073],[7.0307,50.59116],[7.03121,50.5915],[7.03137,50.59161],[7.03222,50.59217],[7.0323,50.59223],[7.03237,50.59228],[7.03249,50.59236],[7.03276,50.59254],[7.03324,50.59286],[7.03347,50.59301],[7.03367,50.59313],[7.03436,50.59358],[7.03538,50.59424],[7.03543,50.59411],[7.0355,50.59416],[7.03558,50.59421],[7.03543,50.59453],[7.03626,50.59504],[7.03851,50.59649],[7.03857,50.59653],[7.03869,50.59661],[7.04149,50.59838],[7.04225,50.59889],[7.04263,50.59914],[7.04406,50.60009],[7.04451,50.60038],[7.04531,50.60088],[7.04533,50.6009],[7.04646,50.60163],[7.04681,50.60183],[7.04862,50.60291],[7.04934,50.60337],[7.04934,50.60339],[7.04934,50.60342],[7.04922,50.60398],[7.04921,50.60401],[7.04913,50.60438],[7.04912,50.60443],[7.04915,50.60443],[7.04946,50.60447],[7.04988,50.60453],[7.05033,50.60457],[7.05067,50.60461],[7.05065,50.60443],[7.05065,50.6044],[7.05071,50.6044],[7.05121,50.60437],[7.05131,50.60437],[7.05137,50.60412],[7.05138,50.60409],[7.05147,50.60383],[7.05184,50.60388],[7.05278,50.60401],[7.05288,50.60404],[7.05299,50.60406],[7.05394,50.60444],[7.05438,50.60462],[7.05444,50.60464],[7.05482,50.60479],[7.05502,50.6049],[7.0557,50.60553],[7.05597,50.60602],[7.05599,50.60606],[7.05607,50.60623],[7.05609,50.6063],[7.05613,50.60626],[7.05617,50.60624],[7.05629,50.60616],[7.05665,50.60587],[7.05754,50.60513],[7.05882,50.60408],[7.05933,50.60367],[7.05938,50.60065],[7.0594,50.60065],[7.05997,50.60073],[7.06079,50.60082],[7.06134,50.60089],[7.06135,50.60086],[7.06138,50.60086],[7.0614,50.6005],[7.06239,50.60053],[7.06281,50.60054],[7.06379,50.60056],[7.06394,50.60057],[7.06493,50.6006],[7.06558,50.60062],[7.06629,50.60065],[7.06629,50.60062],[7.06634,50.60062],[7.06639,50.59909],[7.06642,50.59847],[7.06643,50.59787],[7.06645,50.59757],[7.06646,50.59755],[7.06656,50.59733],[7.06666,50.59712],[7.06667,50.59708],[7.0668,50.59683],[7.0669,50.59662],[7.06694,50.59653],[7.06697,50.59646],[7.06703,50.59634],[7.0671,50.5962],[7.06712,50.59616],[7.0673,50.59581],[7.06732,50.59577],[7.06734,50.59572],[7.0675,50.59539],[7.06752,50.59535],[7.06768,50.59501],[7.06799,50.59438],[7.06828,50.59385],[7.0684,50.59387],[7.06862,50.59391],[7.06878,50.59392],[7.06926,50.59393],[7.06958,50.59394],[7.06958,50.59392],[7.07103,50.59397],[7.0715,50.59331],[7.07174,50.59305],[7.07209,50.5926],[7.07243,50.59219],[7.07267,50.59212],[7.07309,50.59198],[7.07313,50.59197],[7.07423,50.59161],[7.07509,50.59134],[7.07582,50.59111],[7.07616,50.59101],[7.07678,50.59081],[7.07755,50.59057],[7.07876,50.59018],[7.07957,50.58992],[7.07999,50.58978],[7.08219,50.58908],[7.0829,50.5889],[7.08323,50.58882],[7.08364,50.58871],[7.08459,50.58848],[7.0847,50.58845],[7.08565,50.58821],[7.08581,50.58817],[7.08603,50.58811],[7.08587,50.58789],[7.0857,50.58768],[7.08558,50.58752],[7.08482,50.58657],[7.0852,50.58645],[7.08537,50.5864],[7.08541,50.58639],[7.08581,50.58627],[7.08591,50.58624],[7.08599,50.58623],[7.0863,50.5862],[7.08723,50.58613],[7.08819,50.58606],[7.0885,50.58604],[7.08922,50.58599],[7.08925,50.58599],[7.08943,50.58598],[7.09006,50.58593],[7.09022,50.58592],[7.09044,50.5859],[7.09087,50.58593],[7.0911,50.58595],[7.09117,50.58595],[7.09154,50.58598],[7.09202,50.58601],[7.09271,50.58604],[7.09318,50.58606],[7.09343,50.58605],[7.09345,50.58605],[7.09379,50.58604],[7.09383,50.58608],[7.09393,50.58611],[7.09394,50.58611],[7.09386,50.58653],[7.09376,50.58696],[7.09374,50.58713],[7.09385,50.58714],[7.09395,50.58715],[7.09397,50.58717],[7.09396,50.5872],[7.09416,50.58723],[7.09446,50.58728],[7.09484,50.58735],[7.09493,50.58736],[7.09536,50.58744],[7.09569,50.58752],[7.0957,50.5875],[7.09576,50.5875],[7.09615,50.58762],[7.09671,50.58778],[7.09736,50.58796],[7.09753,50.58802],[7.09763,50.58805],[7.09796,50.58821],[7.09836,50.5884],[7.09867,50.58855],[7.09872,50.58858],[7.09896,50.58876],[7.09935,50.58909],[7.09961,50.58929],[7.09964,50.58931],[7.1,50.58917],[7.10022,50.58908],[7.10022,50.58907],[7.10037,50.58918],[7.10069,50.58933],[7.10089,50.58942],[7.1011,50.58954],[7.10131,50.58966],[7.10143,50.58975],[7.10155,50.58984],[7.1017,50.58994],[7.10173,50.58995],[7.10219,50.58978],[7.10225,50.58983],[7.10243,50.58995],[7.10252,50.59001],[7.10253,50.59001],[7.10259,50.59007],[7.10295,50.59036],[7.10298,50.59039],[7.10296,50.59044],[7.10288,50.59047],[7.10276,50.59051],[7.10287,50.59063],[7.10296,50.59073],[7.10307,50.59082],[7.10317,50.59087],[7.10331,50.59087],[7.10342,50.59086],[7.10343,50.59086],[7.10354,50.59096],[7.10358,50.59102],[7.10366,50.59107],[7.10383,50.59129],[7.10392,50.5913],[7.10405,50.59133],[7.10408,50.59141],[7.10408,50.59152],[7.10403,50.59161],[7.10401,50.59166],[7.10404,50.59174],[7.1043,50.59197],[7.10457,50.59227],[7.10469,50.59244],[7.10482,50.59256],[7.10496,50.59267],[7.1051,50.59276],[7.10515,50.59279],[7.10477,50.59295],[7.10475,50.59296],[7.10481,50.59307],[7.10488,50.59323],[7.10495,50.59333],[7.10498,50.59341],[7.105,50.59357],[7.10502,50.59369],[7.10509,50.5939],[7.10514,50.59405],[7.10524,50.59422],[7.10529,50.59432],[7.10532,50.59437],[7.10533,50.59443],[7.10535,50.59448],[7.10535,50.59453],[7.10536,50.59456],[7.10536,50.59457],[7.10535,50.59457],[7.10531,50.59458],[7.10526,50.5946],[7.10521,50.59463],[7.10515,50.59467],[7.10509,50.5947],[7.10505,50.59473],[7.10499,50.59476],[7.10495,50.59477],[7.10494,50.59478],[7.1049,50.59481],[7.1049,50.59485],[7.10491,50.59488],[7.10493,50.59491],[7.10496,50.59495],[7.10499,50.59498],[7.10502,50.59501],[7.10508,50.59507],[7.10511,50.59512],[7.10515,50.59516],[7.10516,50.5952],[7.10519,50.59529],[7.10521,50.5955],[7.10521,50.5956],[7.10521,50.59584],[7.10517,50.59637],[7.10519,50.59691],[7.10516,50.59702],[7.10521,50.59703],[7.1052,50.59704],[7.10519,50.59705],[7.10521,50.59706],[7.10526,50.59711],[7.10541,50.59724],[7.10565,50.59744],[7.1058,50.59758],[7.10583,50.59756],[7.10585,50.59759],[7.10602,50.59753],[7.10622,50.59747],[7.10646,50.5974],[7.1065,50.59744],[7.1066,50.59758],[7.10662,50.5976],[7.10678,50.59777],[7.10702,50.59798],[7.10716,50.59809],[7.10789,50.59869],[7.10874,50.59938],[7.10885,50.59946],[7.10902,50.59961],[7.10906,50.59964],[7.10962,50.60011],[7.11015,50.60059],[7.11055,50.60095],[7.1111,50.60145],[7.11173,50.60203],[7.11171,50.60203],[7.11164,50.60205],[7.11155,50.60208],[7.11139,50.60216],[7.11099,50.60229],[7.11085,50.60232],[7.11073,50.60234],[7.11059,50.60239],[7.11034,50.60248],[7.11036,50.6025],[7.11055,50.60282],[7.11091,50.60348],[7.11109,50.60378],[7.11111,50.60383],[7.11124,50.60399],[7.11127,50.60403],[7.1116,50.60446],[7.11162,50.60449],[7.11173,50.60463],[7.11179,50.6047],[7.11193,50.60482],[7.1121,50.605],[7.11228,50.60527],[7.11258,50.60572],[7.11269,50.60603],[7.11282,50.60613],[7.11268,50.60641],[7.11266,50.60647],[7.11266,50.60661],[7.11266,50.60662],[7.11268,50.60689],[7.11269,50.60698],[7.1128,50.60754],[7.11284,50.60771],[7.11276,50.60812],[7.11268,50.60847],[7.11248,50.60865],[7.11224,50.60887],[7.11214,50.60897],[7.11179,50.6093],[7.11203,50.6095],[7.11273,50.61001],[7.11326,50.61042],[7.11372,50.61078],[7.11413,50.61111],[7.11445,50.61136],[7.11482,50.61167],[7.11508,50.61189],[7.11528,50.61204],[7.11534,50.61201],[7.11546,50.61194],[7.11553,50.61192],[7.11562,50.61191],[7.11579,50.61188],[7.11606,50.61183],[7.1167,50.61172],[7.11706,50.61166],[7.11731,50.61174],[7.11754,50.61181],[7.11789,50.6119],[7.11809,50.61194],[7.11825,50.61197],[7.11856,50.61202],[7.11875,50.61205],[7.11885,50.61207],[7.11901,50.61218],[7.11909,50.61225],[7.11915,50.61231],[7.11928,50.61223],[7.11961,50.61204],[7.11977,50.61194],[7.11996,50.61178],[7.12042,50.61136],[7.12104,50.61079],[7.12128,50.61056],[7.12158,50.61038],[7.12201,50.61011],[7.12225,50.60997],[7.12284,50.60961],[7.12335,50.60929],[7.12356,50.60916],[7.12363,50.60911],[7.12378,50.60896],[7.12387,50.60888],[7.12407,50.60878],[7.12465,50.60844],[7.12493,50.60827],[7.12505,50.60819],[7.12513,50.60804],[7.12521,50.60782],[7.12529,50.60767],[7.12532,50.6076],[7.12552,50.60709],[7.12564,50.60678],[7.1257,50.60663],[7.12578,50.60645],[7.12579,50.60644],[7.12584,50.60636],[7.12613,50.60621],[7.1267,50.60593],[7.12737,50.60561],[7.12764,50.60547],[7.12762,50.60544],[7.12764,50.60542],[7.12787,50.6053],[7.12796,50.60525],[7.12849,50.60495],[7.12888,50.60475],[7.12894,50.60471],[7.12901,50.60468],[7.13006,50.60435],[7.13016,50.60429],[7.13071,50.60393],[7.13113,50.60366],[7.13169,50.60356],[7.1331,50.60334],[7.13359,50.60326],[7.13454,50.60312],[7.13559,50.60294],[7.13566,50.60286],[7.13539,50.60214],[7.13545,50.60213],[7.13545,50.60216],[7.13598,50.60211],[7.13665,50.60205],[7.13757,50.60197],[7.13825,50.60192],[7.13956,50.60182],[7.14008,50.60177],[7.14071,50.60172],[7.14151,50.60166],[7.14166,50.60164],[7.14165,50.60162],[7.14162,50.60135],[7.1416,50.60124],[7.14158,50.60113],[7.14162,50.60113],[7.14166,50.60113],[7.14163,50.60095],[7.14159,50.60075],[7.14159,50.60063],[7.14182,50.60063],[7.1425,50.6006],[7.14284,50.60059],[7.14337,50.60057],[7.1441,50.60054],[7.14473,50.60051],[7.14497,50.6005],[7.14511,50.60048],[7.14554,50.60046],[7.14603,50.60044],[7.14606,50.60044],[7.14705,50.60037],[7.14766,50.60034],[7.14781,50.60033],[7.14782,50.60046],[7.14787,50.60103],[7.14789,50.60144],[7.14789,50.60152],[7.14795,50.60175],[7.14799,50.60175],[7.14792,50.60198],[7.14793,50.60223],[7.14793,50.60252],[7.14793,50.60323],[7.14796,50.60365],[7.14798,50.60408],[7.14799,50.60426],[7.14802,50.60466],[7.14802,50.60492],[7.14804,50.60522],[7.14808,50.60534],[7.14814,50.60553],[7.14819,50.60569],[7.14819,50.60598],[7.14814,50.6061],[7.14815,50.60615],[7.14818,50.60625],[7.14825,50.60638],[7.14849,50.60687],[7.14822,50.6069],[7.14829,50.60708],[7.1484,50.60745],[7.14841,50.60757],[7.1485,50.60783],[7.14859,50.60809],[7.14863,50.60819],[7.14869,50.60838],[7.14883,50.60864],[7.14885,50.60868],[7.14901,50.60865],[7.14901,50.6091],[7.14901,50.60935],[7.14911,50.60938],[7.14918,50.60943],[7.14923,50.60949],[7.14929,50.60953],[7.14938,50.60956],[7.14944,50.60957],[7.1495,50.60965],[7.14955,50.60971],[7.14968,50.60976],[7.14974,50.60978],[7.14982,50.6098],[7.14992,50.60986],[7.15,50.6099],[7.15007,50.60993],[7.15019,50.60994],[7.15031,50.60995],[7.15044,50.60996],[7.15054,50.60996],[7.15061,50.60995],[7.15067,50.60994],[7.15074,50.60994],[7.15081,50.60997],[7.15088,50.61002],[7.15096,50.61004],[7.15107,50.61004],[7.15117,50.61001],[7.15125,50.60999],[7.15135,50.60998],[7.15141,50.61],[7.15147,50.61001],[7.15153,50.61],[7.15157,50.60999],[7.15165,50.61012],[7.1518,50.61034],[7.15187,50.61036],[7.15187,50.61038],[7.15182,50.61112],[7.15177,50.61152],[7.15232,50.61161],[7.15244,50.61163],[7.15226,50.61199],[7.15208,50.61234],[7.15227,50.61234],[7.15204,50.61296],[7.15202,50.61299],[7.15223,50.61305],[7.1523,50.61304],[7.15235,50.61306],[7.15375,50.61401],[7.15445,50.6145],[7.15479,50.61469],[7.1549,50.61466],[7.15504,50.61462],[7.15532,50.61457],[7.15574,50.61449],[7.15632,50.61439],[7.15659,50.61432],[7.15673,50.61428],[7.15698,50.61424],[7.15716,50.61421],[7.15747,50.61418],[7.1577,50.61415],[7.15781,50.61414],[7.15791,50.61414],[7.15794,50.61413],[7.15795,50.61413],[7.15856,50.61401],[7.15877,50.61396],[7.15882,50.61395],[7.15906,50.61388],[7.15973,50.61367],[7.16043,50.61345],[7.16214,50.61289],[7.16216,50.61295],[7.16236,50.61289],[7.16446,50.61243],[7.16531,50.61225],[7.1653,50.61236],[7.16623,50.61242],[7.16793,50.61253],[7.16814,50.61255],[7.16887,50.61233],[7.16922,50.61222],[7.16941,50.61217],[7.16952,50.61218],[7.16997,50.61223],[7.17016,50.61225],[7.17113,50.61236],[7.17158,50.6123],[7.17233,50.61239],[7.17251,50.61239],[7.17288,50.61236],[7.17292,50.61236],[7.17294,50.61236],[7.17335,50.61305],[7.17353,50.61302],[7.17376,50.61333],[7.17392,50.61357],[7.17395,50.61367],[7.17379,50.6138],[7.17376,50.61431],[7.17378,50.61452],[7.17382,50.61484],[7.17387,50.61599],[7.17388,50.61676],[7.17389,50.61715],[7.17389,50.61725],[7.17391,50.61881],[7.17391,50.61887],[7.17473,50.61934],[7.17518,50.61961],[7.17534,50.6197],[7.17543,50.61975],[7.17552,50.61979],[7.17686,50.6205],[7.18074,50.62253],[7.18097,50.62258],[7.18128,50.62265],[7.18229,50.6229],[7.18381,50.62298],[7.18406,50.62299],[7.18438,50.62298],[7.18481,50.62291],[7.18579,50.62268],[7.18583,50.62267],[7.18642,50.62251],[7.187,50.62237],[7.18725,50.62249],[7.18769,50.62271],[7.18816,50.62295],[7.18853,50.62323],[7.18903,50.62351],[7.18937,50.62375],[7.18939,50.62383],[7.18948,50.62385],[7.18948,50.62391],[7.18961,50.62403],[7.18969,50.62413],[7.1897,50.62422],[7.1895,50.62453],[7.18941,50.62466],[7.18935,50.62486],[7.18925,50.62514],[7.18927,50.62526],[7.18942,50.62557],[7.18961,50.62579],[7.19,50.62602],[7.1901,50.62609],[7.19027,50.62628],[7.19029,50.6263],[7.19041,50.6264],[7.19061,50.62651],[7.19084,50.6266],[7.1909,50.62662],[7.19062,50.62684],[7.19025,50.62716],[7.19015,50.62725],[7.18984,50.62754],[7.18976,50.6278],[7.18918,50.62997],[7.18939,50.63045],[7.18964,50.63115],[7.18969,50.6314],[7.18982,50.63198],[7.18988,50.63221],[7.18998,50.63267],[7.19003,50.63299],[7.1901,50.63343],[7.19029,50.63452],[7.1903,50.63455],[7.19033,50.63476],[7.19076,50.63531],[7.19087,50.63552],[7.19087,50.63557],[7.19084,50.6359],[7.19091,50.63605],[7.19094,50.63611],[7.19104,50.6362],[7.19117,50.63632],[7.19198,50.63705],[7.193,50.6375],[7.19369,50.63776],[7.19375,50.63778],[7.19389,50.63793],[7.19408,50.63889],[7.19422,50.63951],[7.19422,50.63952],[7.19444,50.64059],[7.19453,50.64099],[7.19473,50.64195],[7.1948,50.64227],[7.19487,50.64261],[7.19513,50.64295],[7.19634,50.64456],[7.1966,50.6449],[7.19716,50.64564],[7.19726,50.64586],[7.19731,50.64596],[7.19735,50.64604],[7.19742,50.64609],[7.19809,50.64651],[7.19832,50.64665],[7.19892,50.64703],[7.19939,50.64732],[7.19985,50.64761],[7.199,50.64829],[7.19925,50.64835],[7.19921,50.64841],[7.19928,50.64843],[7.20041,50.64875],[7.20047,50.64877],[7.20055,50.64879],[7.20077,50.64887],[7.20053,50.64923],[7.20064,50.64926],[7.20128,50.64943],[7.20137,50.64946],[7.20292,50.64989],[7.20325,50.64915],[7.20471,50.64944],[7.20516,50.64954],[7.20539,50.64905],[7.20643,50.64918],[7.20713,50.64928],[7.20714,50.64928],[7.20776,50.64936],[7.20854,50.64946],[7.20918,50.64954],[7.20934,50.64956],[7.21068,50.64972],[7.21109,50.64874],[7.21129,50.64808],[7.21143,50.64765],[7.21156,50.64725],[7.21162,50.64694],[7.21175,50.64627],[7.21193,50.64521],[7.21195,50.645],[7.212,50.6443],[7.21203,50.64271],[7.21202,50.64118],[7.21197,50.64035],[7.21192,50.63953],[7.21189,50.6389],[7.21176,50.6373],[7.21173,50.63669],[7.21172,50.63629],[7.21169,50.63559],[7.21167,50.63538],[7.21166,50.63507],[7.21162,50.63451],[7.21164,50.63417],[7.21165,50.6336],[7.21166,50.63352],[7.21167,50.63293],[7.21171,50.63235],[7.21171,50.63229],[7.21171,50.63228],[7.21173,50.63198],[7.21174,50.63186],[7.21175,50.63158],[7.21175,50.63156],[7.21178,50.63125],[7.21181,50.63091],[7.21187,50.63039],[7.21194,50.62987],[7.21201,50.62931],[7.2121,50.62874],[7.21219,50.62818],[7.21219,50.62815],[7.2122,50.62809],[7.21232,50.62745],[7.21244,50.62672],[7.21254,50.62606],[7.21258,50.62573],[7.21267,50.62521],[7.21276,50.62446],[7.21282,50.62385],[7.21285,50.62356],[7.21286,50.62346],[7.21464,50.62343],[7.21479,50.62342],[7.21501,50.62344],[7.21504,50.62344],[7.21505,50.62344],[7.21512,50.62348],[7.21517,50.62351],[7.21522,50.62354],[7.21529,50.62357],[7.21535,50.62361],[7.21539,50.62366],[7.21545,50.62372],[7.21552,50.62382],[7.2156,50.62392],[7.21569,50.62403],[7.21577,50.62406],[7.21584,50.62409],[7.21594,50.62413],[7.21602,50.62418],[7.2161,50.62424],[7.21616,50.62432],[7.21623,50.6244],[7.21633,50.62449],[7.21643,50.62459],[7.21652,50.62466],[7.21655,50.62471],[7.21658,50.62482],[7.21658,50.62493],[7.21656,50.62514],[7.21648,50.62575],[7.21639,50.62641],[7.21635,50.62674],[7.21638,50.62674],[7.2176,50.62679],[7.21783,50.6268],[7.21786,50.62687],[7.21789,50.62694],[7.21882,50.62695],[7.21892,50.62696],[7.21925,50.62697],[7.21953,50.62697],[7.21961,50.62697],[7.21961,50.62688],[7.21988,50.62686],[7.21992,50.62686],[7.22,50.62686],[7.22028,50.62685],[7.22058,50.62689],[7.2209,50.62692],[7.22114,50.62695],[7.22138,50.62699],[7.22147,50.62701],[7.22154,50.62703],[7.22158,50.62705],[7.22163,50.62705],[7.22169,50.62705],[7.22179,50.62703],[7.22192,50.62699],[7.22201,50.62694],[7.22204,50.62691],[7.22208,50.62687],[7.22209,50.62683],[7.22213,50.62679],[7.22218,50.62677],[7.22224,50.62677],[7.22226,50.62677],[7.22234,50.62677],[7.22246,50.62677],[7.22259,50.62677],[7.22274,50.62678],[7.22289,50.62677],[7.22307,50.62677],[7.22322,50.62676],[7.22336,50.62675],[7.22354,50.62673],[7.2236,50.62673],[7.22369,50.62674],[7.22384,50.62674],[7.22395,50.62676],[7.224,50.62676],[7.22419,50.62678],[7.22438,50.6268],[7.22454,50.62681],[7.22465,50.62683],[7.22476,50.62687],[7.22485,50.62689],[7.22501,50.62697],[7.22508,50.62702],[7.22516,50.62705],[7.22533,50.62708],[7.22547,50.62703],[7.22556,50.62698],[7.22567,50.62695],[7.22576,50.62696],[7.22583,50.62695],[7.22593,50.62695],[7.22607,50.62694],[7.22621,50.62693],[7.22634,50.62693],[7.22651,50.62692],[7.22666,50.62691],[7.22687,50.62691],[7.22702,50.62691],[7.22726,50.62691],[7.22755,50.62688],[7.2276,50.62688],[7.22778,50.62688],[7.22787,50.6269],[7.22798,50.62692],[7.22808,50.62694],[7.22819,50.62697],[7.22828,50.627],[7.22835,50.62703],[7.2284,50.62705],[7.22854,50.6271],[7.22865,50.62714],[7.22878,50.62721],[7.22893,50.62725],[7.22902,50.62726],[7.22912,50.62728],[7.22921,50.62729],[7.22926,50.6273],[7.22928,50.6273],[7.22935,50.6273],[7.22945,50.6273],[7.22953,50.62731],[7.22953,50.62732],[7.22963,50.62732],[7.22973,50.62733],[7.23014,50.62734],[7.23038,50.62734],[7.23076,50.62739],[7.23102,50.62743],[7.23138,50.62749],[7.2315,50.6275],[7.23168,50.62753],[7.23176,50.62754],[7.23199,50.62758],[7.23228,50.62762],[7.2324,50.62763],[7.23248,50.62763],[7.2326,50.62765],[7.23269,50.62765],[7.23277,50.62765],[7.23285,50.62766],[7.23292,50.62768],[7.23306,50.62772],[7.23318,50.62775],[7.23329,50.62778],[7.23336,50.62778],[7.23344,50.62778],[7.23354,50.62776],[7.23365,50.62775],[7.23375,50.62774],[7.23386,50.62772],[7.23399,50.62769],[7.23412,50.62766],[7.23424,50.62766],[7.23432,50.62767],[7.23443,50.62768],[7.23451,50.62769],[7.23475,50.62769],[7.23486,50.62772],[7.23495,50.62774],[7.23503,50.62776],[7.23511,50.62778],[7.23523,50.6278],[7.23531,50.62781],[7.23539,50.62782],[7.23546,50.62785],[7.23556,50.62789],[7.23569,50.62793],[7.23579,50.62795],[7.23588,50.62797],[7.23596,50.62798],[7.23606,50.62801],[7.23614,50.62803],[7.23632,50.62803],[7.23642,50.62804],[7.23651,50.62805],[7.23661,50.62808],[7.23673,50.6281],[7.23687,50.62813],[7.23694,50.62814],[7.237,50.62814],[7.23705,50.62815],[7.23713,50.62816],[7.23728,50.62817],[7.23736,50.62817],[7.23752,50.62818],[7.23762,50.62821],[7.23772,50.62822],[7.2378,50.62822],[7.23789,50.62823],[7.23804,50.62823],[7.23824,50.62824],[7.23836,50.62826],[7.23861,50.62829],[7.2387,50.62829],[7.2388,50.62829],[7.2389,50.62828],[7.23898,50.62826],[7.23903,50.62824],[7.23909,50.62822],[7.23917,50.62819],[7.23928,50.6282],[7.23938,50.62821],[7.23951,50.62823],[7.23961,50.62825],[7.23979,50.62829],[7.23995,50.62832],[7.24014,50.62834],[7.24018,50.62797],[7.24025,50.62778],[7.24039,50.62742],[7.24052,50.62715],[7.2405,50.62699],[7.24056,50.627],[7.24306,50.6271],[7.2437,50.62711],[7.24389,50.62714],[7.24411,50.62714],[7.24446,50.62715],[7.24473,50.62716],[7.24472,50.62724],[7.24476,50.62725],[7.24551,50.62751],[7.24555,50.62753],[7.24562,50.62756],[7.24603,50.62733],[7.24725,50.62744],[7.24736,50.6273],[7.24768,50.62689],[7.2478,50.62673],[7.24782,50.62671],[7.249,50.62705],[7.24912,50.62693],[7.24953,50.62698],[7.25028,50.62699],[7.25049,50.62697],[7.25077,50.62683],[7.25154,50.62683],[7.25146,50.62704],[7.2515,50.62722],[7.25172,50.62753],[7.25175,50.62758],[7.25182,50.62768],[7.25218,50.6276],[7.25232,50.62749],[7.25258,50.62734],[7.25267,50.62726],[7.2529,50.62713],[7.25296,50.62702],[7.25308,50.62697],[7.2532,50.62693],[7.25323,50.62684],[7.25329,50.62673],[7.25335,50.62664],[7.25344,50.62655],[7.25349,50.62645],[7.25367,50.62624],[7.2538,50.6262],[7.25393,50.62609],[7.25404,50.62607],[7.25412,50.626],[7.25414,50.62598],[7.25421,50.62588],[7.25431,50.62576],[7.25432,50.62567],[7.25443,50.62561],[7.25454,50.6255],[7.25462,50.62541],[7.25483,50.62533],[7.25527,50.62505],[7.25536,50.62494],[7.25555,50.62495],[7.25567,50.62486],[7.25581,50.6248],[7.25593,50.62479],[7.25605,50.6247],[7.25623,50.62467],[7.2564,50.62459],[7.25666,50.62444],[7.25681,50.62444],[7.25714,50.62455],[7.25748,50.62482],[7.25772,50.62492],[7.25779,50.62501],[7.25806,50.62502],[7.25824,50.62505],[7.25844,50.62513],[7.25859,50.62509],[7.25882,50.62518],[7.25898,50.62522],[7.25915,50.62521],[7.25933,50.62523],[7.25945,50.62524],[7.25964,50.62521],[7.26005,50.62517],[7.26017,50.62517],[7.26045,50.62516],[7.26101,50.62519],[7.26115,50.6253],[7.26163,50.6255],[7.26196,50.62559],[7.26214,50.62564],[7.26241,50.62573],[7.26254,50.62589],[7.26272,50.62607],[7.26293,50.62617],[7.26296,50.62632],[7.26307,50.6264],[7.26319,50.62648],[7.2633,50.62656],[7.26337,50.62673],[7.26344,50.62681],[7.26343,50.62696],[7.26353,50.62705],[7.26359,50.62711],[7.26372,50.62718],[7.26389,50.62727],[7.264,50.62737],[7.26428,50.62747],[7.26447,50.62745],[7.26476,50.62745],[7.26502,50.62745],[7.2652,50.62738],[7.26538,50.62717],[7.26571,50.62688],[7.2658,50.62679],[7.26618,50.62661],[7.26625,50.62651],[7.26637,50.62649],[7.26654,50.62645],[7.26669,50.62646],[7.26693,50.62649],[7.26718,50.6265],[7.26732,50.62648],[7.26764,50.62646],[7.26772,50.62647],[7.26783,50.62648],[7.26801,50.62648],[7.26817,50.62647],[7.26834,50.62645],[7.2685,50.62649],[7.26867,50.62648],[7.26881,50.62648],[7.26904,50.6265],[7.2692,50.62649],[7.26939,50.62647],[7.2697,50.62649],[7.2701,50.62647],[7.27022,50.62649],[7.27059,50.6266],[7.27074,50.62666],[7.27086,50.62686],[7.2711,50.62696],[7.27114,50.62699],[7.27139,50.62713],[7.27168,50.62722],[7.27186,50.62727],[7.27192,50.62725],[7.27199,50.62728],[7.27217,50.62734],[7.27235,50.62737],[7.27261,50.62739],[7.2729,50.62742],[7.27317,50.62742],[7.27351,50.62738],[7.27396,50.6273],[7.27427,50.62731],[7.27439,50.6273],[7.27452,50.62737],[7.27494,50.62746],[7.27504,50.62753],[7.27508,50.62754],[7.2753,50.62759],[7.27549,50.62767],[7.27597,50.62767],[7.27621,50.62767],[7.27633,50.62768],[7.27647,50.6277],[7.27657,50.62774],[7.27664,50.62778],[7.27672,50.62782],[7.27687,50.62788],[7.27691,50.62793],[7.27697,50.628],[7.27709,50.62805],[7.27725,50.62804],[7.27738,50.62804],[7.27757,50.62806],[7.27773,50.62806],[7.27788,50.62804],[7.27796,50.62802],[7.27809,50.62798],[7.27823,50.62797],[7.27843,50.62796],[7.27859,50.62797],[7.27874,50.62798],[7.27893,50.62798],[7.2791,50.62797],[7.27935,50.62799],[7.27965,50.62805],[7.27999,50.62812],[7.28015,50.62815],[7.28035,50.62815],[7.2806,50.62812],[7.28109,50.62819],[7.28126,50.62828],[7.28165,50.62828],[7.28183,50.62834],[7.282,50.62833],[7.28224,50.62843],[7.28261,50.62854],[7.28262,50.62862],[7.28289,50.62868],[7.283,50.62877],[7.28326,50.62874],[7.28345,50.62882],[7.28377,50.62887],[7.28388,50.62894],[7.28438,50.62896],[7.28455,50.62912],[7.28491,50.62917],[7.28535,50.62913],[7.28548,50.62919],[7.28571,50.62919],[7.28583,50.62925],[7.28597,50.62933],[7.28669,50.62937],[7.28685,50.62944],[7.287,50.62951],[7.28718,50.62959],[7.28747,50.62969],[7.28775,50.62979],[7.28807,50.62988],[7.28829,50.62994],[7.28863,50.63001],[7.28912,50.63012],[7.28949,50.63022],[7.28969,50.63029],[7.28982,50.63033],[7.29009,50.63032],[7.2907,50.63051],[7.29141,50.63059],[7.29148,50.63081],[7.29198,50.63088],[7.29302,50.63076],[7.29342,50.63081],[7.29421,50.63097],[7.29449,50.6311],[7.29471,50.63118],[7.29488,50.63124],[7.29499,50.63127],[7.2953,50.63133],[7.29552,50.63137],[7.29582,50.6314],[7.29615,50.63154],[7.29677,50.63159],[7.2971,50.63167],[7.29729,50.63185],[7.2976,50.63213],[7.2975,50.63235],[7.29761,50.63242],[7.29764,50.63252],[7.29771,50.63258],[7.29779,50.63288],[7.2979,50.63304],[7.29808,50.6332],[7.29834,50.63344],[7.29846,50.63347],[7.29878,50.63365],[7.29893,50.63372],[7.29918,50.63382],[7.29935,50.63391],[7.29968,50.63399],[7.29979,50.63406],[7.29988,50.63417],[7.29991,50.63424],[7.30002,50.63437],[7.30003,50.63445],[7.30054,50.6346],[7.30079,50.63475],[7.30117,50.63492],[7.30121,50.63504],[7.30162,50.63519],[7.30175,50.63542],[7.30197,50.63547],[7.30218,50.63557],[7.30257,50.63575],[7.30292,50.63593],[7.30315,50.63627],[7.30329,50.63632],[7.30341,50.63635],[7.30348,50.63642],[7.30355,50.63649],[7.3036,50.63655],[7.30368,50.63661],[7.30378,50.63665],[7.30386,50.63668],[7.30397,50.63674],[7.30405,50.63679],[7.30407,50.63683],[7.30409,50.63689],[7.30413,50.63693],[7.30419,50.63696],[7.30427,50.637],[7.30433,50.63703],[7.30437,50.63706],[7.30443,50.63713],[7.30446,50.63717],[7.30449,50.6372],[7.30455,50.63726],[7.30464,50.63735],[7.30473,50.63742],[7.30481,50.6375],[7.30484,50.63755],[7.30488,50.63759],[7.30494,50.63763],[7.30502,50.6377],[7.30506,50.63775],[7.30508,50.63778],[7.30511,50.63781],[7.30517,50.63783],[7.30523,50.63786],[7.30529,50.63784],[7.3056,50.63774],[7.30578,50.63768],[7.30677,50.63776],[7.30691,50.63785],[7.30733,50.63804],[7.30801,50.63824],[7.3086,50.63802],[7.30882,50.63802],[7.30902,50.63813],[7.30925,50.63811],[7.30934,50.63812],[7.30947,50.63816],[7.30963,50.6382],[7.30992,50.63817],[7.31029,50.63813],[7.31048,50.63812],[7.31067,50.6381],[7.31085,50.63804],[7.31105,50.63802],[7.31128,50.63801],[7.31148,50.638],[7.31166,50.63795],[7.31179,50.6378],[7.31193,50.63767],[7.31203,50.6376],[7.31243,50.63751],[7.3126,50.63746],[7.31266,50.63744],[7.31287,50.63729],[7.3131,50.63725],[7.31336,50.63718],[7.3136,50.63711],[7.31378,50.63721],[7.31385,50.63726],[7.31413,50.63737],[7.3144,50.63747],[7.31458,50.63754],[7.31437,50.6383],[7.31437,50.63839],[7.31437,50.6384],[7.31445,50.63849],[7.31464,50.63863],[7.31482,50.63867],[7.31547,50.63861],[7.31594,50.63867],[7.31652,50.63879],[7.31664,50.63879],[7.31676,50.63883],[7.31721,50.63925],[7.31728,50.63931],[7.31745,50.63947],[7.31784,50.63983],[7.31791,50.6399],[7.31811,50.6401],[7.31826,50.6402],[7.31869,50.64048],[7.31942,50.6408],[7.31994,50.64101],[7.32035,50.64118],[7.32071,50.64134],[7.32107,50.64143],[7.32125,50.64148],[7.32214,50.64168],[7.32231,50.64166],[7.32272,50.64163],[7.32278,50.64165],[7.32277,50.64161],[7.32277,50.64156],[7.32288,50.64145],[7.32294,50.64139],[7.32295,50.64139],[7.32309,50.64131],[7.32321,50.64125],[7.32341,50.64108],[7.3236,50.64096],[7.3237,50.64089],[7.32391,50.64087],[7.3241,50.64096],[7.3242,50.64097],[7.32427,50.64087],[7.32435,50.64085],[7.32443,50.64084],[7.32473,50.64073],[7.32474,50.64064],[7.32484,50.64056],[7.32479,50.64047],[7.32481,50.64043],[7.32491,50.64039],[7.32489,50.64026],[7.32489,50.64025],[7.32491,50.64017],[7.32504,50.64016],[7.32515,50.64016],[7.32524,50.64022],[7.32545,50.64028],[7.32565,50.64022],[7.32577,50.64023],[7.32587,50.64024],[7.326,50.64016],[7.32608,50.64015],[7.32613,50.64011],[7.32621,50.64012],[7.32645,50.64012],[7.32674,50.6401],[7.32689,50.64007],[7.32703,50.64009],[7.32713,50.64014],[7.3272,50.64014],[7.32728,50.64015],[7.32739,50.64016],[7.3275,50.64012],[7.32761,50.6401],[7.32771,50.64013],[7.32779,50.64014],[7.32776,50.64005],[7.32781,50.63998],[7.32779,50.63989],[7.3278,50.63982],[7.32784,50.63976],[7.32798,50.63972],[7.32805,50.63969],[7.32818,50.63964],[7.32822,50.63965],[7.32827,50.63965],[7.32831,50.63964],[7.32831,50.63961],[7.32831,50.63959],[7.32832,50.63957],[7.32834,50.63953],[7.3284,50.63952],[7.32843,50.63952],[7.32845,50.63949],[7.32844,50.63945],[7.32845,50.63942],[7.32848,50.6394],[7.32853,50.63938],[7.32857,50.63937],[7.32861,50.63937],[7.32868,50.6394],[7.32872,50.63941],[7.32877,50.63941],[7.32883,50.6394],[7.32888,50.63942],[7.3289,50.63945],[7.32889,50.63948],[7.3289,50.63951],[7.32892,50.63953],[7.32897,50.63956],[7.329,50.63958],[7.32904,50.63958],[7.32907,50.63956],[7.32906,50.63953],[7.3291,50.63953],[7.3292,50.63957],[7.32926,50.6396],[7.32932,50.63961],[7.32936,50.63963],[7.3294,50.63964],[7.32951,50.63964],[7.32955,50.63965],[7.3296,50.63967],[7.32964,50.63969],[7.32968,50.6397],[7.32975,50.6397],[7.32982,50.63968],[7.32986,50.63967],[7.32992,50.63968],[7.32996,50.63968],[7.33003,50.63967],[7.33007,50.63967],[7.33008,50.63967],[7.33013,50.63969],[7.3302,50.63969],[7.33032,50.63968],[7.33051,50.63965],[7.33057,50.63964],[7.33076,50.63958],[7.33081,50.63956],[7.33086,50.63955],[7.3309,50.63951],[7.33102,50.63924],[7.33104,50.6392],[7.33105,50.63916],[7.3311,50.63909],[7.33111,50.63908],[7.33114,50.63906],[7.33117,50.63903],[7.33121,50.63901],[7.33124,50.63899],[7.33127,50.63894],[7.3313,50.63891],[7.33134,50.63889],[7.33139,50.63887],[7.33143,50.63886],[7.33149,50.63886],[7.33152,50.63887],[7.33157,50.63885],[7.33161,50.63885],[7.33166,50.63885],[7.3317,50.63885],[7.33176,50.63883],[7.33182,50.63881],[7.33186,50.63879],[7.33187,50.63876],[7.33187,50.63873],[7.3319,50.63871],[7.33195,50.6387],[7.33201,50.63871],[7.33206,50.63872],[7.33211,50.63873],[7.33215,50.63873],[7.3322,50.63868],[7.33225,50.63865],[7.3323,50.63863],[7.33238,50.6386],[7.33246,50.63858],[7.33252,50.63858],[7.33257,50.63858],[7.33264,50.63859],[7.33271,50.6386],[7.33279,50.63858],[7.33288,50.63855],[7.33303,50.63853],[7.33316,50.6385],[7.33324,50.63847],[7.33327,50.63845],[7.3335,50.63843],[7.33357,50.63842],[7.33364,50.6384],[7.33374,50.63835],[7.3338,50.63831],[7.33382,50.63829],[7.33384,50.63826],[7.33384,50.63812],[7.33383,50.63809],[7.33385,50.63806],[7.33386,50.63803],[7.3339,50.63802],[7.33402,50.63798],[7.33411,50.63797],[7.33424,50.63796],[7.33436,50.63796],[7.33445,50.6381],[7.33455,50.63822],[7.3346,50.63828],[7.33464,50.63834],[7.33459,50.63839],[7.33455,50.63844],[7.33447,50.63846],[7.33436,50.63847],[7.3344,50.63851],[7.33443,50.63857],[7.33445,50.63863],[7.33446,50.6388],[7.33446,50.63883],[7.33447,50.63887],[7.33449,50.6389],[7.33455,50.63893],[7.33463,50.63898],[7.3347,50.63903],[7.33475,50.63906],[7.33479,50.63907],[7.33482,50.63905],[7.33486,50.63905],[7.33491,50.63906],[7.33498,50.63908],[7.33505,50.63911],[7.33512,50.63916],[7.33515,50.63919],[7.33516,50.63922],[7.33519,50.63927],[7.33523,50.63929],[7.33525,50.63932],[7.33524,50.63934],[7.33523,50.63937],[7.33518,50.63939],[7.33514,50.63941],[7.33514,50.63945],[7.33515,50.63952],[7.33517,50.63959],[7.33519,50.63962],[7.33522,50.63965],[7.33527,50.63969],[7.33528,50.63971],[7.33529,50.63975],[7.3353,50.6398],[7.33532,50.63983],[7.33533,50.63986],[7.33536,50.63989],[7.33541,50.63991],[7.33546,50.63995],[7.33552,50.63997],[7.33557,50.64],[7.33561,50.64003],[7.33565,50.64006],[7.33568,50.64013],[7.33571,50.64019],[7.33576,50.64022],[7.33581,50.64024],[7.33591,50.64026],[7.33602,50.64031],[7.33607,50.64035],[7.33608,50.64038],[7.33609,50.64042],[7.33608,50.64046],[7.33612,50.64049],[7.33616,50.64052],[7.33616,50.64055],[7.33616,50.64058],[7.33615,50.64061],[7.33615,50.64063],[7.33617,50.64068],[7.33619,50.64071],[7.33618,50.64075],[7.33612,50.64077],[7.33606,50.6408],[7.336,50.64085],[7.33595,50.64091],[7.33591,50.64097],[7.3359,50.64103],[7.33589,50.64105],[7.33587,50.64108],[7.33587,50.64112],[7.33588,50.64115],[7.33589,50.64119],[7.33591,50.64122],[7.33595,50.64125],[7.336,50.64127],[7.33608,50.64128],[7.33615,50.64128],[7.33625,50.64126],[7.33633,50.64128],[7.33635,50.6413],[7.33637,50.64133],[7.33638,50.64135],[7.33641,50.64138],[7.33643,50.64142],[7.33643,50.64147],[7.3364,50.64154],[7.3364,50.64158],[7.33643,50.64163],[7.33646,50.64167],[7.33648,50.64169],[7.33652,50.64171],[7.33656,50.64173],[7.33658,50.64176],[7.33662,50.6418],[7.3367,50.64183],[7.33674,50.64184],[7.33675,50.64185],[7.33676,50.64187],[7.33678,50.64191],[7.33681,50.64194],[7.33684,50.64197],[7.33689,50.642],[7.33693,50.64208],[7.33697,50.64218],[7.33706,50.64228],[7.3371,50.64229],[7.33718,50.6423],[7.33731,50.6423],[7.33742,50.6423],[7.3375,50.6423],[7.33762,50.64225],[7.33775,50.64219],[7.33788,50.64216],[7.33796,50.64215],[7.33803,50.64216],[7.3381,50.64217],[7.33818,50.64221],[7.33821,50.64222],[7.33827,50.64226],[7.33828,50.64227],[7.33831,50.6423],[7.33832,50.64231],[7.33836,50.64237],[7.3384,50.64245],[7.33844,50.64256],[7.33845,50.64258],[7.33848,50.64262],[7.33872,50.64269],[7.33884,50.64272],[7.3389,50.64274],[7.33894,50.64276],[7.33899,50.64277],[7.33905,50.64278],[7.33908,50.6428],[7.33911,50.64281],[7.33918,50.64283],[7.33923,50.64284],[7.3393,50.64285],[7.33934,50.64287],[7.33938,50.64289],[7.33941,50.6429],[7.33945,50.64291],[7.3395,50.64292],[7.33956,50.64291],[7.33963,50.64291],[7.3397,50.64292],[7.33972,50.64292],[7.33975,50.64292],[7.33977,50.64292],[7.33981,50.64295],[7.33988,50.64299],[7.34038,50.64298],[7.34044,50.64298],[7.34058,50.64297],[7.3406,50.64297],[7.34085,50.64296],[7.3411,50.64299],[7.34116,50.643],[7.34125,50.64302],[7.34139,50.64305],[7.34155,50.64309],[7.3417,50.64312],[7.34187,50.64316],[7.34223,50.64324],[7.34233,50.64333],[7.34261,50.64335],[7.34283,50.64348],[7.3432,50.64361],[7.34391,50.64405],[7.3444,50.64418],[7.34494,50.64432],[7.34514,50.64436],[7.34542,50.64446],[7.34593,50.64461],[7.3462,50.64473],[7.34633,50.64473],[7.34669,50.64485],[7.3472,50.64504],[7.34732,50.64511],[7.34744,50.64516],[7.34756,50.64519],[7.34767,50.64526],[7.3478,50.64541],[7.34818,50.6455],[7.34836,50.64559],[7.34854,50.64571],[7.34865,50.64579],[7.34871,50.64585],[7.34885,50.64593],[7.34904,50.64604],[7.34927,50.64613],[7.34951,50.64615],[7.34965,50.64616],[7.34989,50.6461],[7.34999,50.64609],[7.35012,50.64609],[7.35033,50.64609],[7.35042,50.64609],[7.35055,50.64612],[7.35068,50.64614],[7.35079,50.64616],[7.35097,50.64623],[7.3512,50.64625],[7.35138,50.64631],[7.35154,50.64632],[7.35179,50.64646],[7.35195,50.64657],[7.35211,50.64661],[7.35219,50.64665],[7.35226,50.64678],[7.35234,50.64685],[7.35247,50.64692],[7.35254,50.64697],[7.3526,50.64702],[7.35281,50.64715],[7.35306,50.64708],[7.35345,50.64696],[7.35359,50.64702],[7.35369,50.64702],[7.35382,50.64702],[7.35394,50.64706],[7.35404,50.64709],[7.35411,50.64712],[7.35419,50.64717],[7.35427,50.64723],[7.35434,50.64729],[7.35441,50.64736],[7.35447,50.64741],[7.35463,50.64748],[7.3547,50.64755],[7.35512,50.64757],[7.35537,50.64751],[7.35576,50.64773],[7.35596,50.64777],[7.35604,50.64776],[7.35611,50.64778],[7.35621,50.64788],[7.35634,50.64789],[7.35637,50.64791],[7.35633,50.64797],[7.35626,50.64803],[7.35624,50.64809],[7.35628,50.64825],[7.3563,50.64831],[7.35637,50.64836],[7.35643,50.64839],[7.35649,50.64842],[7.35657,50.64845],[7.35669,50.6484],[7.357,50.64839],[7.3572,50.64844],[7.35738,50.64856],[7.3574,50.6487],[7.35747,50.64872],[7.35757,50.64872],[7.35763,50.64874],[7.3577,50.64878],[7.35777,50.64886],[7.35786,50.64901],[7.35794,50.64911],[7.35801,50.64919],[7.3579,50.64932],[7.35775,50.64955],[7.35788,50.64967],[7.35787,50.64977],[7.35786,50.64984],[7.35801,50.64995],[7.35807,50.65013],[7.35812,50.65018],[7.35816,50.65021],[7.35826,50.65028],[7.35829,50.6503],[7.35833,50.65031],[7.3584,50.65032],[7.35849,50.65032],[7.35855,50.65032],[7.3586,50.65034],[7.35866,50.65035],[7.35871,50.65035],[7.35878,50.65034],[7.35886,50.65034],[7.35895,50.65033],[7.359,50.65031],[7.35902,50.6503],[7.35912,50.65045],[7.35929,50.65071],[7.35921,50.65096],[7.3591,50.65102],[7.35899,50.65107],[7.35899,50.65109],[7.35898,50.65111],[7.35893,50.65128],[7.3589,50.65138],[7.35888,50.65147],[7.35888,50.65157],[7.35888,50.65165],[7.35887,50.65171],[7.35886,50.65174],[7.35883,50.65176],[7.3588,50.6518],[7.3588,50.65183],[7.35879,50.6519],[7.35877,50.652],[7.35875,50.65203],[7.35873,50.65206],[7.35868,50.65207],[7.35855,50.65211],[7.35849,50.65214],[7.35844,50.65217],[7.35834,50.6523],[7.35831,50.65232],[7.35827,50.65233],[7.35816,50.65235],[7.35809,50.65236],[7.35805,50.65238],[7.35789,50.65255],[7.35787,50.65259],[7.35788,50.65261],[7.3579,50.65264],[7.35801,50.65282],[7.35804,50.65288],[7.35806,50.65294],[7.35807,50.65298],[7.35808,50.65302],[7.3581,50.65305],[7.35812,50.65308],[7.35813,50.65313],[7.35815,50.65316],[7.35814,50.65318],[7.35813,50.65321],[7.35812,50.65324],[7.3581,50.65326],[7.35806,50.65328],[7.35803,50.65329],[7.35799,50.6533],[7.35782,50.65339],[7.35778,50.65341],[7.35776,50.65343],[7.35773,50.65346],[7.35772,50.65349],[7.35771,50.65353],[7.35772,50.65355],[7.3577,50.65359],[7.35769,50.65368],[7.35766,50.65374],[7.35762,50.65382],[7.35761,50.65391],[7.3576,50.65396],[7.35761,50.65401],[7.35762,50.65409],[7.35761,50.65414],[7.3576,50.65419],[7.35759,50.65423],[7.3576,50.65426],[7.35762,50.6543],[7.35766,50.65439],[7.35768,50.65445],[7.35768,50.6545],[7.35768,50.65457],[7.35767,50.65463],[7.35764,50.6547],[7.35761,50.65476],[7.35758,50.6548],[7.35755,50.65483],[7.35751,50.65484],[7.35748,50.65483],[7.35742,50.65483],[7.35738,50.65484],[7.35731,50.65487],[7.35725,50.65491],[7.35718,50.65497],[7.35716,50.65499],[7.35713,50.65499],[7.35692,50.65509],[7.35687,50.65511],[7.3568,50.65513],[7.35678,50.65513],[7.35671,50.65513],[7.35649,50.65516],[7.3563,50.65516],[7.35617,50.65516],[7.35599,50.65518],[7.35593,50.65519],[7.35581,50.65528],[7.35584,50.6554],[7.35576,50.65558],[7.35585,50.65568],[7.35582,50.65581],[7.35572,50.65598],[7.35575,50.65608],[7.35577,50.65629],[7.35574,50.65642],[7.35566,50.6566],[7.35565,50.65671],[7.35565,50.65684],[7.35578,50.65705],[7.35576,50.65724],[7.3555,50.65744],[7.35527,50.65806],[7.35535,50.65833],[7.3555,50.65891],[7.35571,50.65966],[7.35586,50.66017],[7.35576,50.66023],[7.35614,50.66049],[7.35631,50.66072],[7.35596,50.66116],[7.35581,50.66125],[7.35579,50.66126],[7.35532,50.66165],[7.35532,50.66179],[7.3554,50.66187],[7.35542,50.66189],[7.35583,50.66207],[7.35587,50.66209],[7.35598,50.66214],[7.35605,50.66222],[7.35613,50.6623],[7.35622,50.66236],[7.35632,50.66243],[7.35645,50.66254],[7.35633,50.66299],[7.35617,50.66319],[7.35616,50.6635],[7.35607,50.6638],[7.356,50.664],[7.35588,50.66434],[7.35583,50.66441],[7.35582,50.66443],[7.35561,50.66476],[7.35604,50.66509],[7.35682,50.66564],[7.35738,50.66608],[7.35771,50.66634],[7.35796,50.66652],[7.35814,50.66665],[7.35837,50.66683],[7.35854,50.66695],[7.35863,50.66701],[7.35896,50.66725],[7.35951,50.66766],[7.35966,50.66777],[7.36271,50.67002],[7.36287,50.67013],[7.36398,50.67095],[7.36442,50.67126],[7.36459,50.67138],[7.36466,50.67145],[7.36475,50.6715],[7.36486,50.67157],[7.36492,50.6716],[7.36506,50.67165],[7.36522,50.67169],[7.36536,50.67172],[7.36547,50.67174],[7.36561,50.67175],[7.36575,50.67176],[7.36587,50.67176],[7.36601,50.67175],[7.36613,50.67174],[7.3669,50.67164],[7.36746,50.67157],[7.3684,50.67144],[7.36888,50.67138],[7.36895,50.67137],[7.36909,50.67144],[7.36922,50.67229],[7.36957,50.67454],[7.36961,50.67475],[7.36971,50.67533],[7.36987,50.67634],[7.37003,50.67716],[7.37003,50.6773],[7.3701,50.67783],[7.37007,50.67789],[7.37004,50.67796],[7.36996,50.67808],[7.36989,50.67817],[7.36982,50.67824],[7.36971,50.67832],[7.36952,50.67842],[7.36887,50.67875],[7.36819,50.67911],[7.36781,50.67931],[7.36758,50.67943],[7.36754,50.67945],[7.36753,50.67948],[7.36788,50.67953],[7.36839,50.67959],[7.36848,50.6796],[7.36874,50.67963],[7.36898,50.67967],[7.36946,50.67973],[7.36986,50.67978],[7.37043,50.67986],[7.37072,50.67989],[7.37118,50.67994],[7.37153,50.67998],[7.37202,50.68177],[7.37206,50.68193],[7.37057,50.68305],[7.37007,50.68342],[7.36955,50.68381],[7.36924,50.68404],[7.36896,50.68425],[7.36875,50.68441],[7.36723,50.68555],[7.36681,50.68586],[7.36627,50.68626],[7.36606,50.68642],[7.366,50.68646],[7.366,50.68649],[7.36602,50.68653],[7.36604,50.68656],[7.36606,50.68658],[7.36607,50.68665],[7.36603,50.68668],[7.36595,50.68671],[7.3659,50.68674],[7.36585,50.68677],[7.36579,50.68679],[7.36577,50.68682],[7.3657,50.6869],[7.36564,50.68693],[7.36558,50.68694],[7.36556,50.68696],[7.36556,50.687],[7.36556,50.68704],[7.36553,50.68707],[7.36547,50.6871],[7.36543,50.68714],[7.36541,50.68717],[7.36538,50.6872],[7.36535,50.68724],[7.36532,50.68728],[7.36527,50.68731],[7.36523,50.68734],[7.36521,50.68736],[7.36525,50.68739],[7.36529,50.68745],[7.36535,50.68754],[7.36535,50.68758],[7.36536,50.68764],[7.36535,50.68771],[7.36534,50.68775],[7.36535,50.6878],[7.36537,50.68783],[7.36535,50.68791],[7.36531,50.68801],[7.36531,50.68807],[7.3653,50.68813],[7.3653,50.68817],[7.36539,50.68824],[7.36545,50.68829],[7.3655,50.68833],[7.36552,50.68838],[7.36553,50.68841],[7.36559,50.68845],[7.36563,50.68849],[7.36564,50.68857],[7.36565,50.68863],[7.36569,50.68867],[7.36576,50.68871],[7.36582,50.68874],[7.36587,50.68876],[7.36591,50.68881],[7.36592,50.68885],[7.36595,50.68892],[7.36599,50.68897],[7.36604,50.68899],[7.36607,50.68901],[7.3661,50.68905],[7.36612,50.68911],[7.36614,50.68917],[7.36617,50.68922],[7.36619,50.68924],[7.3662,50.68924],[7.36623,50.68924],[7.36628,50.68925],[7.36636,50.68925],[7.36644,50.68926],[7.36654,50.68927],[7.36661,50.68929],[7.36669,50.68931],[7.36682,50.68931],[7.36696,50.68932],[7.36702,50.68935],[7.36708,50.68937],[7.36713,50.6894],[7.36727,50.68947],[7.36732,50.68949],[7.36732,50.68952],[7.36728,50.68958],[7.36723,50.68965],[7.36717,50.68973],[7.36714,50.68981],[7.36712,50.6899],[7.3671,50.69004],[7.36708,50.69017],[7.36707,50.69027],[7.36707,50.69028],[7.36705,50.69043],[7.36704,50.69064],[7.36702,50.69076],[7.36701,50.69083],[7.36701,50.69088],[7.36661,50.69084],[7.36663,50.69089],[7.36661,50.69094],[7.3666,50.69099],[7.36661,50.69102],[7.36661,50.69105],[7.3666,50.69107],[7.36658,50.69109],[7.36652,50.69112],[7.36649,50.69114],[7.3664,50.69126],[7.36639,50.69129],[7.36634,50.69134],[7.36612,50.69156],[7.36609,50.69158],[7.36599,50.69159],[7.36596,50.6916],[7.36591,50.69163],[7.36584,50.69165],[7.36578,50.69166],[7.36575,50.69166],[7.36569,50.69168],[7.36568,50.6917],[7.36566,50.69171],[7.36561,50.69174],[7.36557,50.69177],[7.36554,50.69179],[7.36549,50.69182],[7.36544,50.69184],[7.36543,50.69184],[7.36473,50.69223],[7.36473,50.69234],[7.36473,50.69241],[7.36475,50.69248],[7.3648,50.69255],[7.36484,50.69261],[7.3649,50.69266],[7.36492,50.6927],[7.36495,50.69276],[7.36495,50.69287],[7.36492,50.69297],[7.36491,50.69309],[7.3649,50.69316],[7.36496,50.69319],[7.36496,50.6932],[7.36501,50.69321],[7.36505,50.69321],[7.36509,50.69321],[7.36513,50.69321],[7.36515,50.69323],[7.36519,50.69331],[7.3652,50.69336],[7.36523,50.69339],[7.36529,50.69339],[7.36536,50.69338],[7.36541,50.69337],[7.36544,50.69335],[7.36548,50.69333],[7.36552,50.69332],[7.36556,50.69333],[7.3656,50.69335],[7.36563,50.69338],[7.36562,50.69342],[7.36558,50.69345],[7.36558,50.69347],[7.36561,50.6935],[7.36569,50.69351],[7.36573,50.69352],[7.36576,50.69355],[7.36579,50.69359],[7.36581,50.69363],[7.36583,50.69366],[7.36586,50.69369],[7.36589,50.6937],[7.36592,50.69372],[7.36598,50.69377],[7.36607,50.69382],[7.36614,50.69384],[7.36618,50.69386],[7.3662,50.6939],[7.36623,50.69394],[7.36624,50.694],[7.36626,50.69405],[7.36626,50.69409],[7.36626,50.69413],[7.36625,50.69416],[7.36627,50.69419],[7.36629,50.69421],[7.36631,50.69422],[7.36635,50.69426],[7.36634,50.69429],[7.36632,50.69432],[7.36632,50.69434],[7.36633,50.69436],[7.36635,50.6944],[7.36634,50.69443],[7.36634,50.69447],[7.36634,50.69451],[7.36669,50.6952],[7.3668,50.69523],[7.36691,50.69526],[7.367,50.69529],[7.36708,50.69533],[7.36744,50.69549],[7.36748,50.69551],[7.36753,50.69553],[7.3676,50.69553],[7.36767,50.69553],[7.36774,50.69554],[7.3678,50.69556],[7.36787,50.69558],[7.36793,50.69561],[7.36799,50.69563],[7.36805,50.69566],[7.36814,50.69572],[7.36818,50.69575],[7.36822,50.69579],[7.36824,50.69581],[7.36827,50.69586],[7.3683,50.69591],[7.36832,50.69597],[7.36834,50.69602],[7.36816,50.69603],[7.36798,50.69599],[7.36786,50.69594],[7.36774,50.69591],[7.36745,50.69586],[7.36736,50.69584],[7.3673,50.69626],[7.36742,50.69626],[7.36749,50.69626],[7.36757,50.69625],[7.36768,50.69623],[7.36769,50.69626],[7.36779,50.69648],[7.36799,50.69713],[7.36815,50.69788],[7.36792,50.69789],[7.36767,50.6979],[7.36749,50.6979],[7.36736,50.69789],[7.36723,50.69786],[7.36714,50.69783],[7.36703,50.69776],[7.36691,50.69767],[7.36675,50.69759],[7.36662,50.69755],[7.36648,50.69753],[7.36626,50.69749],[7.36607,50.69748],[7.36586,50.69747],[7.36572,50.69748],[7.36563,50.69748],[7.36555,50.69747],[7.36537,50.69744],[7.36487,50.69737],[7.36471,50.69734],[7.36462,50.69735],[7.36444,50.6974],[7.36416,50.69751],[7.36408,50.69751],[7.36401,50.69749],[7.36394,50.69746],[7.36382,50.69742],[7.36372,50.6974],[7.36364,50.69738],[7.36354,50.69733],[7.3634,50.69723],[7.36334,50.6972],[7.36328,50.69719],[7.36322,50.69719],[7.36315,50.69721],[7.36306,50.69725],[7.36299,50.69726],[7.36289,50.69725],[7.36281,50.69724],[7.36267,50.69724],[7.3626,50.69725],[7.36254,50.69726],[7.3625,50.69726],[7.36239,50.69731],[7.3623,50.69734],[7.36212,50.69741],[7.36197,50.69746],[7.36183,50.69748],[7.3617,50.69749],[7.36156,50.69747],[7.36144,50.69744],[7.36135,50.69741],[7.36131,50.69737],[7.36121,50.69722],[7.36116,50.69718],[7.3611,50.69718],[7.36098,50.69719],[7.36086,50.69723],[7.36081,50.69725],[7.36079,50.69729],[7.36077,50.69735],[7.36076,50.6974],[7.3607,50.69744],[7.36063,50.69744],[7.36051,50.69741],[7.3603,50.69733],[7.36003,50.69722],[7.35986,50.69717],[7.35972,50.69714],[7.35953,50.69713],[7.3594,50.69713],[7.3593,50.69714],[7.35921,50.69717],[7.35917,50.69719],[7.35908,50.69726],[7.35896,50.69733],[7.35884,50.69737],[7.3587,50.6974],[7.35853,50.69743],[7.35844,50.69746],[7.35839,50.6975],[7.35833,50.69757],[7.3583,50.69763],[7.35829,50.69765],[7.35822,50.6977],[7.35816,50.69773],[7.35807,50.69776],[7.35798,50.69778],[7.35791,50.69781],[7.35783,50.69784],[7.35772,50.69785],[7.35763,50.69786],[7.35757,50.69785],[7.35749,50.69784],[7.35746,50.69784],[7.35745,50.69784],[7.35743,50.69786],[7.35742,50.69791],[7.35743,50.69793],[7.35744,50.69798],[7.35745,50.69801],[7.35746,50.69802],[7.35748,50.69804],[7.35751,50.69806],[7.35757,50.69807],[7.35759,50.69809],[7.35762,50.69812],[7.3578,50.69816],[7.35785,50.69818],[7.35786,50.69822],[7.35788,50.69824],[7.35792,50.69828],[7.35804,50.6983],[7.35807,50.69833],[7.35811,50.69834],[7.35812,50.69836],[7.35815,50.69839],[7.35821,50.69842],[7.35825,50.69845],[7.35827,50.6985],[7.35829,50.69855],[7.35833,50.6986],[7.35839,50.69865],[7.35842,50.69867],[7.35846,50.69871],[7.35858,50.69881],[7.3586,50.69882],[7.35863,50.69885],[7.35867,50.6989],[7.35868,50.69895],[7.35874,50.69899],[7.35877,50.69904],[7.35878,50.69911],[7.3588,50.69916],[7.35884,50.69921],[7.35892,50.69926],[7.35898,50.69931],[7.359,50.69935],[7.359,50.6994],[7.35898,50.69945],[7.35901,50.69948],[7.35906,50.6995],[7.35922,50.69961],[7.35929,50.69964],[7.35935,50.69966],[7.35943,50.69967],[7.35949,50.69968],[7.35952,50.6997],[7.35949,50.69974],[7.35948,50.69976],[7.35948,50.69982],[7.35952,50.69985],[7.35954,50.69991],[7.35958,50.70007],[7.35962,50.70009],[7.35967,50.7001],[7.3597,50.70014],[7.35973,50.70017],[7.35978,50.7002],[7.35984,50.70021],[7.35995,50.70023],[7.36003,50.70024],[7.36009,50.70027],[7.36016,50.70031],[7.36028,50.70036],[7.36035,50.70039],[7.36044,50.7004],[7.3606,50.70036],[7.36072,50.70035],[7.3608,50.70035],[7.36086,50.70036],[7.36094,50.70039],[7.36101,50.70039],[7.36108,50.70036],[7.36111,50.70035],[7.36116,50.70036],[7.36123,50.7004],[7.36129,50.70043],[7.36138,50.70048],[7.36151,50.70054],[7.36158,50.70057],[7.36168,50.70057],[7.36172,50.70058],[7.36176,50.70059],[7.3618,50.70063],[7.36188,50.70067],[7.362,50.70072],[7.36209,50.70076],[7.36217,50.70081],[7.36238,50.70096],[7.36253,50.70106],[7.36258,50.7011],[7.36259,50.70112],[7.36271,50.70115],[7.36286,50.70117],[7.36296,50.7012],[7.363,50.70126],[7.36302,50.70131],[7.36306,50.70136],[7.36311,50.70137],[7.36315,50.70136],[7.36321,50.70138],[7.36323,50.70142],[7.36321,50.70147],[7.36318,50.7015],[7.36308,50.70153],[7.36297,50.70159],[7.36292,50.70162],[7.36295,50.70169],[7.36298,50.70176],[7.36298,50.70182],[7.36295,50.70187],[7.36293,50.70193],[7.36295,50.70195],[7.36297,50.70196],[7.36298,50.70197],[7.36301,50.70202],[7.36306,50.70212],[7.36307,50.70218],[7.36304,50.70223],[7.36293,50.7023],[7.36288,50.70235],[7.36281,50.70241],[7.36276,50.70247],[7.36274,50.70254],[7.36271,50.70256],[7.36263,50.7026],[7.3626,50.70267],[7.36258,50.70272],[7.36254,50.70276],[7.36253,50.70279],[7.36256,50.70286],[7.36264,50.70295],[7.36275,50.70299],[7.36284,50.70301],[7.36288,50.70304],[7.3629,50.70309],[7.36292,50.70314],[7.36295,50.70319],[7.36297,50.70323],[7.36297,50.70329],[7.36297,50.70334],[7.36298,50.70339],[7.36298,50.70343],[7.36295,50.70348],[7.3629,50.70351],[7.36283,50.70355],[7.36271,50.70356],[7.36262,50.70355],[7.3626,50.70354],[7.36247,50.70352],[7.36243,50.70352],[7.36239,50.70357],[7.36238,50.7036],[7.36237,50.70364],[7.36236,50.7037],[7.36235,50.70376],[7.36233,50.70385],[7.36236,50.70398],[7.36237,50.70403],[7.36233,50.70406],[7.36229,50.7041],[7.36227,50.70416],[7.36226,50.70421],[7.36223,50.70429],[7.36223,50.70437],[7.36225,50.70443],[7.36227,50.70452],[7.36232,50.70457],[7.36236,50.70464],[7.3624,50.70469],[7.36239,50.70474],[7.36242,50.7048],[7.36245,50.70484],[7.3625,50.70488],[7.36255,50.70491],[7.36261,50.70492],[7.36264,50.70494],[7.36269,50.70497],[7.36275,50.70499],[7.36282,50.70501],[7.36286,50.70502],[7.36295,50.70502],[7.36303,50.70504],[7.36307,50.70506],[7.36312,50.70512],[7.36308,50.70518],[7.36305,50.70523],[7.36316,50.70528],[7.36338,50.70533],[7.36338,50.70524],[7.3634,50.70525],[7.36357,50.70535],[7.36369,50.70539],[7.36377,50.7054],[7.3639,50.70539],[7.364,50.70539],[7.36412,50.70538],[7.36419,50.70538],[7.36429,50.70538],[7.3644,50.70536],[7.36449,50.70538],[7.36456,50.70552],[7.36469,50.70571],[7.36472,50.70575],[7.36479,50.70576],[7.3649,50.70577],[7.36497,50.70582],[7.36502,50.70586],[7.36505,50.70588],[7.36508,50.70591],[7.36509,50.70595],[7.36514,50.70596],[7.3652,50.70598],[7.36524,50.706],[7.36535,50.70602],[7.36548,50.706],[7.36555,50.706],[7.36558,50.70604],[7.36561,50.70608],[7.36566,50.70612],[7.36576,50.70614],[7.36586,50.70612],[7.36595,50.70609],[7.36613,50.70607],[7.36619,50.70607],[7.36625,50.70609],[7.36629,50.70611],[7.36635,50.70611],[7.3664,50.7061],[7.36651,50.70611],[7.36656,50.70609],[7.36661,50.70605],[7.36667,50.70602],[7.36674,50.70601],[7.36678,50.70602],[7.36682,50.70606],[7.36687,50.70608],[7.36692,50.7061],[7.36696,50.70615],[7.36697,50.70618],[7.36705,50.70623],[7.36714,50.70627],[7.36717,50.70628],[7.36722,50.70633],[7.36726,50.70642],[7.36728,50.70646],[7.36735,50.70654],[7.3674,50.70658],[7.36748,50.70663],[7.36755,50.7067],[7.36763,50.70693],[7.36765,50.70706],[7.36769,50.70718],[7.36773,50.70734],[7.36775,50.7075],[7.36774,50.70773],[7.36776,50.70775],[7.36779,50.70779],[7.36784,50.70785],[7.36787,50.70795],[7.36805,50.70856],[7.36809,50.70879],[7.36808,50.70894],[7.36815,50.70894],[7.36844,50.70925],[7.36868,50.70952],[7.36869,50.70964],[7.36875,50.70972],[7.369,50.71007],[7.36925,50.71042],[7.36947,50.71075],[7.36948,50.71077],[7.36965,50.71102],[7.36979,50.71123],[7.36991,50.71142],[7.36997,50.71146],[7.36976,50.71149],[7.36906,50.71161],[7.36897,50.71165],[7.36888,50.71169],[7.36879,50.71185],[7.36851,50.71232],[7.36849,50.71234],[7.36848,50.71245],[7.36854,50.71253],[7.36859,50.71259],[7.36866,50.71266],[7.3691,50.71307],[7.36912,50.71311],[7.37171,50.71271],[7.37208,50.71335],[7.37267,50.7144],[7.37282,50.71469],[7.37281,50.71473],[7.37207,50.71484],[7.37102,50.715],[7.37066,50.71505],[7.37104,50.71526],[7.3713,50.71548],[7.37139,50.71557],[7.37152,50.71561],[7.37179,50.71602],[7.37191,50.71617],[7.372,50.71628],[7.37204,50.7163],[7.37253,50.7166],[7.37265,50.71672],[7.37263,50.71694],[7.37279,50.71722],[7.37314,50.71741],[7.37307,50.71757],[7.37318,50.71765],[7.3733,50.71781],[7.37334,50.71781],[7.37357,50.71781],[7.37376,50.71785],[7.37414,50.71809],[7.37428,50.71811],[7.37423,50.71823],[7.37437,50.71826],[7.37452,50.71825],[7.37465,50.71826],[7.37476,50.71825],[7.37481,50.71823],[7.37488,50.71819],[7.37497,50.7181],[7.37511,50.71801],[7.3752,50.71792],[7.37528,50.71789],[7.37533,50.71787],[7.37546,50.71783],[7.37552,50.71779],[7.37556,50.71773],[7.37556,50.71769],[7.3755,50.71763],[7.3755,50.71759],[7.3755,50.71754],[7.37556,50.71751],[7.37568,50.71749],[7.37581,50.71749],[7.37589,50.71749],[7.37595,50.71745],[7.37603,50.7174],[7.37606,50.71735],[7.37606,50.7173],[7.3761,50.71728],[7.37625,50.71724],[7.37629,50.71724],[7.37635,50.71726],[7.37643,50.71727],[7.3765,50.71724],[7.3766,50.71714],[7.37665,50.7171],[7.37668,50.7171],[7.37671,50.7171],[7.37676,50.71711],[7.3768,50.71713],[7.3769,50.71713],[7.37696,50.71711],[7.37699,50.71709],[7.37697,50.71705],[7.37691,50.71698],[7.37684,50.71691],[7.37681,50.71684],[7.37684,50.71678],[7.37689,50.7167],[7.37698,50.71662],[7.37707,50.71659],[7.37707,50.71652],[7.37706,50.71641],[7.37711,50.71635],[7.3772,50.71627],[7.37729,50.71618],[7.37742,50.7161],[7.37748,50.71605],[7.37776,50.716],[7.37795,50.71596],[7.37815,50.71595],[7.37831,50.71596],[7.37847,50.71592],[7.37856,50.71588],[7.37858,50.71588],[7.37863,50.71585],[7.3787,50.71579],[7.37876,50.71565],[7.3788,50.71562],[7.37887,50.71558],[7.37895,50.71558],[7.37901,50.71561],[7.37909,50.71563],[7.37916,50.71565],[7.37919,50.71565],[7.37928,50.71565],[7.37942,50.71567],[7.37947,50.7157],[7.37958,50.71571],[7.37965,50.71573],[7.37968,50.71579],[7.3797,50.71582],[7.37974,50.71585],[7.3798,50.7159],[7.37988,50.71592],[7.37993,50.71595],[7.37998,50.716],[7.38004,50.71606],[7.38014,50.71617],[7.3802,50.71626],[7.38025,50.71631],[7.38039,50.71638],[7.38054,50.71647],[7.3806,50.71653],[7.38074,50.71656],[7.38089,50.71658],[7.38101,50.71661],[7.38106,50.71661],[7.38118,50.71658],[7.38127,50.71654],[7.38141,50.71648],[7.38156,50.71647],[7.38171,50.71646],[7.38204,50.71645],[7.38212,50.71642],[7.38223,50.71643],[7.38231,50.7164],[7.38236,50.71644],[7.38243,50.71639],[7.38255,50.71638],[7.38264,50.7164],[7.38282,50.71641],[7.38298,50.7164],[7.38346,50.71643],[7.38358,50.71648],[7.38371,50.71654],[7.38381,50.71661],[7.38381,50.71662],[7.38381,50.71672],[7.38425,50.71676],[7.38437,50.71678],[7.38456,50.71682],[7.38458,50.71683],[7.38464,50.71684],[7.38481,50.71689],[7.38503,50.71699],[7.38523,50.7171],[7.38538,50.71716],[7.38539,50.71716],[7.3855,50.7172],[7.38565,50.71723],[7.38604,50.71733],[7.38608,50.71734],[7.38628,50.71738],[7.38639,50.7174],[7.38653,50.71739],[7.38661,50.71738],[7.38678,50.71738],[7.38705,50.71738],[7.38714,50.71736],[7.38725,50.71735],[7.38736,50.71736],[7.3875,50.71738],[7.38762,50.71738],[7.3877,50.71737],[7.38774,50.71737],[7.38768,50.71712],[7.38763,50.71693],[7.38754,50.7164],[7.38749,50.71613],[7.38748,50.71602],[7.38754,50.7158],[7.38794,50.71575],[7.38868,50.71565],[7.38873,50.71564],[7.39022,50.71542],[7.39167,50.71521],[7.39197,50.71517],[7.39274,50.71506],[7.39408,50.71487],[7.39432,50.71484],[7.39569,50.71464],[7.39615,50.71457],[7.39767,50.71436],[7.39803,50.7143],[7.39844,50.71424],[7.39876,50.71436],[7.39959,50.7147],[7.39964,50.71471],[7.39899,50.71505],[7.39951,50.71606],[7.39956,50.71639],[7.39957,50.71646],[7.39988,50.71649],[7.40157,50.71676],[7.40205,50.71684],[7.40397,50.71714],[7.40414,50.71716],[7.4045,50.71722],[7.40458,50.71723],[7.40695,50.71761],[7.40701,50.71761],[7.40752,50.71735],[7.40835,50.71693],[7.40942,50.71635],[7.41029,50.71589],[7.41194,50.7151],[7.41201,50.71504],[7.41207,50.71499],[7.41222,50.71488],[7.41226,50.71485],[7.41244,50.71474],[7.41261,50.71464],[7.41293,50.71439],[7.4136,50.71389],[7.41453,50.71321],[7.4148,50.713],[7.41509,50.71276],[7.41523,50.71264],[7.41608,50.71196],[7.41643,50.71168],[7.41666,50.71148],[7.41678,50.71146],[7.41702,50.71139],[7.41789,50.71112],[7.41862,50.71089],[7.41922,50.71041],[7.41982,50.70998],[7.42312,50.70996],[7.42449,50.70995],[7.42603,50.70993],[7.42613,50.70993],[7.42626,50.70993],[7.42658,50.70993],[7.42957,50.7099],[7.43001,50.7099],[7.43007,50.7099],[7.43146,50.70988],[7.43173,50.70988],[7.43304,50.70987],[7.43361,50.70987],[7.4343,50.70986],[7.43488,50.70985],[7.43659,50.70983],[7.4367,50.70992],[7.43756,50.7106],[7.43904,50.71177],[7.43908,50.71179],[7.43912,50.7118],[7.43944,50.71195],[7.43954,50.71204],[7.4396,50.71211],[7.43965,50.71221],[7.43974,50.71238],[7.4398,50.71245],[7.43988,50.71251],[7.44001,50.71259],[7.4401,50.71263],[7.44013,50.71263],[7.44037,50.7125],[7.44047,50.71245],[7.44115,50.71214],[7.4412,50.7119],[7.44144,50.71189],[7.4417,50.7119],[7.44179,50.7119],[7.44177,50.71223],[7.44173,50.71266],[7.44192,50.71306],[7.44195,50.71313],[7.44208,50.71338],[7.44232,50.71357],[7.44258,50.71377],[7.44287,50.71412],[7.4431,50.71455],[7.44313,50.7147],[7.44316,50.71488],[7.44318,50.71493],[7.44316,50.71505],[7.44316,50.71515],[7.44326,50.71521],[7.44324,50.71546],[7.44329,50.71553],[7.44362,50.71577],[7.44494,50.71657],[7.44602,50.71696],[7.44872,50.7179],[7.44901,50.71617],[7.4491,50.71603],[7.45063,50.7162],[7.4515,50.71599],[7.45155,50.71596],[7.452,50.71574],[7.45211,50.71575],[7.45218,50.71576],[7.45285,50.71575],[7.4531,50.71575],[7.45314,50.71575],[7.45316,50.71581],[7.45327,50.71587],[7.45356,50.71598],[7.45384,50.71611],[7.45386,50.71615],[7.454,50.71645],[7.45457,50.7169],[7.45519,50.71657],[7.45523,50.7166],[7.45529,50.71664],[7.45548,50.71677],[7.45552,50.7168],[7.45557,50.71684],[7.45562,50.71688],[7.45565,50.71692],[7.45567,50.71695],[7.4557,50.71703],[7.45571,50.71711],[7.45572,50.71723],[7.45574,50.71734],[7.45576,50.71746],[7.45578,50.71753],[7.4558,50.71759],[7.45584,50.71767],[7.45589,50.71775],[7.45596,50.71784],[7.45606,50.71797],[7.45613,50.71805],[7.45621,50.71808],[7.45781,50.71827],[7.45784,50.71827],[7.45795,50.71828],[7.46101,50.71865],[7.46154,50.71869],[7.46344,50.7186],[7.46452,50.71855],[7.46481,50.71804],[7.46487,50.71797],[7.46495,50.71792],[7.46506,50.7179],[7.46519,50.71792],[7.46531,50.71795],[7.46551,50.718],[7.46552,50.71801],[7.46574,50.71804],[7.46616,50.71801],[7.46725,50.71797],[7.46733,50.71797],[7.46778,50.7182],[7.46832,50.7185],[7.46841,50.71855],[7.46931,50.71852],[7.46981,50.7185],[7.47013,50.71848],[7.47163,50.71841],[7.47194,50.71838],[7.47205,50.71837],[7.47249,50.71835],[7.47631,50.71827],[7.479,50.71828],[7.47918,50.71837],[7.47924,50.7184],[7.47937,50.71846],[7.48024,50.71888],[7.48266,50.72005],[7.48334,50.72077],[7.48403,50.72151],[7.48464,50.72211],[7.48479,50.72224],[7.48521,50.72259],[7.4857,50.72268],[7.4862,50.72277],[7.48672,50.72284],[7.48734,50.7229],[7.48861,50.72314],[7.48916,50.72324],[7.48991,50.72337],[7.49018,50.72342],[7.49084,50.72358],[7.49102,50.72363],[7.49305,50.72381],[7.49301,50.72394],[7.4927,50.72438],[7.49258,50.72457],[7.49258,50.72462],[7.4925,50.72478],[7.49247,50.72482],[7.4924,50.72488],[7.49225,50.72502],[7.49212,50.72513],[7.49181,50.72534],[7.49179,50.72541],[7.4918,50.72566],[7.49181,50.72569],[7.49184,50.72576],[7.49187,50.72582],[7.49193,50.72595],[7.49193,50.726],[7.49213,50.72606],[7.49217,50.72603],[7.49221,50.726],[7.4922,50.72591],[7.4922,50.72589],[7.49223,50.72586],[7.49227,50.72582],[7.49236,50.7258],[7.49242,50.72581],[7.49248,50.72582],[7.49254,50.72581],[7.49257,50.72578],[7.49262,50.72576],[7.49268,50.72575],[7.49274,50.72573],[7.49273,50.7257],[7.49274,50.72565],[7.49278,50.72562],[7.49285,50.72561],[7.49289,50.72558],[7.49296,50.72556],[7.49307,50.72554],[7.49318,50.72552],[7.49331,50.72553],[7.49344,50.72553],[7.49352,50.72553],[7.49362,50.72552],[7.49378,50.7255],[7.49388,50.7255],[7.49395,50.72551],[7.49402,50.72555],[7.49417,50.72558],[7.49419,50.72558],[7.49426,50.72561],[7.49434,50.72568],[7.49442,50.72572],[7.49456,50.72576],[7.49476,50.72577],[7.49493,50.72582],[7.49566,50.72617],[7.4967,50.72655],[7.49794,50.7266],[7.49805,50.7266],[7.49916,50.72757],[7.49955,50.72788],[7.50049,50.72864],[7.50058,50.72879],[7.50144,50.72999],[7.50274,50.73013],[7.50434,50.73006],[7.50442,50.73005],[7.50649,50.72948],[7.50744,50.7296],[7.50751,50.73047],[7.50768,50.73051],[7.51012,50.73003],[7.51018,50.73001],[7.51144,50.72977],[7.51176,50.7297],[7.51463,50.72929],[7.5153,50.72919],[7.51623,50.72906],[7.51627,50.72906],[7.51631,50.72906],[7.51681,50.72906],[7.51848,50.72908],[7.51906,50.72908],[7.5191,50.72908],[7.51995,50.72908],[7.52006,50.72909],[7.51835,50.73103],[7.51827,50.73109],[7.51819,50.73119],[7.51854,50.73202],[7.51853,50.73207],[7.51849,50.73208],[7.51861,50.73225],[7.51871,50.73245],[7.51879,50.73267],[7.51901,50.73326],[7.51906,50.73344],[7.51914,50.7338],[7.51919,50.73419],[7.51924,50.73419],[7.51939,50.73514],[7.51941,50.73526],[7.51951,50.73556],[7.51952,50.73587],[7.51956,50.73598],[7.51956,50.73605],[7.51956,50.73628],[7.51945,50.73643],[7.5195,50.73666],[7.51945,50.73691],[7.51935,50.73703],[7.51932,50.73708],[7.51926,50.73715],[7.51921,50.73723],[7.51918,50.7373],[7.51917,50.73734],[7.51917,50.73737],[7.52113,50.7365],[7.52192,50.73613],[7.5218,50.73564],[7.52171,50.73525],[7.52135,50.73369],[7.52135,50.73368],[7.52143,50.73359],[7.52143,50.73362],[7.5217,50.73376],[7.52245,50.73417],[7.5241,50.73509],[7.52421,50.73514],[7.52568,50.73601],[7.52615,50.73628],[7.52618,50.7363],[7.52703,50.73677],[7.52706,50.73675],[7.52712,50.73671],[7.52742,50.73687],[7.52808,50.73724],[7.52847,50.73744],[7.52893,50.73768],[7.52952,50.73799],[7.53009,50.73827],[7.53053,50.7385],[7.53107,50.73877],[7.53134,50.73891],[7.53198,50.73919],[7.5325,50.73942],[7.53269,50.7395],[7.53299,50.73963],[7.53372,50.73994],[7.53437,50.74022],[7.5352,50.74058],[7.53554,50.74073],[7.5364,50.7411],[7.53707,50.74138],[7.53775,50.74166],[7.53883,50.74212],[7.53894,50.74214],[7.53936,50.74223],[7.53991,50.74235],[7.54255,50.74295],[7.54547,50.74361],[7.54599,50.74372],[7.54658,50.74384],[7.54886,50.74511],[7.549,50.74518],[7.54973,50.7456],[7.55048,50.74601],[7.55149,50.74657],[7.55172,50.74643],[7.55181,50.74636],[7.55201,50.74622],[7.55246,50.74601],[7.55342,50.74566],[7.55379,50.74533],[7.55392,50.74515],[7.55456,50.74477],[7.55556,50.74434],[7.55559,50.74425],[7.55596,50.74383],[7.55599,50.74381],[7.55642,50.74347],[7.55747,50.74337],[7.55805,50.74326],[7.55839,50.74293],[7.5585,50.74296],[7.55868,50.74297],[7.55995,50.74307],[7.56149,50.74321],[7.56304,50.74336],[7.56393,50.74296],[7.5663,50.74185],[7.56638,50.74186],[7.56771,50.74159],[7.57067,50.74105],[7.57081,50.74102],[7.57401,50.74044],[7.57455,50.74035],[7.57533,50.73989],[7.57585,50.73966],[7.57623,50.73948],[7.57729,50.73901],[7.57773,50.73897],[7.57803,50.73893],[7.57824,50.73888],[7.57848,50.73883],[7.58051,50.73829],[7.58062,50.73823],[7.58066,50.73828],[7.58078,50.73822],[7.58084,50.73832],[7.58087,50.73839],[7.58092,50.73845],[7.58101,50.73851],[7.58111,50.73858],[7.58119,50.73862],[7.58128,50.73867],[7.58138,50.73872],[7.58146,50.73875],[7.58156,50.73875],[7.58163,50.73873],[7.58174,50.73872],[7.58184,50.73872],[7.5819,50.73865],[7.58193,50.73861],[7.58203,50.7386],[7.58216,50.73861],[7.58228,50.73863],[7.58231,50.73864],[7.58242,50.73869],[7.58253,50.73873],[7.58269,50.73876],[7.58282,50.73879],[7.58293,50.73882],[7.58303,50.73885],[7.58314,50.73886],[7.58325,50.73887],[7.58336,50.73887],[7.58345,50.73888],[7.58353,50.73887],[7.58362,50.73885],[7.58369,50.73884],[7.58377,50.7388],[7.58385,50.73877],[7.58395,50.73873],[7.58404,50.7387],[7.58412,50.73868],[7.58421,50.73867],[7.58431,50.73869],[7.58448,50.73876],[7.58469,50.73889],[7.58493,50.73902],[7.58501,50.73908],[7.58505,50.73916],[7.58504,50.73923],[7.58509,50.7393],[7.58517,50.73937],[7.58522,50.73946],[7.58529,50.73952],[7.5854,50.73959],[7.58549,50.73967],[7.58554,50.73972],[7.58564,50.7398],[7.58569,50.73983],[7.58572,50.73985],[7.58581,50.73987],[7.58599,50.73983],[7.58616,50.73979],[7.5863,50.73977],[7.58649,50.73979],[7.58675,50.73983],[7.58698,50.73986],[7.58708,50.73988],[7.58731,50.73992],[7.58741,50.73994],[7.58756,50.73997],[7.58774,50.74001],[7.58796,50.74005],[7.58813,50.74011],[7.58824,50.74017],[7.58838,50.74022],[7.58858,50.74029],[7.58873,50.74035],[7.58886,50.74039],[7.58905,50.74042],[7.58923,50.74046],[7.58926,50.74047],[7.58934,50.74051],[7.58941,50.74059],[7.58944,50.74065],[7.58952,50.74067],[7.58965,50.74069],[7.58988,50.74074],[7.5901,50.7408],[7.59026,50.74086],[7.59045,50.74094],[7.59061,50.74101],[7.59077,50.74109],[7.59092,50.74113],[7.59106,50.74119],[7.59117,50.74121],[7.59123,50.74123],[7.59131,50.74125],[7.59137,50.74127],[7.59143,50.74129],[7.59157,50.74133],[7.59169,50.74135],[7.59181,50.74138],[7.59191,50.74139],[7.59201,50.74142],[7.59204,50.74143],[7.59211,50.74146],[7.5922,50.74151],[7.59221,50.74152],[7.59223,50.74163],[7.59221,50.74169],[7.59222,50.74175],[7.59227,50.74183],[7.59233,50.74189],[7.59241,50.74197],[7.59246,50.74204],[7.59251,50.74211],[7.59259,50.74216],[7.59268,50.74222],[7.59275,50.7423],[7.5928,50.74237],[7.59287,50.74242],[7.59293,50.74247],[7.59297,50.74252],[7.59303,50.74256],[7.5931,50.74263],[7.59321,50.74275],[7.59332,50.74288],[7.59342,50.74298],[7.59347,50.74303],[7.59353,50.74313],[7.59357,50.74321],[7.59359,50.74325],[7.59361,50.74332],[7.59371,50.74341],[7.59385,50.74352],[7.59393,50.74363],[7.59398,50.7437],[7.59403,50.74378],[7.59405,50.74384],[7.5941,50.74392],[7.59417,50.744],[7.59425,50.74409],[7.59435,50.7441],[7.59448,50.74411],[7.59451,50.74418],[7.59455,50.74426],[7.59462,50.74453],[7.59463,50.74458],[7.59466,50.74465],[7.5946,50.74475],[7.5945,50.74482],[7.59455,50.74493],[7.59447,50.74498],[7.59443,50.74501],[7.59444,50.74511],[7.5946,50.74522],[7.59471,50.74526],[7.59485,50.74527],[7.59498,50.74526],[7.59501,50.74537],[7.59496,50.74546],[7.59502,50.74554],[7.59505,50.74558],[7.59516,50.74573],[7.59522,50.7458],[7.59525,50.74589],[7.59525,50.74596],[7.59525,50.74605],[7.59524,50.74616],[7.59521,50.74628],[7.59519,50.74636],[7.59516,50.74651],[7.59505,50.74659],[7.59504,50.74661],[7.59489,50.74668],[7.5948,50.74674],[7.59473,50.74679],[7.59456,50.74689],[7.59439,50.74698],[7.59421,50.74716],[7.59415,50.74721],[7.59412,50.74723],[7.594,50.74731],[7.59384,50.74737],[7.59365,50.74743],[7.59346,50.74748],[7.59332,50.74753],[7.5932,50.74761],[7.5931,50.74769],[7.59304,50.74776],[7.59304,50.74783],[7.59304,50.74792],[7.59302,50.74801],[7.59297,50.7481],[7.59295,50.74818],[7.59296,50.74827],[7.593,50.74837],[7.59302,50.74849],[7.59306,50.74862],[7.59308,50.74868],[7.59312,50.74885],[7.59315,50.74894],[7.59339,50.74904],[7.59374,50.74912],[7.59403,50.74919],[7.59446,50.7493],[7.59461,50.74934],[7.59471,50.74938],[7.59477,50.7494],[7.59482,50.74942],[7.59493,50.74946],[7.59506,50.74953],[7.59517,50.74964],[7.59534,50.74977],[7.59543,50.74987],[7.59551,50.75],[7.59555,50.75018],[7.59556,50.7503],[7.59554,50.7504],[7.5955,50.75047],[7.59547,50.75051],[7.59546,50.75067],[7.59546,50.75078],[7.59548,50.75086],[7.5956,50.75097],[7.59561,50.75109],[7.5955,50.75119],[7.59538,50.75127],[7.59525,50.75132],[7.59511,50.75136],[7.59507,50.75145],[7.59504,50.75158],[7.59496,50.7517],[7.59487,50.75182],[7.59476,50.75193],[7.59459,50.75201],[7.59445,50.75201],[7.59431,50.75202],[7.59419,50.75211],[7.59402,50.75211],[7.59383,50.75217],[7.59362,50.75231],[7.59353,50.7524],[7.59336,50.75242],[7.59321,50.75233],[7.59309,50.75224],[7.59287,50.75225],[7.5928,50.7524],[7.59288,50.7525],[7.59298,50.75261],[7.59305,50.75272],[7.59302,50.75283],[7.59297,50.75291],[7.59289,50.753],[7.59272,50.75309],[7.5925,50.7531],[7.59233,50.75315],[7.59221,50.75319],[7.59206,50.75323],[7.5919,50.7533],[7.59178,50.75335],[7.59163,50.75337],[7.5915,50.75338],[7.59137,50.75342],[7.59143,50.75351],[7.5915,50.75365],[7.59144,50.75378],[7.5913,50.75386],[7.59118,50.75387],[7.59106,50.75392],[7.591,50.75403],[7.59102,50.7542],[7.591,50.75434],[7.59099,50.75444],[7.59109,50.75454],[7.59123,50.75458],[7.59142,50.75464],[7.59141,50.75466],[7.59126,50.75489],[7.59109,50.75505],[7.59085,50.75532],[7.5906,50.75552],[7.59004,50.75597],[7.58974,50.75621],[7.58947,50.75643],[7.5894,50.75652],[7.58938,50.75665],[7.58946,50.7567],[7.58962,50.7567],[7.58973,50.75671],[7.59007,50.75682],[7.59019,50.75689],[7.59031,50.75704],[7.59046,50.75708],[7.59062,50.75712],[7.59096,50.7573],[7.59109,50.75741],[7.59118,50.7575],[7.59132,50.75759],[7.59145,50.75772],[7.59154,50.75786],[7.59158,50.75797],[7.59165,50.75808],[7.5918,50.75818],[7.59199,50.75827],[7.59217,50.75832],[7.59244,50.75833],[7.59261,50.75834],[7.59277,50.75839],[7.59284,50.75844],[7.59284,50.7585],[7.59283,50.75854],[7.59291,50.75861],[7.59302,50.75873],[7.59321,50.75899],[7.5935,50.75933],[7.59374,50.75953],[7.59382,50.75959],[7.59398,50.7597],[7.59428,50.75992],[7.59447,50.76005],[7.59468,50.76016],[7.59479,50.7602],[7.59502,50.76012],[7.5953,50.7601],[7.59585,50.76017],[7.59607,50.76022],[7.59611,50.76026],[7.59616,50.76033],[7.59615,50.76049],[7.59615,50.7606],[7.59616,50.76066],[7.59624,50.76067],[7.59644,50.76062],[7.59653,50.76062],[7.59665,50.76067],[7.59681,50.76075],[7.59696,50.76082],[7.59698,50.76091],[7.5972,50.76095],[7.59733,50.761],[7.59743,50.76092],[7.59747,50.76085],[7.59756,50.76082],[7.59764,50.7609],[7.59771,50.76096],[7.59786,50.76097],[7.59792,50.76098],[7.59781,50.76105],[7.59768,50.76112],[7.5978,50.76122],[7.59785,50.7613],[7.59783,50.76138],[7.5979,50.76151],[7.598,50.76165],[7.59809,50.76175],[7.59813,50.76183],[7.59808,50.76189],[7.59806,50.76193],[7.59787,50.76207],[7.59774,50.76212],[7.59763,50.76214],[7.59749,50.76212],[7.59738,50.76215],[7.59738,50.76223],[7.59738,50.76231],[7.59727,50.76242],[7.59743,50.76246],[7.59758,50.76245],[7.59763,50.76252],[7.59745,50.76262],[7.59732,50.76266],[7.59727,50.76276],[7.5973,50.76283],[7.59719,50.76286],[7.59706,50.76287],[7.59699,50.76298],[7.59693,50.76309],[7.5969,50.76317],[7.59698,50.76333],[7.59705,50.76346],[7.59705,50.76357],[7.59705,50.76365],[7.59712,50.76368],[7.59721,50.7637],[7.59732,50.76372],[7.59741,50.76374],[7.59746,50.76378],[7.5975,50.76382],[7.59757,50.76387],[7.59764,50.76392],[7.59776,50.7641],[7.59786,50.76417],[7.59801,50.7642],[7.59821,50.76419],[7.59826,50.76419],[7.59833,50.76419],[7.59845,50.76425],[7.59849,50.76433],[7.59846,50.76441],[7.59837,50.7645],[7.59846,50.76459],[7.59866,50.76472],[7.59873,50.76483],[7.59878,50.76493],[7.59871,50.76504],[7.59884,50.76512],[7.59886,50.76527],[7.59888,50.76535],[7.59899,50.76537],[7.59912,50.76534],[7.59907,50.76545],[7.59901,50.76556],[7.59902,50.76564],[7.599,50.76576],[7.59894,50.76583],[7.59897,50.76592],[7.59899,50.76603],[7.59895,50.76604],[7.59891,50.76611],[7.59887,50.76619],[7.59859,50.76618],[7.59847,50.76629],[7.59842,50.76636],[7.59846,50.76644],[7.59851,50.76651],[7.59848,50.76661],[7.59857,50.76671],[7.59868,50.76678],[7.59881,50.76676],[7.59893,50.76673],[7.59904,50.76664],[7.59919,50.76658],[7.59931,50.76662],[7.59934,50.7667],[7.5994,50.76681],[7.59948,50.76688],[7.59952,50.76691],[7.5997,50.76704],[7.59992,50.7672],[7.59998,50.76724],[7.60005,50.76727],[7.60009,50.76729],[7.6002,50.76733],[7.60028,50.76735],[7.60034,50.76737],[7.60076,50.76745],[7.60093,50.76754],[7.60109,50.76756],[7.60121,50.76747],[7.60141,50.76742],[7.60159,50.76746],[7.60179,50.76745],[7.60199,50.7674],[7.60215,50.76738],[7.6023,50.76734],[7.6025,50.76717],[7.60254,50.76707],[7.6024,50.767],[7.60237,50.76697],[7.60233,50.76693],[7.6025,50.76685],[7.6026,50.76672],[7.60277,50.76663],[7.60288,50.76661],[7.60305,50.76656],[7.60308,50.76655],[7.60317,50.76648],[7.60331,50.76647],[7.60335,50.76652],[7.60356,50.7666],[7.60376,50.76656],[7.60374,50.76638],[7.60371,50.76628],[7.60387,50.7663],[7.60398,50.76634],[7.6041,50.76639],[7.60421,50.7663],[7.60433,50.76625],[7.60458,50.76622],[7.60473,50.76617],[7.60479,50.76608],[7.60486,50.76608],[7.60496,50.76608],[7.60548,50.7663],[7.60583,50.76644],[7.60598,50.76652],[7.60611,50.76654],[7.60641,50.76677],[7.60652,50.76689],[7.60658,50.76702],[7.60667,50.76715],[7.60674,50.76722],[7.60698,50.76722],[7.60697,50.76737],[7.60696,50.76744],[7.60712,50.76749],[7.60733,50.76757],[7.60739,50.76771],[7.60752,50.76777],[7.60753,50.76777],[7.60753,50.76785],[7.60746,50.76792],[7.60756,50.76802],[7.60744,50.76806],[7.60726,50.76807],[7.60715,50.76815],[7.60698,50.76812],[7.60686,50.76816],[7.60684,50.76817],[7.60706,50.7683],[7.60747,50.7685],[7.60766,50.76857],[7.60799,50.76867],[7.60829,50.76877],[7.60849,50.76879],[7.60869,50.76879],[7.60892,50.76879],[7.609,50.7688],[7.60917,50.76876],[7.60932,50.76871],[7.60946,50.76865],[7.60958,50.76862],[7.60963,50.76861],[7.60975,50.76865],[7.60983,50.76865],[7.61,50.76868],[7.61015,50.7687],[7.61025,50.76872],[7.61029,50.76872],[7.61041,50.76873],[7.61051,50.76874],[7.61062,50.76873],[7.61074,50.76873],[7.61084,50.76872],[7.61097,50.76872],[7.61111,50.76873],[7.61126,50.76874],[7.61136,50.76874],[7.61159,50.76871],[7.61175,50.76871],[7.61188,50.76869],[7.61196,50.76866],[7.61202,50.76863],[7.61207,50.76861],[7.61214,50.76859],[7.61225,50.76857],[7.61236,50.76857],[7.61256,50.76854],[7.6127,50.76851],[7.61294,50.76848],[7.61309,50.76847],[7.61317,50.76846],[7.61318,50.76846],[7.61332,50.76845],[7.61348,50.76845],[7.61364,50.76846],[7.61369,50.76846],[7.61388,50.76848],[7.61407,50.76852],[7.61425,50.76857],[7.61443,50.76864],[7.61465,50.76876],[7.61491,50.76888],[7.61504,50.76896],[7.61519,50.76905],[7.61526,50.76913],[7.61529,50.76917],[7.61534,50.76919],[7.61541,50.76919],[7.61546,50.76922],[7.61558,50.7693],[7.61574,50.76944],[7.61588,50.76956],[7.61599,50.76964],[7.61611,50.76979],[7.61624,50.76996],[7.61636,50.7701],[7.6172,50.77026],[7.6175,50.77035],[7.61762,50.77035],[7.618,50.77017],[7.61839,50.77],[7.61908,50.76975],[7.61941,50.76971],[7.61945,50.76971],[7.62026,50.76955],[7.62054,50.76946],[7.62115,50.76936],[7.6214,50.76929],[7.62162,50.76924],[7.62169,50.7692],[7.62213,50.76934],[7.62262,50.76953],[7.62272,50.76944],[7.62423,50.76957],[7.62493,50.76963],[7.6254,50.76961],[7.62561,50.76961],[7.62598,50.7696],[7.62602,50.76964],[7.62613,50.76961],[7.62652,50.76964],[7.62671,50.76965],[7.62694,50.76964],[7.62724,50.76963],[7.62779,50.76955],[7.62808,50.76947],[7.62822,50.76939],[7.62859,50.76923],[7.62871,50.76917],[7.62884,50.76906],[7.62897,50.76893],[7.62897,50.76891],[7.62899,50.76884],[7.62903,50.76883],[7.62917,50.76877],[7.6293,50.76877],[7.62947,50.76879],[7.62991,50.76885],[7.63047,50.76887],[7.63093,50.76889],[7.63121,50.76891],[7.63173,50.76891],[7.63193,50.76892],[7.63217,50.76896],[7.63253,50.76903],[7.63294,50.76907],[7.63346,50.76914],[7.63374,50.76917],[7.63428,50.76924],[7.63485,50.76931],[7.635,50.76933],[7.63519,50.76938],[7.63554,50.76956],[7.63573,50.76964],[7.63599,50.76974],[7.63622,50.76978],[7.6365,50.76982],[7.63664,50.76985],[7.63684,50.76997],[7.63711,50.77005],[7.63726,50.77011],[7.63743,50.77006],[7.63764,50.77002],[7.63804,50.76993],[7.63867,50.76979],[7.63981,50.76955],[7.63994,50.76953],[7.64017,50.76942],[7.64036,50.76934],[7.64095,50.76903],[7.64157,50.7688],[7.64183,50.76866],[7.64211,50.76857],[7.64227,50.76849],[7.64242,50.76849],[7.64262,50.76848],[7.64272,50.76851],[7.64283,50.7685],[7.64308,50.7686],[7.64325,50.7686],[7.64349,50.7686],[7.64376,50.76858],[7.64376,50.7686],[7.64376,50.76873],[7.64392,50.76883],[7.64412,50.76886],[7.64416,50.76887],[7.64465,50.76892],[7.6447,50.76893],[7.6446,50.76909],[7.64447,50.76936],[7.64439,50.76953],[7.64523,50.76966],[7.64528,50.76967],[7.64528,50.76987],[7.64536,50.77044],[7.64544,50.771],[7.64553,50.77102],[7.64736,50.77046],[7.64831,50.77018],[7.64864,50.77007],[7.64867,50.77011],[7.64992,50.76973],[7.65088,50.76944],[7.6516,50.76922],[7.65295,50.76881],[7.65442,50.76836],[7.65551,50.76803],[7.65572,50.7684],[7.65602,50.76889],[7.65604,50.76893],[7.65585,50.769],[7.6556,50.76905],[7.65543,50.76912],[7.65505,50.76936],[7.65492,50.76941],[7.65475,50.76935],[7.65465,50.76937],[7.65488,50.76985],[7.6549,50.76988],[7.65492,50.76992],[7.65499,50.77003],[7.655,50.77006],[7.65506,50.77015],[7.65627,50.76989],[7.65684,50.76991],[7.65696,50.76991],[7.65717,50.76994],[7.65813,50.77004],[7.65819,50.76998],[7.6584,50.77008],[7.65956,50.77061],[7.65961,50.77064],[7.65964,50.7706],[7.66037,50.77104],[7.66152,50.77176],[7.66239,50.77248],[7.66256,50.77274],[7.66262,50.77306],[7.66262,50.77307],[7.66247,50.77346],[7.66244,50.77353],[7.66238,50.77389],[7.66238,50.77402],[7.66239,50.77406],[7.66231,50.77437],[7.66191,50.77507],[7.66189,50.77511],[7.66175,50.77526],[7.66162,50.77541],[7.66152,50.77551],[7.66144,50.7756],[7.66102,50.77605],[7.66097,50.77612],[7.66068,50.77659],[7.66022,50.77773],[7.65975,50.7789],[7.65958,50.77975],[7.65953,50.78022],[7.65947,50.78068],[7.65943,50.78101],[7.65928,50.78226],[7.65918,50.78279],[7.659,50.7836],[7.65886,50.78412],[7.65874,50.78454],[7.65891,50.78489],[7.65905,50.78502],[7.66112,50.78581],[7.66187,50.78597],[7.66387,50.78612],[7.66595,50.78628],[7.66628,50.78633],[7.66631,50.78633],[7.66666,50.78636],[7.66698,50.7864],[7.66732,50.78643],[7.66765,50.78643],[7.66797,50.78643],[7.66811,50.78641],[7.66824,50.78634],[7.6684,50.78619],[7.66855,50.78603],[7.66871,50.78582],[7.6688,50.78568],[7.66892,50.7855],[7.66905,50.78536],[7.66922,50.78521],[7.66959,50.78487],[7.66999,50.78455],[7.6703,50.78435],[7.67076,50.784],[7.67102,50.78379],[7.67112,50.78372],[7.67144,50.78347],[7.67158,50.78333],[7.67168,50.78323],[7.67189,50.78293],[7.67216,50.78255],[7.67225,50.78242],[7.6724,50.78221],[7.67249,50.78208],[7.67251,50.78202],[7.67255,50.78189],[7.6726,50.78176],[7.67262,50.78167],[7.67278,50.78145],[7.67279,50.78144],[7.67297,50.78122],[7.67301,50.78118],[7.67309,50.78112],[7.67318,50.78104],[7.67333,50.78092],[7.67345,50.78083],[7.67373,50.78093],[7.67402,50.78104],[7.67409,50.78106],[7.67421,50.78111],[7.67437,50.78117],[7.67456,50.78111],[7.67477,50.78105],[7.67496,50.78108],[7.67508,50.78109],[7.67522,50.78105],[7.67532,50.78102],[7.67553,50.78095],[7.67608,50.78075],[7.67634,50.78068],[7.67639,50.7807],[7.6765,50.78073],[7.67694,50.78092],[7.67744,50.78115],[7.67758,50.78123],[7.67766,50.78129],[7.67782,50.78141],[7.67792,50.78153],[7.67795,50.78156],[7.67796,50.78164],[7.67797,50.78171],[7.67798,50.78183],[7.67798,50.78193],[7.67799,50.78212],[7.67797,50.78227],[7.678,50.78234],[7.67805,50.78244],[7.67807,50.78251],[7.67807,50.78259],[7.67807,50.78272],[7.67807,50.78289],[7.67808,50.78298],[7.67811,50.78306],[7.67819,50.7832],[7.67825,50.78327],[7.67829,50.78332],[7.67835,50.78338],[7.67846,50.7835],[7.67847,50.78357],[7.67847,50.78361],[7.67851,50.78371],[7.67863,50.78395],[7.67867,50.78405],[7.67869,50.7841],[7.67866,50.78418],[7.6786,50.78431],[7.67854,50.78444],[7.67851,50.78453],[7.67846,50.78461],[7.67839,50.78471],[7.6783,50.78481],[7.67827,50.78488],[7.67824,50.78496],[7.67818,50.78513],[7.67815,50.7852],[7.67812,50.78523],[7.67808,50.78526],[7.678,50.7853],[7.6779,50.78536],[7.67786,50.7854],[7.67787,50.78545],[7.67787,50.78554],[7.67784,50.78573],[7.6778,50.78591],[7.67779,50.78598],[7.67778,50.78606],[7.67776,50.78614],[7.67768,50.78644],[7.67764,50.7866],[7.67764,50.78676],[7.67791,50.78692],[7.67796,50.78695],[7.67796,50.78701],[7.67804,50.78706],[7.67803,50.78713],[7.67807,50.78713],[7.678,50.78731],[7.67801,50.78733],[7.67802,50.78744],[7.67805,50.78758],[7.67809,50.7877],[7.67779,50.78771],[7.67762,50.78773],[7.67749,50.78776],[7.67747,50.78778],[7.67748,50.78785],[7.67754,50.78811],[7.6776,50.78852],[7.67767,50.78883],[7.6777,50.78901],[7.67775,50.78916],[7.67787,50.78934],[7.67801,50.78949],[7.67813,50.78961],[7.67825,50.78969],[7.67844,50.78978],[7.6788,50.78996],[7.67919,50.79017],[7.67928,50.79024],[7.67932,50.79028],[7.67936,50.79031],[7.67946,50.79031],[7.67958,50.79032],[7.6797,50.79038],[7.6797,50.79046],[7.67957,50.79054],[7.67956,50.79062],[7.67955,50.79067],[7.67959,50.79072],[7.6796,50.79097],[7.67947,50.79123],[7.67948,50.79143],[7.67963,50.79171],[7.67962,50.79182],[7.6797,50.79197],[7.67983,50.79205],[7.67986,50.79209],[7.67985,50.79226],[7.67993,50.79231],[7.68001,50.79235],[7.68016,50.79245],[7.68019,50.79253],[7.68018,50.79262],[7.68021,50.79264],[7.68036,50.79268],[7.68043,50.79279],[7.68053,50.79283],[7.68053,50.79284],[7.68068,50.793],[7.68075,50.79307],[7.68083,50.79312],[7.68093,50.79318],[7.68103,50.79325],[7.6811,50.79331],[7.68117,50.79335],[7.68128,50.79338],[7.6814,50.79341],[7.68154,50.79346],[7.68168,50.79349],[7.68182,50.79351],[7.68193,50.79355],[7.682,50.79362],[7.68207,50.79373],[7.6821,50.79379],[7.68213,50.79382],[7.68219,50.79384],[7.68226,50.79386],[7.6823,50.79389],[7.68241,50.79405],[7.68244,50.79407],[7.68251,50.7941],[7.68264,50.79414],[7.68272,50.79417],[7.68273,50.79425],[7.68273,50.79427],[7.68272,50.79431],[7.68271,50.79435],[7.6827,50.79437],[7.68271,50.79442],[7.68261,50.79445],[7.6824,50.79446],[7.68231,50.79446],[7.68225,50.79453],[7.68221,50.79459],[7.6822,50.79464],[7.68218,50.7947],[7.68218,50.79481],[7.68218,50.7949],[7.68216,50.79495],[7.68213,50.79504],[7.6821,50.79512],[7.68208,50.79519],[7.68208,50.7953],[7.6821,50.79538],[7.68211,50.7955],[7.6821,50.79565],[7.68204,50.79586],[7.68203,50.79594],[7.682,50.79599],[7.68195,50.79603],[7.68194,50.79612],[7.68195,50.79616],[7.68192,50.79627],[7.68192,50.79629],[7.68193,50.79639],[7.68193,50.79645],[7.68186,50.7966],[7.68178,50.79672],[7.6817,50.79679],[7.68164,50.79684],[7.68145,50.79691],[7.68107,50.79704],[7.68086,50.7971],[7.68053,50.79724],[7.68042,50.7973],[7.68026,50.79747],[7.67999,50.79782],[7.67986,50.79802],[7.67985,50.79815],[7.67983,50.79831],[7.67983,50.79844],[7.67983,50.79847],[7.67996,50.79874],[7.6799,50.79887],[7.67958,50.79907],[7.67934,50.79919],[7.67853,50.79957],[7.67832,50.79969],[7.67833,50.79971],[7.67867,50.79994],[7.67866,50.79995],[7.6781,50.80048],[7.67796,50.8007],[7.67766,50.801],[7.67743,50.80112],[7.67738,50.80117],[7.67736,50.8012],[7.67734,50.80123],[7.67733,50.80125],[7.67733,50.80129],[7.6773,50.80132],[7.67726,50.80136],[7.67721,50.8014],[7.67718,50.80141],[7.67714,50.80143],[7.67681,50.80176],[7.6766,50.80191],[7.67621,50.80209],[7.6758,50.80221],[7.6753,50.80225],[7.67502,50.80255],[7.67521,50.80319],[7.67536,50.80349],[7.67558,50.8038],[7.67587,50.8041],[7.67601,50.80447],[7.67608,50.80476],[7.67588,50.80534],[7.67587,50.80551],[7.67556,50.80591],[7.67497,50.80639],[7.67486,50.80667],[7.67498,50.80686],[7.67523,50.80712],[7.67583,50.807],[7.67616,50.80755],[7.6763,50.80829],[7.67742,50.80808],[7.67825,50.80868],[7.67797,50.8092],[7.67797,50.80923],[7.67813,50.80922],[7.67827,50.80922],[7.67843,50.80921],[7.67856,50.8092],[7.67859,50.80919],[7.67858,50.80917],[7.67893,50.80958],[7.67895,50.8096],[7.67884,50.80968],[7.6787,50.80977],[7.67838,50.80998],[7.67804,50.81022],[7.67775,50.81041],[7.6777,50.81044],[7.67742,50.81061],[7.67738,50.81063],[7.67713,50.81076],[7.67689,50.81087],[7.67658,50.81099],[7.67615,50.81114],[7.67564,50.81134],[7.67532,50.81145],[7.67514,50.81155],[7.67503,50.81165],[7.67493,50.81177],[7.67488,50.81187],[7.67481,50.81204],[7.67474,50.81221],[7.67464,50.81234],[7.67452,50.81245],[7.67438,50.81254],[7.67424,50.81263],[7.67407,50.81272],[7.6738,50.81284],[7.67378,50.81282],[7.67376,50.8128],[7.67335,50.81301],[7.67302,50.81317],[7.67288,50.81322],[7.67273,50.81326],[7.67261,50.81329],[7.67244,50.8133],[7.67228,50.81329],[7.67213,50.81328],[7.67199,50.81326],[7.67181,50.81324],[7.67161,50.81323],[7.67143,50.81322],[7.67127,50.81322],[7.67115,50.81322],[7.67104,50.81324],[7.6709,50.81327],[7.67079,50.81331],[7.67067,50.81337],[7.6706,50.81342],[7.67053,50.81346],[7.67045,50.81352],[7.6704,50.81359],[7.67036,50.81365],[7.67031,50.81372],[7.67027,50.81379],[7.67025,50.81386],[7.67023,50.81395],[7.67021,50.81404],[7.6702,50.81416],[7.6702,50.81425],[7.67018,50.81432],[7.67015,50.81437],[7.67011,50.81442],[7.67007,50.81446],[7.66998,50.81453],[7.66987,50.81459],[7.66973,50.81467],[7.66961,50.81474],[7.66948,50.81481],[7.66936,50.81487],[7.66925,50.81492],[7.66918,50.81495],[7.66907,50.81499],[7.66892,50.81506],[7.66878,50.81512],[7.66856,50.81519],[7.66835,50.81528],[7.66827,50.81531],[7.66801,50.8154],[7.66787,50.81545],[7.66784,50.81546],[7.6678,50.81547],[7.66749,50.81557],[7.66688,50.81577],[7.66645,50.81587],[7.66589,50.81604],[7.6651,50.8163],[7.66483,50.81641],[7.66459,50.81648],[7.66445,50.81652],[7.66431,50.81657],[7.66406,50.81663],[7.66376,50.8167],[7.66353,50.81676],[7.66337,50.81679],[7.66303,50.81687],[7.66298,50.81688],[7.66299,50.8169],[7.6629,50.81705],[7.66269,50.8173],[7.66245,50.81759],[7.66212,50.81796],[7.66195,50.81807],[7.66172,50.81823],[7.6609,50.81873],[7.66065,50.8189],[7.66057,50.81896],[7.66026,50.81929],[7.65967,50.81987],[7.65958,50.81996],[7.65933,50.82021],[7.6596,50.82009],[7.66011,50.82018],[7.66088,50.82031],[7.6611,50.82028],[7.66141,50.82019],[7.6617,50.82012],[7.66231,50.82008],[7.6628,50.82003],[7.6631,50.81998],[7.66342,50.82012],[7.66401,50.82028],[7.66427,50.82029],[7.6648,50.82034],[7.66498,50.82035],[7.66512,50.82036],[7.66554,50.82044],[7.66558,50.82045],[7.66576,50.82046],[7.66605,50.82049],[7.66639,50.8205],[7.66648,50.82048],[7.667,50.8196],[7.66741,50.81919],[7.66751,50.81916],[7.66785,50.81908],[7.66804,50.8191],[7.66825,50.81903],[7.66835,50.81893],[7.66843,50.81885],[7.66847,50.81877],[7.6685,50.81871],[7.6686,50.81867],[7.66888,50.81867],[7.66901,50.81866],[7.66912,50.81865],[7.66916,50.81863],[7.66922,50.81862],[7.66929,50.81862],[7.66938,50.81861],[7.66944,50.81858],[7.66963,50.81861],[7.66979,50.81867],[7.66993,50.81873],[7.67003,50.81876],[7.67014,50.81883],[7.67039,50.81898],[7.67042,50.81904],[7.67044,50.8191],[7.67048,50.81913],[7.67057,50.81917],[7.67063,50.81923],[7.67069,50.81927],[7.67086,50.81931],[7.67096,50.81936],[7.6712,50.81949],[7.67127,50.81951],[7.67136,50.8195],[7.67151,50.81947],[7.67155,50.81947],[7.6716,50.81948],[7.67176,50.81958],[7.67183,50.8196],[7.67221,50.81963],[7.67231,50.81963],[7.67239,50.81959],[7.67249,50.81959],[7.67258,50.81957],[7.67264,50.81957],[7.67271,50.81953],[7.6728,50.81944],[7.67283,50.81939],[7.67289,50.81937],[7.67294,50.81934],[7.67296,50.8193],[7.67303,50.81926],[7.67307,50.81922],[7.67315,50.81916],[7.67327,50.81915],[7.67333,50.81914],[7.67347,50.8191],[7.67358,50.81901],[7.67364,50.81901],[7.67374,50.81901],[7.67387,50.81904],[7.67393,50.81902],[7.674,50.81901],[7.67409,50.81902],[7.67418,50.819],[7.6743,50.819],[7.67451,50.819],[7.67458,50.81903],[7.67467,50.81905],[7.67474,50.81907],[7.67487,50.81911],[7.67489,50.81912],[7.67497,50.81916],[7.67507,50.81918],[7.67509,50.81923],[7.67515,50.81927],[7.6752,50.81931],[7.67533,50.81938],[7.67541,50.81942],[7.6755,50.81943],[7.67557,50.81944],[7.6756,50.81945],[7.6757,50.81945],[7.67578,50.81948],[7.67585,50.81948],[7.67596,50.81947],[7.67603,50.81948],[7.6761,50.81949],[7.67615,50.81948],[7.67625,50.81951],[7.67632,50.81953],[7.6764,50.81953],[7.67643,50.81957],[7.67647,50.81961],[7.67655,50.81964],[7.67682,50.81972],[7.67694,50.81975],[7.67696,50.81975],[7.67705,50.81979],[7.6773,50.81987],[7.67741,50.81988],[7.67755,50.81988],[7.67759,50.81988],[7.67767,50.81988],[7.67785,50.81989],[7.67794,50.81989],[7.67797,50.8199],[7.67803,50.81993],[7.67809,50.81997],[7.67814,50.82002],[7.6783,50.82009],[7.67829,50.82015],[7.67831,50.82018],[7.67838,50.82018],[7.67843,50.82024],[7.67852,50.8203],[7.67863,50.82023],[7.67874,50.82025],[7.67877,50.82035],[7.67882,50.82042],[7.67895,50.8204],[7.67906,50.82038],[7.67915,50.82034],[7.67926,50.82036],[7.67936,50.82035],[7.67947,50.82045],[7.67954,50.82047],[7.67958,50.82045],[7.67963,50.82042],[7.6797,50.82044],[7.67968,50.82048],[7.67973,50.8205],[7.67977,50.82049],[7.67981,50.82048],[7.67986,50.82048],[7.67996,50.82045],[7.68011,50.8205],[7.68031,50.82051],[7.6804,50.82048],[7.68044,50.82049],[7.68064,50.82057],[7.68084,50.82069],[7.68102,50.82075],[7.68111,50.82077],[7.68119,50.8208],[7.68134,50.82086],[7.68144,50.82088],[7.68148,50.82091],[7.68152,50.82093],[7.68157,50.82092],[7.68161,50.8209],[7.68164,50.82092],[7.68167,50.82095],[7.68176,50.82097],[7.68188,50.82106],[7.68193,50.82108],[7.68198,50.82109],[7.68204,50.82114],[7.68217,50.82114],[7.68225,50.8212],[7.68232,50.82123],[7.68244,50.82124],[7.68256,50.82125],[7.68269,50.82126],[7.68305,50.82138],[7.6834,50.8215],[7.68357,50.82156],[7.68386,50.82165],[7.68423,50.82178],[7.68453,50.82171],[7.68562,50.82201],[7.68576,50.82221],[7.6858,50.82229],[7.68582,50.82229],[7.68757,50.8221],[7.68758,50.82219],[7.68752,50.82263],[7.6887,50.82287],[7.68877,50.8229],[7.68884,50.82296],[7.68895,50.82298],[7.68905,50.823],[7.69001,50.82318],[7.69092,50.8234],[7.69153,50.82353],[7.69267,50.82382],[7.69296,50.82387],[7.69311,50.8239],[7.6938,50.82407],[7.6972,50.82486],[7.69826,50.82511],[7.69994,50.82549],[7.70015,50.82555],[7.70186,50.82674],[7.70337,50.82778],[7.70427,50.82841],[7.70457,50.82862],[7.7048,50.82877],[7.70538,50.82917],[7.70562,50.82934],[7.7057,50.82939],[7.70604,50.82964],[7.70596,50.8311],[7.70593,50.83139],[7.70592,50.83172],[7.70589,50.83232],[7.70583,50.83334],[7.70583,50.83352],[7.70586,50.83364],[7.70598,50.83368],[7.70632,50.83377],[7.70641,50.83379],[7.70646,50.83381],[7.70653,50.83385],[7.70658,50.83386],[7.70666,50.83387],[7.70673,50.83388],[7.70681,50.83389],[7.70695,50.83394],[7.70703,50.83396],[7.70709,50.83397],[7.70719,50.83399],[7.70724,50.83401],[7.7073,50.83403],[7.70733,50.83404],[7.7074,50.83404],[7.70751,50.83407],[7.7077,50.83412],[7.70774,50.83413],[7.70793,50.8342],[7.70801,50.83424],[7.70814,50.83427],[7.70838,50.83431],[7.70861,50.83433],[7.70887,50.83436],[7.70918,50.83438],[7.70927,50.83439],[7.70934,50.83439],[7.70942,50.83438],[7.70964,50.83437],[7.70973,50.83436],[7.70977,50.83437],[7.70982,50.83438],[7.70988,50.83439],[7.70992,50.83438],[7.71002,50.83436],[7.71008,50.83436],[7.71021,50.83435],[7.71042,50.83433],[7.71068,50.8343],[7.71093,50.83427],[7.71103,50.83425],[7.71122,50.83418],[7.71141,50.8341],[7.71151,50.83407],[7.7116,50.83405],[7.71177,50.83404],[7.71186,50.83403],[7.71194,50.83401],[7.71204,50.83397],[7.7121,50.83396],[7.71217,50.83394],[7.71224,50.8339],[7.71237,50.8338],[7.71243,50.83377],[7.7125,50.83375],[7.71259,50.83374],[7.71279,50.83372],[7.71283,50.83372],[7.71309,50.8337],[7.71313,50.83369],[7.71317,50.83368],[7.71322,50.83364],[7.71325,50.83362],[7.71328,50.83362],[7.71333,50.8336],[7.71336,50.83359],[7.71339,50.83384],[7.71345,50.8343],[7.71363,50.83575],[7.71383,50.83754],[7.71398,50.83866],[7.71405,50.83924],[7.71414,50.84015],[7.71417,50.84025],[7.71424,50.84058],[7.71849,50.84214],[7.71947,50.8425],[7.71998,50.84268],[7.72112,50.84309],[7.72175,50.84335],[7.72202,50.84358],[7.72382,50.84537],[7.72441,50.84596],[7.72576,50.84728],[7.72888,50.85035],[7.72931,50.85078],[7.72986,50.85131],[7.73008,50.85103],[7.7302,50.85092],[7.73029,50.85084],[7.73034,50.85079],[7.73035,50.85077],[7.73041,50.85066],[7.73044,50.85056],[7.73047,50.85047],[7.73052,50.85039],[7.73069,50.85027],[7.73116,50.84997],[7.73141,50.8498],[7.73132,50.84967],[7.7313,50.84966],[7.7317,50.84935],[7.73195,50.84913],[7.73234,50.84895],[7.73283,50.8488],[7.73344,50.84864],[7.73366,50.84854],[7.73381,50.84847],[7.73398,50.84834],[7.73411,50.84827],[7.73429,50.84818],[7.73463,50.848],[7.73473,50.848],[7.73524,50.84783],[7.7354,50.84777],[7.73554,50.84769],[7.73571,50.84759],[7.73572,50.84759],[7.73598,50.84762],[7.73652,50.84726],[7.73676,50.84722],[7.7371,50.84721],[7.73735,50.84719],[7.73809,50.84716],[7.73961,50.84709],[7.742,50.84699],[7.74208,50.84699],[7.74553,50.84684],[7.7467,50.84678],[7.74675,50.84677],[7.74791,50.84644],[7.74945,50.84598],[7.75056,50.84565],[7.75235,50.84513],[7.75238,50.84515],[7.75258,50.84507],[7.75338,50.84483],[7.75349,50.84479],[7.75347,50.84477],[7.75407,50.84461],[7.75437,50.84453],[7.75803,50.84345],[7.75905,50.84392],[7.75924,50.84395],[7.75932,50.84396],[7.75936,50.84397],[7.75947,50.84399],[7.75951,50.844],[7.75956,50.84401],[7.75968,50.84401],[7.75971,50.84402],[7.75978,50.84403],[7.75983,50.84405],[7.75987,50.84405],[7.75991,50.84406],[7.76008,50.8441],[7.76028,50.84414],[7.76046,50.84417],[7.7605,50.84418],[7.76072,50.84424],[7.76084,50.84427],[7.76107,50.84432],[7.76116,50.84433],[7.76138,50.84433],[7.76265,50.84466],[7.76251,50.84489],[7.76226,50.84511],[7.76169,50.84533],[7.76173,50.84541],[7.7614,50.84562],[7.76122,50.84568],[7.76103,50.84579],[7.76093,50.84592],[7.76088,50.84599],[7.76068,50.84643],[7.76066,50.84653],[7.76085,50.84684],[7.76093,50.84703],[7.76088,50.84723],[7.76093,50.8473],[7.76103,50.84746],[7.76099,50.84746],[7.76096,50.84758],[7.76093,50.84768],[7.76097,50.84769],[7.76085,50.84792],[7.76076,50.84814],[7.76062,50.84822],[7.7606,50.84826],[7.76057,50.84829],[7.76054,50.84831],[7.7605,50.84834],[7.76046,50.84835],[7.76042,50.84837],[7.76037,50.84839],[7.7603,50.84842],[7.76029,50.84842],[7.76019,50.84847],[7.76017,50.84847],[7.76012,50.84849],[7.75986,50.84861],[7.75982,50.84863],[7.75973,50.84864],[7.75965,50.84865],[7.75958,50.84864],[7.75808,50.84887],[7.75767,50.84893],[7.75637,50.84911],[7.75425,50.84943],[7.75177,50.8498],[7.75185,50.84983],[7.75197,50.84988],[7.7521,50.84995],[7.75225,50.85001],[7.75246,50.85008],[7.75269,50.85017],[7.75298,50.85028],[7.75324,50.85036],[7.75364,50.85051],[7.75395,50.85061],[7.75445,50.85076],[7.75465,50.85083],[7.7548,50.85088],[7.75494,50.85094],[7.75507,50.851],[7.75509,50.85102],[7.75515,50.85105],[7.75517,50.85105],[7.75526,50.8511],[7.75536,50.85116],[7.75547,50.85124],[7.7556,50.85133],[7.75577,50.85147],[7.75585,50.85154],[7.75645,50.85205],[7.75733,50.85276],[7.75737,50.85281],[7.75748,50.85294],[7.75779,50.85333],[7.75792,50.85348],[7.75817,50.85369],[7.7584,50.85379],[7.75887,50.85389],[7.75921,50.8539],[7.75975,50.85377],[7.76034,50.85374],[7.76073,50.85377],[7.76123,50.85387],[7.76149,50.85396],[7.76174,50.85413],[7.76207,50.85451],[7.76216,50.85459],[7.76223,50.85466],[7.76257,50.85487],[7.7632,50.85513],[7.76579,50.85606],[7.76593,50.85616],[7.76637,50.85653],[7.76643,50.85656],[7.7664,50.85658],[7.76607,50.85672],[7.76592,50.85679],[7.76493,50.85715],[7.76483,50.85719],[7.76399,50.8575],[7.76349,50.858],[7.76325,50.85825],[7.76323,50.85827],[7.76131,50.86019],[7.76029,50.86121],[7.76011,50.8614],[7.75973,50.8618],[7.75778,50.86197],[7.75709,50.86203],[7.7557,50.86261],[7.75569,50.86272],[7.7556,50.86335],[7.75559,50.86342],[7.75554,50.86379],[7.75534,50.8641],[7.75475,50.86504],[7.75401,50.8654],[7.75372,50.86545],[7.7532,50.86553],[7.75316,50.86553],[7.75307,50.86558],[7.75255,50.86585],[7.75164,50.86615],[7.75145,50.86627],[7.75024,50.86665],[7.74966,50.86686],[7.74932,50.86699],[7.74888,50.86703],[7.74849,50.86709],[7.74839,50.8671],[7.74834,50.8671],[7.7483,50.86711],[7.74839,50.86729],[7.74842,50.8674],[7.74847,50.86758],[7.7485,50.86767],[7.74854,50.8678],[7.7486,50.8679],[7.74865,50.86797],[7.74868,50.86801],[7.74868,50.86804],[7.74866,50.86806],[7.74865,50.86812],[7.74866,50.86818],[7.74879,50.86835],[7.74885,50.86839],[7.74905,50.8686],[7.74969,50.86922],[7.74999,50.8695],[7.75006,50.86956],[7.75014,50.86971],[7.75014,50.86978],[7.75025,50.86988],[7.75035,50.86996],[7.75045,50.87003],[7.75079,50.8703],[7.75103,50.87064],[7.75117,50.87086],[7.75126,50.87092],[7.75148,50.87103],[7.75164,50.8711],[7.75173,50.87118],[7.7519,50.8714],[7.75195,50.87153],[7.75214,50.87213],[7.75219,50.87246],[7.75222,50.87265],[7.75228,50.87295],[7.75236,50.87332],[7.75241,50.87347],[7.75246,50.87363],[7.75248,50.87381],[7.75255,50.87396],[7.75252,50.87414],[7.75249,50.87437],[7.75257,50.87456],[7.75276,50.87497],[7.75291,50.87517],[7.75297,50.87525],[7.75301,50.87531],[7.75431,50.87602],[7.75482,50.87626],[7.7553,50.87651],[7.75598,50.87677],[7.75618,50.87683],[7.75622,50.87698],[7.75643,50.87734],[7.75645,50.87738],[7.75716,50.87772],[7.75773,50.87805],[7.75807,50.87829],[7.75812,50.87845],[7.75831,50.87904],[7.75858,50.87934],[7.75861,50.8799],[7.75861,50.87992],[7.75772,50.88117],[7.75622,50.88349],[7.75557,50.88449],[7.75395,50.88697],[7.75295,50.88851],[7.75298,50.88866],[7.75313,50.88946],[7.75349,50.89141],[7.75351,50.89148],[7.75333,50.89255],[7.75327,50.89277],[7.75508,50.89346],[7.75654,50.89402],[7.75678,50.89413],[7.75695,50.8942],[7.75705,50.89438],[7.75802,50.89623],[7.76014,50.90025],[7.75974,50.90097],[7.75899,50.90231],[7.7587,50.90283],[7.75778,50.90309],[7.7561,50.90358],[7.75502,50.90389],[7.75366,50.90428],[7.75191,50.90479],[7.75182,50.90482],[7.75129,50.90497],[7.75048,50.90574],[7.75043,50.90573],[7.7495,50.90562],[7.74878,50.90553],[7.74786,50.90542],[7.74623,50.90521],[7.7452,50.90508],[7.74492,50.90505],[7.74503,50.90544],[7.74528,50.90641],[7.74534,50.90656],[7.74569,50.90784],[7.74586,50.90845],[7.74621,50.90972],[7.74645,50.91063],[7.74666,50.91136],[7.74686,50.91219],[7.74689,50.91228],[7.74691,50.91234],[7.74637,50.91254],[7.74523,50.91299],[7.74433,50.91332],[7.74395,50.91347],[7.74367,50.91357],[7.74317,50.91376],[7.74298,50.91383],[7.74286,50.91388],[7.74244,50.91399],[7.7411,50.91435],[7.74015,50.9146],[7.73852,50.91502],[7.73825,50.91509],[7.73787,50.91519],[7.73722,50.91536],[7.73673,50.91549],[7.73597,50.91569],[7.73582,50.91573],[7.73558,50.91651],[7.73549,50.91679],[7.73544,50.91691],[7.73545,50.91715],[7.73544,50.91734],[7.73536,50.91741],[7.73524,50.91753],[7.73519,50.91762],[7.7355,50.91771],[7.73564,50.91774],[7.73679,50.91808],[7.74052,50.91916],[7.7412,50.91935],[7.74247,50.91971],[7.74323,50.91964],[7.74375,50.91959],[7.74433,50.91953],[7.74563,50.91939],[7.74612,50.91933],[7.74704,50.91923],[7.74712,50.91922],[7.74749,50.91917],[7.74755,50.91916],[7.74785,50.91914],[7.749,50.91907],[7.74955,50.91903],[7.75003,50.919],[7.75091,50.91934],[7.75214,50.91982],[7.75263,50.92001],[7.75273,50.92005],[7.75476,50.92084],[7.75483,50.92087],[7.75613,50.92137],[7.75658,50.92155],[7.75688,50.92166],[7.7573,50.92183],[7.75899,50.9225],[7.7603,50.92301],[7.7617,50.92356],[7.76196,50.92366],[7.76281,50.92399],[7.76312,50.92412],[7.76463,50.92474],[7.7673,50.92587],[7.76854,50.92638],[7.77101,50.92739],[7.77304,50.92823],[7.77565,50.92931],[7.77623,50.92955],[7.77639,50.92961],[7.77703,50.9303],[7.77861,50.932],[7.77932,50.93278],[7.77969,50.93318],[7.78066,50.93424],[7.78092,50.93451],[7.78108,50.93469]]]]}}]}
